time,temperature
1721884420.101,27.37,
1721884421.096,27.37,
1721884422.115,27.37,
1721884423.641,27.37,
1721884424.621,27.37,
1721884425.126,28.86,
1721884427.105,28.86,
1721884428.591,28.86,
1721884429.094,28.86,
1721884430.096,28.86,
1721884431.571,28.86,
1721884433.068,28.86,
1721884434.566,28.86,
1721884435.063,29.28,
1721884436.544,29.28,
1721884437.043,29.28,
1721884438.034,29.28,
1721884439.507,29.28,
1721884441.019,29.28,
1721884442.004,29.28,
1721884442.976,29.28,
1721884444.011,29.28,
1721884445.013,34.46,
1721884446.021,34.46,
1721884447.004,34.46,
1721884447.992,34.46,
1721884449.493,34.46,
1721884449.983,34.46,
1721884452.477,34.46,
1721884455.02,34.06,
1721884456.019,34.06,
1721884457.006,34.06,
1721884458.013,34.06,
1721884459.029,34.06,
1721884460.026,34.06,
1721884461.544,34.06,
1721884462.541,34.06,
1721884463.032,34.06,
1721884464.551,34.06,
1721884465.06,34.47,
1721884466.061,34.47,
1721884467.064,34.47,
1721884468.042,34.47,
1721884469.047,34.47,
1721884470.541,34.47,
1721884471.53,34.47,
1721884472.041,34.47,
1721884473.028,34.47,
1721884474.042,34.47,
1721884476.046,34.98,
1721884479.057,34.98,
1721884480.045,34.98,
1721884481.02,34.98,
1721884482.536,34.98,
1721884483.539,34.98,
1721884484.543,34.98,
1721884485.538,35.07,
1721884486.036,35.07,
1721884487.535,35.07,
1721884488.548,35.07,
1721884490.054,35.07,
1721884491.53,35.07,
1721884492.505,35.07,
1721884493.487,35.07,
1721884493.988,35.07,
1721884494.974,35.07,
1721884496.983,35.32,
1721884497.987,35.32,
1721884498.968,35.32,
1721884499.963,35.32,
1721884501.469,35.32,
1721884502.481,35.32,
1721884502.967,35.32,
1721884504.466,35.32,
1721884504.968,35.32,
1721884507.492,35.41,
1721884507.991,35.41,
1721884509.493,35.41,
1721884509.98,35.41,
1721884510.986,35.41,
1721884511.964,35.41,
1721884512.982,35.41,
1721884513.978,35.41,
1721884514.963,35.41,
1721884516.446,35.54,
1721884517.455,35.54,
1721884517.96,35.54,
1721884518.962,35.54,
1721884519.932,35.54,
1721884521.452,35.54,
1721884521.973,35.54,
1721884522.969,35.54,
1721884524.961,35.54,
1721884526.928,35.56,
1721884528.414,35.56,
1721884528.904,35.56,
1721884529.897,35.56,
1721884530.89,35.56,
1721884531.892,35.56,
1721884532.885,35.56,
1721884534.373,35.56,
1721884534.858,35.56,
1721884535.859,35.67,
1721884536.847,35.67,
1721884537.854,35.67,
1721884538.849,35.67,
1721884539.869,35.67,
1721884540.862,35.67,
1721884541.846,35.67,
1721884542.811,35.67,
1721884543.823,35.67,
1721884545.352,35.67,
1721884545.857,35.7,
1721884546.868,35.7,
1721884548.369,35.7,
1721884548.855,35.7,
1721884550.324,35.7,
1721884550.815,35.7,
1721884552.81,35.7,
1721884553.783,35.7,
1721884555.798,35.77,
1721884556.768,35.77,
1721884558.275,35.77,
1721884558.782,35.77,
1721884560.289,35.77,
1721884560.789,35.77,
1721884561.789,35.77,
1721884562.79,35.77,
1721884564.257,35.77,
1721884564.743,35.77,
1721884565.731,35.79,
1721884568.673,35.79,
1721884569.672,35.79,
1721884570.691,35.79,
1721884571.693,35.79,
1721884572.703,35.79,
1721884573.686,35.79,
1721884577.717,35.8,
1721884578.719,35.8,
1721884581.249,35.8,
1721884581.743,35.8,
1721884582.751,35.8,
1721884583.752,35.8,
1721884584.768,35.8,
1721884585.756,35.89,
1721884587.73,35.89,
1721884586.74,35.89,
1721884588.768,35.89,
1721884589.782,35.89,
1721884590.782,35.89,
1721884591.778,35.89,
1721884592.774,35.89,
1721884593.754,35.89,
1721884595.246,35.89,
1721884595.745,35.88,
1721884597.25,35.88,
1721884597.738,35.88,
1721884598.722,35.88,
1721884599.726,35.88,
1721884600.734,35.88,
1721884601.698,35.88,
1721884602.662,35.88,
1721884603.669,35.88,
1721884605.163,35.88,
1721884605.659,35.9,
1721884607.136,35.9,
1721884608.642,35.9,
1721884609.668,35.9,
1721884610.673,35.9,
1721884611.685,35.9,
1721884612.664,35.9,
1721884613.689,35.9,
1721884614.689,35.9,
1721884615.705,35.92,
1721884616.73,35.92,
1721884617.711,35.92,
1721884618.719,35.92,
1721884620.206,35.92,
1721884620.709,35.92,
1721884621.698,35.92,
1721884622.701,35.92,
1721884623.692,35.92,
1721884624.697,35.92,
1721884625.721,35.89,
1721884627.699,35.89,
1721884628.685,35.89,
1721884631.14,35.89,
1721884631.646,35.89,
1721884632.632,35.89,
1721884633.632,35.89,
1721884634.617,35.89,
1721884635.615,35.97,
1721884636.612,35.97,
1721884638.1,35.97,
1721884639.1,35.97,
1721884640.097,35.97,
1721884640.59,35.97,
1721884642.116,35.97,
1721884643.104,35.97,
1721884643.6,35.97,
1721884644.57,35.97,
1721884646.051,36.0,
1721884646.55,36.0,
1721884647.552,36.0,
1721884648.544,36.0,
1721884649.541,36.0,
1721884651.03,36.0,
1721884652.523,36.0,
1721884654.016,36.0,
1721884655.024,36.0,
1721884656.53,36.01,
1721884658.047,36.01,
1721884658.545,36.01,
1721884659.54,36.01,
1721884661.029,36.01,
1721884662.503,36.01,
1721884663.507,36.01,
1721884664.499,36.01,
1721884665.473,36.01,
1721884666.467,36.01,
1721884667.46,36.01,
1721884669.441,36.01,
1721884670.414,36.01,
1721884671.382,36.01,
1721884672.392,36.01,
1721884673.398,36.01,
1721884674.387,36.01,
1721884675.363,36.0,
1721884677.333,36.0,
1721884678.846,36.0,
1721884679.34,36.0,
1721884680.349,36.0,
1721884681.349,36.0,
1721884682.359,36.0,
1721884683.819,36.0,
1721884684.31,36.0,
1721884685.3,35.98,
1721884686.309,35.98,
1721884687.332,35.98,
1721884688.327,35.98,
1721884689.329,35.98,
1721884690.317,35.98,
1721884691.818,35.98,
1721884693.317,35.98,
1721884694.334,35.98,
1721884695.317,36.0,
1721884696.33,36.0,
1721884697.342,36.0,
1721884698.872,36.0,
1721884699.356,36.0,
1721884700.347,36.0,
1721884702.345,36.0,
1721884704.823,36.0,
1721884705.325,36.02,
1721884706.337,36.02,
1721884707.35,36.02,
1721884708.352,36.02,
1721884709.346,36.02,
1721884710.336,36.02,
1721884711.313,36.02,
1721884712.307,36.02,
1721884714.288,36.02,
1721884715.291,36.0,
1721884716.269,36.0,
1721884717.265,36.0,
1721884718.242,36.0,
1721884719.213,36.0,
1721884720.694,36.0,
1721884722.192,36.0,
1721884724.175,36.0,
1721884725.16,35.98,
1721884726.154,35.98,
1721884727.635,35.98,
1721884728.126,35.98,
1721884729.129,35.98,
1721884730.145,35.98,
1721884731.141,35.98,
1721884732.146,35.98,
1721884733.148,35.98,
1721884734.133,35.98,
1721884735.114,36.03,
1721884736.128,36.03,
1721884737.109,36.03,
1721884738.078,36.03,
1721884740.076,36.03,
1721884742.582,36.03,
1721884743.591,36.03,
1721884744.562,36.03,
1721884745.55,36.03,
1721884746.041,36.03,
1721884747.512,36.03,
1721884748.005,36.03,
1721884749.007,36.03,
1721884749.982,36.03,
1721884750.961,36.03,
1721884752.94,36.03,
1721884753.946,36.03,
1721884755.906,36.06,
1721884757.808,36.06,
1721884759.332,36.06,
1721884759.825,36.06,
1721884760.816,36.06,
1721884763.3,36.06,
1721884763.805,36.06,
1721884765.284,36.06,
1721884765.78,36.08,
1721884766.782,36.08,
1721884767.775,36.08,
1721884768.787,36.08,
1721884770.791,36.08,
1721884771.818,36.08,
1721884772.817,36.08,
1721884773.812,36.08,
1721884774.807,36.08,
1721884775.822,36.05,
1721884777.317,36.05,
1721884777.833,36.05,
1721884779.341,36.05,
1721884779.846,36.05,
1721884780.845,36.05,
1721884781.841,36.05,
1721884782.848,36.05,
1721884783.849,36.05,
1721884785.351,36.05,
1721884786.35,36.05,
1721884787.366,36.05,
1721884787.858,36.05,
1721884788.86,36.05,
1721884789.854,36.05,
1721884791.847,36.05,
1721884792.852,36.05,
1721884793.843,36.05,
1721884794.854,36.05,
1721884796.342,36.04,
1721884796.84,36.04,
1721884797.839,36.04,
1721884799.821,36.04,
1721884800.823,36.04,
1721884801.834,36.04,
1721884803.331,36.04,
1721884803.833,36.04,
1721884804.83,36.04,
1721884805.826,36.02,
1721884807.321,36.02,
1721884807.82,36.02,
1721884808.825,36.02,
1721884809.815,36.02,
1721884810.814,36.02,
1721884812.312,36.02,
1721884813.32,36.02,
1721884814.791,36.02,
1721884815.777,36.05,
1721884816.779,36.05,
1721884818.286,36.05,
1721884818.785,36.05,
1721884819.801,36.05,
1721884820.822,36.05,
1721884821.82,36.05,
1721884822.791,36.05,
1721884824.776,36.05,
1721884826.779,36.05,
1721884828.271,36.05,
1721884829.295,36.05,
1721884829.788,36.05,
1721884831.305,36.05,
1721884831.81,36.05,
1721884832.837,36.05,
1721884833.826,36.05,
1721884834.822,36.05,
1721884835.812,36.08,
1721884837.288,36.08,
1721884838.775,36.08,
1721884840.252,36.08,
1721884840.738,36.08,
1721884842.25,36.08,
1721884842.764,36.08,
1721884843.765,36.08,
1721884845.271,36.08,
1721884846.748,36.01,
1721884847.742,36.01,
1721884849.728,36.01,
1721884853.724,36.01,
1721884856.165,36.05,
1721884856.66,36.05,
1721884857.662,36.05,
1721884858.655,36.05,
1721884860.136,36.05,
1721884860.64,36.05,
1721884861.648,36.05,
1721884863.607,36.05,
1721884865.104,36.05,
1721884866.096,36.08,
1721884866.602,36.08,
1721884868.125,36.08,
1721884868.628,36.08,
1721884869.624,36.08,
1721884870.623,36.08,
1721884872.104,36.08,
1721884872.603,36.08,
1721884873.598,36.08,
1721884875.078,36.08,
1721884875.582,36.06,
1721884878.089,36.06,
1721884878.597,36.06,
1721884879.61,36.06,
1721884880.608,36.06,
1721884882.102,36.06,
1721884882.608,36.06,
1721884884.081,36.06,
1721884884.577,36.06,
1721884885.574,36.06,
1721884886.572,36.06,
1721884887.588,36.06,
1721884888.574,36.06,
1721884890.569,36.06,
1721884892.045,36.06,
1721884893.042,36.06,
1721884893.553,36.06,
1721884894.548,36.06,
1721884896.026,36.06,
1721884897.017,36.06,
1721884897.509,36.06,
1721884899.008,36.06,
1721884899.494,36.06,
1721884901.474,36.06,
1721884904.944,36.06,
1721884905.432,36.06,
1721884906.423,36.06,
1721884907.945,36.06,
1721884908.447,36.06,
1721884909.447,36.06,
1721884910.924,36.06,
1721884911.927,36.06,
1721884912.409,36.06,
1721884913.876,36.06,
1721884914.375,36.06,
1721884915.862,36.05,
1721884917.868,36.05,
1721884918.863,36.05,
1721884919.848,36.05,
1721884920.816,36.05,
1721884921.321,36.05,
1721884922.302,36.05,
1721884924.309,36.05,
1721884925.298,36.05,
1721884926.294,36.05,
1721884927.775,36.05,
1721884928.27,36.05,
1721884929.763,36.05,
1721884930.267,36.05,
1721884931.262,36.05,
1721884932.772,36.05,
1721884933.259,36.05,
1721884934.271,36.05,
1721884936.271,36.06,
1721884937.273,36.06,
1721884938.241,36.06,
1721884939.243,36.06,
1721884940.228,36.06,
1721884941.744,36.06,
1721884942.734,36.06,
1721884943.223,36.06,
1721884944.22,36.06,
1721884945.212,36.02,
1721884946.684,36.02,
1721884947.679,36.02,
1721884948.7,36.02,
1721884949.2,36.02,
1721884950.2,36.02,
1721884951.189,36.02,
1721884952.188,36.02,
1721884954.177,36.02,
1721884955.157,36.07,
1721884957.144,36.07,
1721884958.16,36.07,
1721884959.645,36.07,
1721884960.657,36.07,
1721884961.158,36.07,
1721884962.173,36.07,
1721884963.185,36.07,
1721884965.175,36.09,
1721884966.176,36.09,
1721884967.191,36.09,
1721884968.181,36.09,
1721884969.182,36.09,
1721884970.691,36.09,
1721884971.678,36.09,
1721884972.18,36.09,
1721884973.177,36.09,
1721884974.169,36.09,
1721884975.159,36.09,
1721884976.643,36.09,
1721884977.624,36.09,
1721884979.103,36.09,
1721884980.56,36.09,
1721884981.064,36.09,
1721884982.054,36.09,
1721884983.027,36.09,
1721884985.02,36.09,
1721884984.523,36.09,
1721884987.042,36.14,
1721884988.544,36.14,
1721884989.039,36.14,
1721884990.027,36.14,
1721884991.006,36.14,
1721884992.498,36.14,
1721884992.999,36.14,
1721884994.0,36.14,
1721884994.995,36.14,
1721884996.492,36.12,
1721884996.98,36.12,
1721884997.976,36.12,
1721884998.963,36.12,
1721885000.453,36.12,
1721885000.944,36.12,
1721885001.926,36.12,
1721885003.926,36.12,
1721885004.919,36.12,
1721885006.898,36.08,
1721885008.382,36.08,
1721885008.881,36.08,
1721885010.899,36.08,
1721885012.38,36.08,
1721885013.888,36.08,
1721885015.346,36.08,
1721885015.844,36.13,
1721885016.824,36.13,
1721885017.815,36.13,
1721885018.809,36.13,
1721885020.293,36.13,
1721885020.8,36.13,
1721885022.3,36.13,
1721885022.803,36.13,
1721885024.296,36.13,
1721885024.795,36.13,
1721885026.275,36.15,
1721885027.777,36.15,
1721885030.282,36.15,
1721885030.785,36.15,
1721885031.782,36.15,
1721885032.779,36.15,
1721885033.771,36.15,
1721885034.777,36.15,
1721885035.769,36.15,
1721885036.783,36.15,
1721885037.776,36.15,
1721885038.79,36.15,
1721885039.77,36.15,
1721885040.773,36.15,
1721885041.758,36.15,
1721885043.253,36.15,
1721885044.254,36.15,
1721885044.764,36.15,
1721885046.267,36.17,
1721885046.764,36.17,
1721885047.758,36.17,
1721885050.239,36.17,
1721885050.739,36.17,
1721885051.751,36.17,
1721885053.262,36.17,
1721885053.758,36.17,
1721885054.76,36.17,
1721885057.721,36.14,
1721885058.711,36.14,
1721885059.711,36.14,
1721885060.725,36.14,
1721885061.744,36.14,
1721885062.727,36.14,
1721885063.717,36.14,
1721885065.227,36.14,
1721885066.236,36.22,
1721885066.74,36.22,
1721885069.244,36.22,
1721885070.259,36.22,
1721885070.739,36.22,
1721885071.759,36.22,
1721885072.757,36.22,
1721885073.78,36.22,
1721885075.244,36.22,
1721885076.223,36.25,
1721885077.706,36.25,
1721885078.689,36.25,
1721885079.696,36.25,
1721885080.69,36.25,
1721885081.688,36.25,
1721885082.691,36.25,
1721885083.68,36.25,
1721885085.187,36.25,
1721885085.686,36.18,
1721885086.667,36.18,
1721885088.167,36.18,
1721885089.141,36.18,
1721885089.666,36.18,
1721885091.631,36.18,
1721885092.661,36.18,
1721885094.157,36.18,
1721885094.66,36.18,
1721885095.638,36.17,
1721885097.124,36.17,
1721885097.626,36.17,
1721885098.611,36.17,
1721885100.147,36.17,
1721885101.132,36.17,
1721885102.613,36.17,
1721885103.57,36.17,
1721885105.055,36.17,
1721885105.564,36.19,
1721885106.548,36.19,
1721885108.052,36.19,
1721885108.548,36.19,
1721885110.045,36.19,
1721885110.549,36.19,
1721885111.527,36.19,
1721885112.51,36.19,
1721885113.499,36.19,
1721885114.983,36.19,
1721885115.484,36.21,
1721885116.482,36.21,
1721885118.003,36.21,
1721885118.505,36.21,
1721885119.496,36.21,
1721885120.5,36.21,
1721885121.491,36.21,
1721885122.49,36.21,
1721885125.011,36.21,
1721885125.505,36.19,
1721885127.499,36.19,
1721885128.499,36.19,
1721885130.006,36.19,
1721885130.486,36.19,
1721885131.972,36.19,
1721885133.983,36.19,
1721885134.485,36.19,
1721885135.48,36.2,
1721885136.97,36.2,
1721885137.464,36.2,
1721885138.446,36.2,
1721885139.452,36.2,
1721885140.438,36.2,
1721885141.917,36.2,
1721885142.424,36.2,
1721885143.439,36.2,
1721885144.441,36.2,
1721885145.454,36.26,
1721885146.446,36.26,
1721885147.466,36.26,
1721885148.464,36.26,
1721885149.97,36.26,
1721885150.464,36.26,
1721885151.96,36.26,
1721885152.475,36.26,
1721885154.486,36.26,
1721885155.999,36.26,
1721885156.487,36.26,
1721885157.978,36.26,
1721885158.966,36.26,
1721885159.483,36.26,
1721885160.496,36.26,
1721885161.48,36.26,
1721885162.972,36.26,
1721885163.466,36.26,
1721885164.962,36.26,
1721885165.478,36.23,
1721885166.457,36.23,
1721885167.934,36.23,
1721885168.454,36.23,
1721885169.439,36.23,
1721885170.928,36.23,
1721885172.428,36.23,
1721885173.924,36.23,
1721885174.922,36.23,
1721885175.916,36.24,
1721885177.45,36.24,
1721885178.452,36.24,
1721885179.936,36.24,
1721885180.436,36.24,
1721885181.417,36.24,
1721885182.416,36.24,
1721885183.412,36.24,
1721885184.413,36.24,
1721885185.435,36.27,
1721885186.418,36.27,
1721885187.903,36.27,
1721885188.402,36.27,
1721885189.399,36.27,
1721885190.893,36.27,
1721885192.383,36.27,
1721885193.376,36.27,
1721885194.362,36.27,
1721885195.881,36.23,
1721885196.401,36.23,
1721885197.381,36.23,
1721885198.398,36.23,
1721885200.9,36.23,
1721885201.901,36.23,
1721885203.394,36.23,
1721885204.874,36.23,
1721885205.377,36.25,
1721885206.374,36.25,
1721885207.885,36.25,
1721885208.381,36.25,
1721885209.378,36.25,
1721885210.364,36.25,
1721885211.861,36.25,
1721885212.36,36.25,
1721885213.362,36.25,
1721885214.365,36.25,
1721885215.364,36.27,
1721885217.841,36.27,
1721885218.337,36.27,
1721885219.347,36.27,
1721885220.841,36.27,
1721885221.331,36.27,
1721885222.828,36.27,
1721885223.837,36.27,
1721885225.816,36.26,
1721885227.313,36.26,
1721885229.803,36.26,
1721885230.316,36.26,
1721885231.321,36.26,
1721885233.287,36.26,
1721885234.29,36.26,
1721885235.782,36.28,
1721885236.284,36.28,
1721885237.277,36.28,
1721885238.791,36.28,
1721885239.279,36.28,
1721885240.269,36.28,
1721885241.281,36.28,
1721885242.29,36.28,
1721885243.301,36.28,
1721885244.815,36.28,
1721885246.328,36.29,
1721885247.309,36.29,
1721885248.295,36.29,
1721885249.287,36.29,
1721885250.288,36.29,
1721885251.281,36.29,
1721885252.288,36.29,
1721885253.295,36.29,
1721885255.28,36.26,
1721885256.259,36.26,
1721885257.259,36.26,
1721885258.227,36.26,
1721885259.225,36.26,
1721885260.225,36.26,
1721885261.238,36.26,
1721885262.249,36.26,
1721885263.227,36.26,
1721885264.227,36.26,
1721885265.222,36.27,
1721885266.211,36.27,
1721885267.736,36.27,
1721885268.725,36.27,
1721885269.216,36.27,
1721885271.19,36.27,
1721885272.201,36.27,
1721885273.194,36.27,
1721885274.204,36.27,
1721885277.171,36.27,
1721885278.683,36.27,
1721885279.704,36.27,
1721885280.218,36.27,
1721885281.687,36.27,
1721885282.193,36.27,
1721885283.213,36.27,
1721885284.208,36.27,
1721885285.2,36.29,
1721885286.699,36.29,
1721885287.185,36.29,
1721885288.173,36.29,
1721885289.175,36.29,
1721885290.172,36.29,
1721885291.161,36.29,
1721885292.647,36.29,
1721885293.648,36.29,
1721885294.152,36.29,
1721885295.138,36.29,
1721885296.15,36.29,
1721885297.157,36.29,
1721885298.139,36.29,
1721885299.133,36.29,
1721885300.14,36.29,
1721885301.643,36.29,
1721885302.671,36.29,
1721885303.659,36.29,
1721885304.662,36.29,
1721885305.149,36.29,
1721885306.164,36.29,
1721885307.164,36.29,
1721885308.179,36.29,
1721885309.176,36.29,
1721885310.177,36.29,
1721885311.142,36.29,
1721885312.146,36.29,
1721885313.149,36.29,
1721885314.168,36.29,
1721885315.679,36.33,
1721885316.176,36.33,
1721885317.17,36.33,
1721885318.161,36.33,
1721885319.163,36.33,
1721885320.141,36.33,
1721885321.156,36.33,
1721885322.164,36.33,
1721885323.171,36.33,
1721885324.188,36.33,
1721885325.183,36.28,
1721885327.664,36.28,
1721885330.179,36.28,
1721885331.151,36.28,
1721885332.155,36.28,
1721885333.156,36.28,
1721885334.63,36.28,
1721885335.144,36.28,
1721885336.655,36.33,
1721885337.148,36.33,
1721885338.152,36.33,
1721885339.146,36.33,
1721885340.126,36.33,
1721885341.111,36.33,
1721885342.093,36.33,
1721885343.087,36.33,
1721885344.08,36.33,
1721885345.07,36.33,
1721885346.067,36.32,
1721885347.095,36.32,
1721885348.092,36.32,
1721885349.078,36.32,
1721885350.08,36.32,
1721885354.992,36.32,
1721885356.005,36.34,
1721885356.981,36.34,
1721885358.505,36.34,
1721885359.006,36.34,
1721885360.014,36.34,
1721885361.038,36.34,
1721885363.488,36.34,
1721885364.004,36.34,
1721885365.482,36.34,
1721885366.504,36.31,
1721885367.008,36.31,
1721885368.496,36.31,
1721885368.998,36.31,
1721885370.488,36.31,
1721885372.004,36.31,
1721885373.479,36.31,
1721885374.501,36.31,
1721885375.001,36.31,
1721885376.502,36.32,
1721885376.999,36.32,
1721885378.49,36.32,
1721885378.991,36.32,
1721885380.51,36.32,
1721885381.013,36.32,
1721885383.019,36.32,
1721885382.02,36.32,
1721885384.033,36.32,
1721885386.041,36.31,
1721885387.533,36.31,
1721885388.019,36.31,
1721885391.535,36.31,
1721885392.037,36.31,
1721885394.51,36.31,
1721885395.019,36.31,
1721885396.007,36.33,
1721885397.017,36.33,
1721885398.01,36.33,
1721885399.482,36.33,
1721885399.976,36.33,
1721885400.945,36.33,
1721885401.953,36.33,
1721885402.967,36.33,
1721885403.938,36.33,
1721885404.959,36.33,
1721885405.942,36.32,
1721885406.958,36.32,
1721885408.463,36.32,
1721885408.962,36.32,
1721885410.463,36.32,
1721885410.955,36.32,
1721885411.937,36.32,
1721885412.929,36.32,
1721885414.434,36.32,
1721885415.405,36.32,
1721885415.899,36.32,
1721885416.899,36.32,
1721885417.895,36.32,
1721885419.379,36.32,
1721885419.89,36.32,
1721885420.898,36.32,
1721885421.898,36.32,
1721885422.92,36.32,
1721885423.888,36.32,
1721885424.883,36.32,
1721885425.861,36.33,
1721885427.366,36.33,
1721885428.87,36.33,
1721885429.846,36.33,
1721885430.833,36.33,
1721885432.838,36.33,
1721885433.834,36.33,
1721885434.842,36.33,
1721885435.832,36.36,
1721885437.327,36.36,
1721885437.847,36.36,
1721885438.849,36.36,
1721885439.858,36.36,
1721885441.345,36.36,
1721885442.336,36.36,
1721885442.833,36.36,
1721885443.815,36.36,
1721885444.826,36.36,
1721885445.838,36.36,
1721885447.846,36.36,
1721885448.877,36.36,
1721885450.385,36.36,
1721885450.882,36.36,
1721885453.387,36.36,
1721885453.88,36.36,
1721885454.868,36.36,
1721885455.879,36.35,
1721885457.386,36.35,
1721885457.886,36.35,
1721885459.882,36.35,
1721885460.849,36.35,
1721885462.33,36.35,
1721885463.311,36.35,
1721885463.816,36.35,
1721885465.313,36.35,
1721885465.808,36.29,
1721885466.798,36.29,
1721885468.295,36.29,
1721885469.801,36.29,
1721885471.286,36.29,
1721885471.788,36.29,
1721885472.798,36.29,
1721885473.824,36.29,
1721885474.828,36.29,
1721885476.832,36.36,
1721885477.842,36.36,
1721885479.794,36.36,
1721885480.808,36.36,
1721885482.291,36.36,
1721885482.778,36.36,
1721885483.761,36.36,
1721885487.224,36.35,
1721885489.209,36.35,
1721885489.707,36.35,
1721885490.698,36.35,
1721885492.184,36.35,
1721885493.172,36.35,
1721885494.652,36.35,
1721885496.176,36.38,
1721885498.69,36.38,
1721885500.176,36.38,
1721885501.164,36.38,
1721885502.671,36.38,
1721885505.634,36.32,
1721885506.636,36.32,
1721885508.141,36.32,
1721885509.649,36.32,
1721885511.124,36.32,
1721885512.607,36.32,
1721885513.601,36.32,
1721885514.571,36.32,
1721885516.084,36.34,
1721885516.579,36.34,
1721885518.062,36.34,
1721885518.561,36.34,
1721885519.563,36.34,
1721885520.566,36.34,
1721885521.545,36.34,
1721885522.548,36.34,
1721885523.556,36.34,
1721885524.549,36.34,
1721885525.539,36.36,
1721885527.036,36.36,
1721885527.526,36.36,
1721885529.021,36.36,
1721885530.037,36.36,
1721885530.533,36.36,
1721885532.014,36.36,
1721885532.503,36.36,
1721885533.525,36.36,
1721885535.014,36.36,
1721885535.517,36.36,
1721885537.019,36.36,
1721885537.524,36.36,
1721885538.538,36.36,
1721885540.013,36.36,
1721885540.504,36.36,
1721885541.506,36.36,
1721885542.512,36.36,
1721885543.516,36.36,
1721885545.027,36.36,
1721885545.536,36.36,
1721885547.035,36.36,
1721885547.538,36.36,
1721885548.524,36.36,
1721885549.507,36.36,
1721885550.504,36.36,
1721885551.508,36.36,
1721885553.507,36.36,
1721885553.005,36.36,
1721885554.507,36.36,
1721885555.502,36.33,
1721885556.528,36.33,
1721885557.519,36.33,
1721885560.037,36.33,
1721885561.028,36.33,
1721885561.525,36.33,
1721885563.006,36.33,
1721885563.502,36.33,
1721885565.011,36.33,
1721885566.009,36.33,
1721885566.499,36.33,
1721885567.5,36.33,
1721885568.489,36.33,
1721885569.49,36.33,
1721885570.483,36.33,
1721885572.503,36.33,
1721885573.49,36.33,
1721885574.495,36.33,
1721885575.492,36.35,
1721885577.481,36.35,
1721885578.501,36.35,
1721885580.0,36.35,
1721885580.499,36.35,
1721885581.479,36.35,
1721885582.502,36.35,
1721885583.465,36.35,
1721885584.455,36.35,
1721885585.461,36.39,
1721885586.464,36.39,
1721885587.454,36.39,
1721885588.451,36.39,
1721885589.928,36.39,
1721885590.407,36.39,
1721885591.418,36.39,
1721885592.436,36.39,
1721885593.444,36.39,
1721885594.437,36.39,
1721885595.96,36.33,
1721885597.457,36.33,
1721885598.465,36.33,
1721885599.477,36.33,
1721885600.464,36.33,
1721885601.46,36.33,
1721885602.97,36.33,
1721885604.446,36.33,
1721885605.945,36.35,
1721885606.438,36.35,
1721885607.465,36.35,
1721885608.459,36.35,
1721885610.466,36.35,
1721885609.453,36.35,
1721885612.499,36.35,
1721885613.498,36.35,
1721885614.962,36.35,
1721885615.46,36.35,
1721885616.455,36.35,
1721885617.447,36.35,
1721885618.445,36.35,
1721885619.442,36.35,
1721885620.426,36.35,
1721885622.416,36.35,
1721885623.899,36.35,
1721885624.397,36.35,
1721885625.386,36.31,
1721885626.893,36.31,
1721885627.888,36.31,
1721885628.38,36.31,
1721885629.871,36.31,
1721885630.865,36.31,
1721885631.372,36.31,
1721885632.865,36.31,
1721885633.87,36.31,
1721885634.879,36.31,
1721885635.364,36.33,
1721885636.355,36.33,
1721885637.868,36.33,
1721885638.361,36.33,
1721885639.84,36.33,
1721885640.358,36.33,
1721885642.868,36.33,
1721885643.363,36.33,
1721885644.373,36.33,
1721885645.86,36.32,
1721885646.367,36.32,
1721885648.867,36.32,
1721885649.379,36.32,
1721885650.383,36.32,
1721885652.393,36.32,
1721885654.39,36.32,
1721885655.402,36.35,
1721885656.399,36.35,
1721885657.407,36.35,
1721885658.411,36.35,
1721885659.899,36.35,
1721885660.881,36.35,
1721885661.378,36.35,
1721885662.854,36.35,
1721885663.851,36.35,
1721885664.358,36.35,
1721885666.363,36.36,
1721885667.842,36.36,
1721885668.35,36.36,
1721885669.364,36.36,
1721885670.372,36.36,
1721885671.881,36.36,
1721885672.379,36.36,
1721885673.371,36.36,
1721885674.35,36.36,
1721885675.847,36.33,
1721885676.865,36.33,
1721885677.355,36.33,
1721885678.841,36.33,
1721885681.344,36.33,
1721885682.327,36.33,
1721885683.329,36.33,
1721885684.343,36.33,
1721885685.34,36.32,
1721885686.347,36.32,
1721885687.347,36.32,
1721885688.349,36.32,
1721885689.857,36.32,
1721885690.366,36.32,
1721885691.375,36.32,
1721885692.372,36.32,
1721885693.366,36.32,
1721885694.361,36.32,
1721885695.34,36.34,
1721885696.852,36.34,
1721885698.333,36.34,
1721885699.347,36.34,
1721885700.327,36.34,
1721885701.811,36.34,
1721885704.285,36.34,
1721885706.256,36.34,
1721885707.255,36.34,
1721885708.251,36.34,
1721885709.222,36.34,
1721885710.249,36.34,
1721885711.247,36.34,
1721885712.728,36.34,
1721885713.228,36.34,
1721885714.205,36.34,
1721885715.204,36.34,
1721885716.692,36.37,
1721885717.681,36.37,
1721885718.185,36.37,
1721885719.184,36.37,
1721885720.187,36.37,
1721885721.175,36.37,
1721885722.153,36.37,
1721885723.15,36.37,
1721885724.138,36.37,
1721885726.129,36.31,
1721885730.061,36.31,
1721885731.078,36.31,
1721885732.083,36.31,
1721885733.083,36.31,
1721885734.546,36.31,
1721885735.044,36.31,
1721885736.059,36.31,
1721885737.059,36.31,
1721885738.052,36.31,
1721885739.526,36.31,
1721885740.029,36.31,
1721885741.023,36.31,
1721885743.018,36.31,
1721885744.012,36.31,
1721885745.003,36.31,
1721885746.513,36.35,
1721885747.022,36.35,
1721885748.026,36.35,
1721885749.037,36.35,
1721885750.048,36.35,
1721885751.071,36.35,
1721885754.084,36.35,
1721885755.08,36.35,
1721885756.078,36.34,
1721885757.055,36.34,
1721885758.061,36.34,
1721885759.039,36.34,
1721885760.04,36.34,
1721885761.041,36.34,
1721885762.055,36.34,
1721885764.536,36.34,
1721885765.022,36.34,
1721885766.046,36.34,
1721885767.045,36.34,
1721885768.532,36.34,
1721885770.022,36.34,
1721885771.497,36.34,
1721885771.997,36.34,
1721885772.999,36.34,
1721885774.485,36.34,
1721885775.482,36.34,
1721885780.452,36.37,
1721885780.95,36.37,
1721885781.907,36.37,
1721885783.416,36.37,
1721885783.92,36.37,
1721885785.42,36.37,
1721885786.414,36.36,
1721885787.4,36.36,
1721885787.889,36.36,
1721885788.887,36.36,
1721885789.883,36.36,
1721885790.865,36.36,
1721885791.867,36.36,
1721885792.863,36.36,
1721885794.346,36.36,
1721885794.847,36.36,
1721885795.846,36.32,
1721885796.86,36.32,
1721885797.841,36.32,
1721885798.838,36.32,
1721885800.328,36.32,
1721885801.802,36.32,
1721885802.816,36.32,
1721885804.312,36.32,
1721885804.822,36.32,
1721885807.346,36.34,
1721885807.845,36.34,
1721885808.838,36.34,
1721885809.841,36.34,
1721885810.838,36.34,
1721885811.841,36.34,
1721885813.85,36.34,
1721885814.849,36.34,
1721885816.318,36.32,
1721885817.336,36.32,
1721885817.839,36.32,
1721885818.817,36.32,
1721885820.305,36.32,
1721885820.809,36.32,
1721885821.788,36.32,
1721885822.79,36.32,
1721885823.772,36.32,
1721885824.772,36.32,
1721885825.762,36.33,
1721885827.257,36.33,
1721885827.757,36.33,
1721885828.765,36.33,
1721885830.258,36.33,
1721885831.239,36.33,
1721885832.247,36.33,
1721885833.248,36.33,
1721885833.751,36.33,
1721885835.726,36.33,
1721885837.706,36.33,
1721885836.715,36.33,
1721885838.684,36.33,
1721885840.194,36.33,
1721885840.683,36.33,
1721885841.658,36.33,
1721885842.63,36.33,
1721885843.636,36.33,
1721885846.13,36.35,
1721885846.616,36.35,
1721885847.609,36.35,
1721885848.616,36.35,
1721885850.123,36.35,
1721885850.627,36.35,
1721885851.638,36.35,
1721885852.646,36.35,
1721885854.638,36.35,
1721885855.641,36.3,
1721885856.619,36.3,
1721885857.61,36.3,
1721885858.6,36.3,
1721885859.613,36.3,
1721885862.07,36.3,
1721885862.581,36.3,
1721885863.585,36.3,
1721885865.1,36.3,
1721885866.097,36.31,
1721885867.086,36.31,
1721885868.087,36.31,
1721885868.563,36.31,
1721885869.56,36.31,
1721885870.567,36.31,
1721885871.562,36.31,
1721885874.055,36.31,
1721885874.562,36.31,
1721885875.555,36.34,
1721885877.57,36.34,
1721885879.07,36.34,
1721885880.052,36.34,
1721885881.053,36.34,
1721885881.562,36.34,
1721885883.579,36.34,
1721885884.545,36.34,
1721885886.534,36.3,
1721885887.529,36.3,
1721885888.538,36.3,
1721885889.541,36.3,
1721885890.52,36.3,
1721885892.005,36.3,
1721885892.513,36.3,
1721885894.483,36.3,
1721885893.502,36.3,
1721885895.486,36.31,
1721885896.479,36.31,
1721885897.478,36.31,
1721885898.475,36.31,
1721885899.468,36.31,
1721885903.951,36.31,
1721885904.953,36.31,
1721885905.465,36.35,
1721885906.453,36.35,
1721885907.474,36.35,
1721885908.466,36.35,
1721885909.467,36.35,
1721885910.467,36.35,
1721885911.45,36.35,
1721885912.962,36.35,
1721885913.454,36.35,
1721885914.953,36.35,
1721885916.458,36.37,
1721885918.941,36.37,
1721885919.43,36.37,
1721885920.944,36.37,
1721885921.444,36.37,
1721885923.437,36.37,
1721885924.438,36.37,
1721885926.902,36.35,
1721885928.4,36.35,
1721885929.417,36.35,
1721885930.421,36.35,
1721885931.42,36.35,
1721885932.417,36.35,
1721885933.416,36.35,
1721885934.431,36.35,
1721885935.447,36.33,
1721885936.954,36.33,
1721885937.448,36.33,
1721885938.458,36.33,
1721885939.425,36.33,
1721885940.458,36.33,
1721885941.476,36.33,
1721885942.483,36.33,
1721885943.484,36.33,
1721885944.475,36.33,
1721885945.473,36.32,
1721885946.479,36.32,
1721885947.503,36.32,
1721885948.502,36.32,
1721885949.498,36.32,
1721885950.494,36.32,
1721885951.999,36.32,
1721885953.005,36.32,
1721885953.515,36.32,
1721885954.49,36.32,
1721885955.484,36.31,
1721885956.489,36.31,
1721885958.449,36.31,
1721885959.417,36.31,
1721885960.424,36.31,
1721885961.402,36.31,
1721885962.391,36.31,
1721885963.39,36.31,
1721885964.383,36.31,
1721885965.403,36.31,
1721885966.39,36.31,
1721885967.38,36.31,
1721885968.376,36.31,
1721885969.855,36.31,
1721885970.334,36.31,
1721885971.321,36.31,
1721885972.324,36.31,
1721885973.316,36.31,
1721885974.327,36.31,
1721885975.809,36.31,
1721885976.812,36.27,
1721885978.31,36.27,
1721885980.309,36.27,
1721885981.294,36.27,
1721885982.771,36.27,
1721885983.282,36.27,
1721885984.785,36.27,
1721885985.264,36.27,
1721885986.259,36.32,
1721885987.254,36.32,
1721885988.733,36.32,
1721885989.746,36.32,
1721885990.72,36.32,
1721885991.227,36.32,
1721885992.214,36.32,
1721885993.207,36.32,
1721885994.225,36.32,
1721885995.719,36.32,
1721885996.228,36.28,
1721885997.212,36.28,
1721885998.216,36.28,
1721885999.71,36.28,
1721886000.706,36.28,
1721886002.19,36.28,
1721886005.177,36.28,
1721886006.151,36.31,
1721886007.162,36.31,
1721886008.166,36.31,
1721886009.153,36.31,
1721886010.163,36.31,
1721886011.145,36.31,
1721886012.137,36.31,
1721886013.117,36.31,
1721886015.1,36.31,
1721886016.099,36.34,
1721886017.077,36.34,
1721886018.564,36.34,
1721886020.054,36.34,
1721886021.058,36.34,
1721886022.059,36.34,
1721886023.052,36.34,
1721886024.564,36.34,
1721886025.066,36.34,
1721886026.059,36.29,
1721886028.059,36.29,
1721886029.546,36.29,
1721886030.569,36.29,
1721886031.061,36.29,
1721886032.083,36.29,
1721886033.087,36.29,
1721886034.093,36.29,
1721886035.112,36.29,
1721886036.091,36.25,
1721886037.1,36.25,
1721886038.605,36.25,
1721886039.09,36.25,
1721886040.095,36.25,
1721886041.102,36.25,
1721886042.093,36.25,
1721886043.08,36.25,
1721886044.1,36.25,
1721886045.085,36.25,
1721886046.101,36.3,
1721886047.085,36.3,
1721886048.56,36.3,
1721886049.53,36.3,
1721886050.042,36.3,
1721886054.013,36.3,
1721886055.02,36.3,
1721886056.005,36.3,
1721886057.008,36.3,
1721886058.01,36.3,
1721886058.968,36.3,
1721886059.985,36.3,
1721886062.483,36.3,
1721886062.968,36.3,
1721886063.968,36.3,
1721886064.972,36.3,
1721886066.455,36.31,
1721886066.972,36.31,
1721886068.465,36.31,
1721886069.449,36.31,
1721886069.954,36.31,
1721886071.938,36.31,
1721886073.947,36.31,
1721886075.443,36.31,
1721886076.962,36.32,
1721886077.931,36.32,
1721886079.425,36.32,
1721886080.426,36.32,
1721886080.92,36.32,
1721886081.92,36.32,
1721886083.427,36.32,
1721886083.94,36.32,
1721886085.445,36.32,
1721886085.95,36.35,
1721886086.939,36.35,
1721886087.951,36.35,
1721886089.942,36.35,
1721886090.943,36.35,
1721886092.44,36.35,
1721886093.467,36.35,
1721886093.961,36.35,
1721886094.971,36.35,
1721886095.971,36.35,
1721886096.954,36.35,
1721886097.978,36.35,
1721886098.977,36.35,
1721886099.985,36.35,
1721886102.457,36.35,
1721886103.944,36.35,
1721886104.952,36.35,
1721886105.94,36.26,
1721886106.933,36.26,
1721886107.933,36.26,
1721886109.439,36.26,
1721886109.943,36.26,
1721886110.955,36.26,
1721886112.955,36.26,
1721886113.944,36.26,
1721886114.957,36.26,
1721886116.439,36.29,
1721886116.947,36.29,
1721886117.927,36.29,
1721886118.929,36.29,
1721886119.932,36.29,
1721886122.428,36.29,
1721886122.922,36.29,
1721886123.929,36.29,
1721886124.951,36.29,
1721886125.965,36.27,
1721886126.961,36.27,
1721886127.971,36.27,
1721886129.99,36.27,
1721886131.002,36.27,
1721886132.51,36.27,
1721886133.006,36.27,
1721886133.984,36.27,
1721886135.482,36.27,
1721886135.99,36.27,
1721886136.95,36.27,
1721886137.938,36.27,
1721886138.961,36.27,
1721886139.962,36.27,
1721886140.978,36.27,
1721886141.988,36.27,
1721886143.485,36.27,
1721886144.487,36.27,
1721886145.488,36.27,
1721886145.995,36.31,
1721886147.023,36.31,
1721886148.01,36.31,
1721886149.009,36.31,
1721886149.997,36.31,
1721886150.996,36.31,
1721886152.971,36.31,
1721886153.961,36.31,
1721886154.969,36.31,
1721886156.457,36.28,
1721886156.963,36.28,
1721886157.96,36.28,
1721886159.47,36.28,
1721886159.971,36.28,
1721886160.972,36.28,
1721886161.964,36.28,
1721886162.958,36.28,
1721886163.96,36.28,
1721886164.943,36.28,
1721886166.948,36.26,
1721886167.927,36.26,
1721886168.913,36.26,
1721886169.893,36.26,
1721886171.417,36.26,
1721886171.919,36.26,
1721886172.928,36.26,
1721886174.434,36.26,
1721886174.948,36.26,
1721886175.951,36.33,
1721886176.933,36.33,
1721886178.428,36.33,
1721886179.913,36.33,
1721886181.411,36.33,
1721886182.423,36.33,
1721886182.907,36.33,
1721886183.893,36.33,
1721886184.883,36.33,
1721886186.362,36.31,
1721886186.853,36.31,
1721886187.858,36.31,
1721886188.865,36.31,
1721886189.831,36.31,
1721886190.816,36.31,
1721886191.823,36.31,
1721886193.305,36.31,
1721886194.305,36.31,
1721886194.824,36.31,
1721886195.814,36.29,
1721886196.829,36.29,
1721886197.824,36.29,
1721886198.837,36.29,
1721886200.35,36.29,
1721886200.841,36.29,
1721886201.857,36.29,
1721886202.86,36.29,
1721886204.361,36.29,
1721886204.87,36.29,
1721886205.86,36.34,
1721886206.865,36.34,
1721886207.854,36.34,
1721886208.857,36.34,
1721886209.873,36.34,
1721886211.365,36.34,
1721886211.858,36.34,
1721886212.85,36.34,
1721886213.859,36.34,
1721886216.332,36.33,
1721886217.342,36.33,
1721886217.842,36.33,
1721886218.862,36.33,
1721886219.857,36.33,
1721886220.854,36.33,
1721886222.337,36.33,
1721886222.84,36.33,
1721886223.831,36.33,
1721886224.805,36.33,
1721886226.295,36.35,
1721886227.309,36.35,
1721886227.809,36.35,
1721886229.291,36.35,
1721886229.823,36.35,
1721886230.788,36.35,
1721886233.817,36.35,
1721886234.816,36.35,
1721886235.811,36.31,
1721886236.79,36.31,
1721886237.802,36.31,
1721886238.802,36.31,
1721886239.789,36.31,
1721886241.296,36.31,
1721886241.791,36.31,
1721886242.777,36.31,
1721886243.751,36.31,
1721886244.764,36.31,
1721886245.788,36.39,
1721886246.791,36.39,
1721886249.293,36.39,
1721886249.78,36.39,
1721886251.79,36.39,
1721886252.765,36.39,
1721886254.277,36.39,
1721886254.777,36.39,
1721886255.767,36.4,
1721886256.763,36.4,
1721886257.746,36.4,
1721886258.744,36.4,
1721886259.729,36.4,
1721886260.736,36.4,
1721886261.743,36.4,
1721886262.734,36.4,
1721886263.736,36.4,
1721886264.745,36.4,
1721886265.744,36.34,
1721886266.744,36.34,
1721886267.749,36.34,
1721886268.764,36.34,
1721886270.781,36.34,
1721886271.813,36.34,
1721886272.813,36.34,
1721886273.829,36.34,
1721886274.827,36.34,
1721886276.302,36.4,
1721886278.287,36.4,
1721886279.768,36.4,
1721886280.78,36.4,
1721886281.774,36.4,
1721886282.763,36.4,
1721886283.763,36.4,
1721886286.287,36.43,
1721886287.3,36.43,
1721886287.79,36.43,
1721886288.772,36.43,
1721886289.791,36.43,
1721886291.296,36.43,
1721886291.783,36.43,
1721886293.259,36.43,
1721886293.759,36.43,
1721886294.765,36.43,
1721886295.783,36.4,
1721886296.782,36.4,
1721886297.791,36.4,
1721886298.796,36.4,
1721886300.313,36.4,
1721886300.808,36.4,
1721886303.809,36.4,
1721886304.813,36.4,
1721886305.806,36.5,
1721886306.801,36.5,
1721886307.785,36.5,
1721886309.297,36.5,
1721886310.293,36.5,
1721886310.804,36.5,
1721886311.785,36.5,
1721886313.777,36.5,
1721886314.751,36.5,
1721886315.726,36.45,
1721886316.729,36.45,
1721886318.213,36.45,
1721886319.725,36.45,
1721886320.708,36.45,
1721886321.719,36.45,
1721886322.721,36.45,
1721886323.725,36.45,
1721886325.21,36.45,
1721886325.712,36.44,
1721886328.178,36.44,
1721886329.71,36.44,
1721886330.709,36.44,
1721886331.71,36.44,
1721886333.224,36.44,
1721886334.7,36.44,
1721886335.693,36.44,
1721886337.177,36.44,
1721886337.674,36.44,
1721886339.156,36.44,
1721886339.652,36.44,
1721886340.653,36.44,
1721886341.639,36.44,
1721886342.617,36.44,
1721886343.604,36.44,
1721886344.613,36.44,
1721886345.615,36.47,
1721886346.615,36.47,
1721886347.607,36.47,
1721886348.599,36.47,
1721886349.605,36.47,
1721886351.105,36.47,
1721886351.59,36.47,
1721886353.095,36.47,
1721886353.598,36.47,
1721886354.598,36.47,
1721886355.58,36.48,
1721886356.581,36.48,
1721886358.081,36.48,
1721886358.574,36.48,
1721886359.584,36.48,
1721886360.566,36.48,
1721886361.577,36.48,
1721886363.071,36.48,
1721886363.577,36.48,
1721886364.587,36.48,
1721886365.591,36.54,
1721886367.588,36.54,
1721886368.585,36.54,
1721886369.59,36.54,
1721886370.589,36.54,
1721886371.583,36.54,
1721886372.571,36.54,
1721886373.563,36.54,
1721886375.056,36.54,
1721886378.537,36.51,
1721886379.538,36.51,
1721886380.545,36.51,
1721886382.051,36.51,
1721886382.54,36.51,
1721886383.542,36.51,
1721886384.542,36.51,
1721886385.568,36.49,
1721886386.573,36.49,
1721886387.565,36.49,
1721886388.552,36.49,
1721886389.552,36.49,
1721886390.534,36.49,
1721886391.513,36.49,
1721886393.029,36.49,
1721886393.529,36.49,
1721886395.027,36.49,
1721886395.519,36.52,
1721886396.53,36.52,
1721886397.521,36.52,
1721886398.529,36.52,
1721886399.526,36.52,
1721886400.543,36.52,
1721886401.547,36.52,
1721886403.522,36.52,
1721886405.036,36.52,
1721886407.021,36.55,
1721886407.531,36.55,
1721886408.522,36.55,
1721886410.546,36.55,
1721886411.539,36.55,
1721886412.55,36.55,
1721886413.55,36.55,
1721886415.049,36.55,
1721886415.555,36.55,
1721886417.051,36.55,
1721886418.052,36.55,
1721886419.068,36.55,
1721886419.568,36.55,
1721886420.546,36.55,
1721886422.028,36.55,
1721886422.528,36.55,
1721886423.509,36.55,
1721886424.502,36.55,
1721886425.503,36.55,
1721886426.488,36.52,
1721886427.51,36.52,
1721886429.019,36.52,
1721886430.037,36.52,
1721886430.544,36.52,
1721886431.554,36.52,
1721886433.568,36.52,
1721886435.045,36.52,
1721886436.547,36.51,
1721886437.55,36.51,
1721886438.535,36.51,
1721886440.025,36.51,
1721886440.537,36.51,
1721886441.532,36.51,
1721886442.544,36.51,
1721886443.55,36.51,
1721886444.545,36.51,
1721886445.545,36.56,
1721886446.537,36.56,
1721886448.036,36.56,
1721886448.532,36.56,
1721886449.535,36.56,
1721886450.544,36.56,
1721886452.02,36.56,
1721886453.526,36.56,
1721886454.528,36.56,
1721886455.561,36.53,
1721886456.579,36.53,
1721886457.563,36.53,
1721886459.057,36.53,
1721886459.546,36.53,
1721886460.544,36.53,
1721886462.046,36.53,
1721886462.549,36.53,
1721886464.026,36.53,
1721886464.523,36.53,
1721886465.501,36.53,
1721886466.51,36.56,
1721886468.021,36.56,
1721886469.009,36.56,
1721886469.496,36.56,
1721886470.532,36.56,
1721886471.525,36.56,
1721886472.542,36.56,
1721886473.529,36.56,
1721886475.046,36.56,
1721886475.551,36.59,
1721886476.553,36.59,
1721886478.056,36.59,
1721886479.55,36.59,
1721886480.559,36.59,
1721886481.55,36.59,
1721886482.541,36.59,
1721886485.043,36.59,
1721886485.54,36.59,
1721886487.047,36.59,
1721886487.544,36.59,
1721886488.543,36.59,
1721886489.543,36.59,
1721886490.567,36.59,
1721886491.573,36.59,
1721886492.542,36.59,
1721886493.55,36.59,
1721886494.532,36.59,
1721886495.543,36.59,
1721886496.542,36.61,
1721886497.528,36.61,
1721886498.527,36.61,
1721886499.527,36.61,
1721886501.007,36.61,
1721886503.023,36.61,
1721886503.514,36.61,
1721886504.524,36.61,
1721886505.535,36.61,
1721886506.521,36.56,
1721886507.512,36.56,
1721886509.015,36.56,
1721886509.526,36.56,
1721886511.013,36.56,
1721886511.508,36.56,
1721886513.541,36.56,
1721886514.529,36.56,
1721886516.052,36.56,
1721886517.054,36.57,
1721886517.544,36.57,
1721886519.021,36.57,
1721886519.531,36.57,
1721886520.519,36.57,
1721886521.522,36.57,
1721886522.539,36.57,
1721886523.548,36.57,
1721886524.533,36.57,
1721886525.547,36.57,
1721886526.541,36.59,
1721886528.036,36.59,
1721886528.531,36.59,
1721886529.539,36.59,
1721886530.537,36.59,
1721886531.537,36.59,
1721886533.029,36.59,
1721886533.537,36.59,
1721886534.542,36.59,
1721886536.057,36.58,
1721886536.565,36.58,
1721886537.561,36.58,
1721886538.591,36.58,
1721886540.092,36.58,
1721886540.586,36.58,
1721886541.604,36.58,
1721886542.602,36.58,
1721886543.597,36.58,
1721886544.593,36.58,
1721886545.604,36.63,
1721886546.581,36.63,
1721886547.564,36.63,
1721886548.554,36.63,
1721886550.07,36.63,
1721886550.567,36.63,
1721886552.074,36.63,
1721886552.572,36.63,
1721886555.086,36.63,
1721886556.06,36.66,
1721886556.555,36.66,
1721886557.552,36.66,
1721886558.53,36.66,
1721886559.505,36.66,
1721886561.499,36.66,
1721886562.507,36.66,
1721886563.521,36.66,
1721886565.963,36.66,
1721886567.944,36.62,
1721886569.462,36.62,
1721886570.975,36.62,
1721886571.471,36.62,
1721886572.455,36.62,
1721886573.973,36.62,
1721886574.469,36.62,
1721886575.449,36.62,
1721886577.454,36.65,
1721886579.459,36.65,
1721886580.453,36.65,
1721886581.454,36.65,
1721886582.446,36.65,
1721886583.93,36.65,
1721886584.435,36.65,
1721886585.427,36.65,
1721886587.412,36.63,
1721886588.426,36.63,
1721886589.404,36.63,
1721886590.381,36.63,
1721886591.38,36.63,
1721886592.39,36.63,
1721886594.37,36.63,
1721886595.856,36.63,
1721886596.365,36.64,
1721886597.352,36.64,
1721886598.345,36.64,
1721886599.341,36.64,
1721886600.364,36.64,
1721886601.834,36.64,
1721886602.846,36.64,
1721886603.338,36.64,
1721886604.802,36.64,
1721886605.287,36.64,
1721886606.286,36.63,
1721886607.307,36.63,
1721886608.81,36.63,
1721886609.302,36.63,
1721886610.304,36.63,
1721886611.304,36.63,
1721886612.322,36.63,
1721886613.297,36.63,
1721886614.261,36.63,
1721886615.254,36.63,
1721886616.254,36.66,
1721886617.727,36.66,
1721886618.225,36.66,
1721886619.232,36.66,
1721886620.728,36.66,
1721886621.217,36.66,
1721886622.725,36.66,
1721886623.205,36.66,
1721886624.181,36.66,
1721886625.182,36.66,
1721886626.171,36.67,
1721886627.154,36.67,
1721886628.647,36.67,
1721886629.652,36.67,
1721886630.164,36.67,
1721886631.664,36.67,
1721886633.149,36.67,
1721886634.147,36.67,
1721886635.663,36.67,
1721886636.187,36.65,
1721886638.18,36.65,
1721886639.173,36.65,
1721886640.147,36.65,
1721886641.655,36.65,
1721886642.667,36.65,
1721886643.667,36.65,
1721886644.167,36.65,
1721886645.182,36.65,
1721886646.18,36.67,
1721886647.653,36.67,
1721886648.148,36.67,
1721886649.172,36.67,
1721886650.203,36.67,
1721886651.181,36.67,
1721886652.152,36.67,
1721886653.651,36.67,
1721886655.636,36.67,
1721886656.137,36.64,
1721886657.11,36.64,
1721886658.111,36.64,
1721886659.089,36.64,
1721886660.1,36.64,
1721886661.109,36.64,
1721886662.106,36.64,
1721886663.577,36.64,
1721886665.054,36.64,
1721886666.056,36.71,
1721886667.059,36.71,
1721886668.575,36.71,
1721886669.567,36.71,
1721886670.068,36.71,
1721886671.063,36.71,
1721886672.552,36.71,
1721886673.058,36.71,
1721886675.051,36.71,
1721886677.005,36.69,
1721886678.989,36.69,
1721886679.983,36.69,
1721886680.967,36.69,
1721886681.953,36.69,
1721886682.975,36.69,
1721886683.985,36.69,
1721886685.005,36.69,
1721886685.992,36.68,
1721886687.975,36.68,
1721886689.965,36.68,
1721886688.966,36.68,
1721886691.451,36.68,
1721886691.939,36.68,
1721886692.938,36.68,
1721886693.934,36.68,
1721886694.942,36.68,
1721886696.423,36.66,
1721886696.913,36.66,
1721886698.413,36.66,
1721886698.924,36.66,
1721886699.915,36.66,
1721886701.404,36.66,
1721886703.4,36.66,
1721886703.891,36.66,
1721886705.912,36.64,
1721886706.875,36.64,
1721886707.885,36.64,
1721886708.89,36.64,
1721886710.377,36.64,
1721886711.898,36.64,
1721886713.381,36.64,
1721886713.869,36.64,
1721886715.379,36.64,
1721886715.89,36.67,
1721886716.907,36.67,
1721886717.908,36.67,
1721886719.429,36.67,
1721886719.91,36.67,
1721886720.915,36.67,
1721886722.418,36.67,
1721886723.426,36.67,
1721886724.424,36.67,
1721886724.934,36.67,
1721886725.925,36.67,
1721886727.934,36.67,
1721886728.942,36.67,
1721886730.435,36.67,
1721886730.922,36.67,
1721886731.923,36.67,
1721886732.921,36.67,
1721886733.935,36.67,
1721886735.44,36.67,
1721886735.944,36.71,
1721886736.934,36.71,
1721886737.928,36.71,
1721886738.923,36.71,
1721886739.913,36.71,
1721886741.435,36.71,
1721886741.943,36.71,
1721886743.474,36.71,
1721886743.978,36.71,
1721886744.984,36.71,
1721886745.974,36.68,
1721886746.976,36.68,
1721886748.456,36.68,
1721886748.947,36.68,
1721886749.932,36.68,
1721886751.414,36.68,
1721886751.903,36.68,
1721886752.912,36.68,
1721886754.931,36.68,
1721886755.926,36.7,
1721886756.927,36.7,
1721886758.456,36.7,
1721886758.938,36.7,
1721886759.94,36.7,
1721886760.933,36.7,
1721886761.921,36.7,
1721886763.405,36.7,
1721886763.902,36.7,
1721886764.893,36.7,
1721886766.403,36.68,
1721886766.911,36.68,
1721886768.932,36.68,
1721886769.93,36.68,
1721886770.948,36.68,
1721886771.935,36.68,
1721886772.951,36.68,
1721886774.435,36.68,
1721886775.416,36.68,
1721886776.405,36.71,
1721886776.897,36.71,
1721886777.899,36.71,
1721886779.399,36.71,
1721886780.408,36.71,
1721886781.893,36.71,
1721886782.885,36.71,
1721886783.871,36.71,
1721886785.373,36.71,
1721886785.859,36.72,
1721886786.848,36.72,
1721886787.824,36.72,
1721886789.33,36.72,
1721886789.821,36.72,
1721886791.307,36.72,
1721886792.3,36.72,
1721886792.803,36.72,
1721886793.818,36.72,
1721886794.819,36.72,
1721886795.827,36.7,
1721886796.822,36.7,
1721886797.821,36.7,
1721886798.825,36.7,
1721886799.823,36.7,
1721886800.837,36.7,
1721886802.807,36.7,
1721886804.297,36.7,
1721886804.794,36.7,
1721886805.785,36.72,
1721886807.789,36.72,
1721886809.3,36.72,
1721886809.803,36.72,
1721886810.811,36.72,
1721886813.811,36.72,
1721886814.803,36.72,
1721886815.805,36.72,
1721886816.81,36.72,
1721886817.809,36.72,
1721886819.282,36.72,
1721886819.789,36.72,
1721886820.799,36.72,
1721886821.81,36.72,
1721886822.793,36.72,
1721886823.783,36.72,
1721886824.777,36.72,
1721886825.747,36.73,
1721886826.755,36.73,
1721886828.757,36.73,
1721886829.76,36.73,
1721886830.733,36.73,
1721886831.71,36.73,
1721886832.707,36.73,
1721886833.698,36.73,
1721886834.711,36.73,
1721886835.692,36.73,
1721886837.18,36.73,
1721886837.675,36.73,
1721886838.659,36.73,
1721886839.682,36.73,
1721886840.671,36.73,
1721886841.659,36.73,
1721886842.668,36.73,
1721886843.684,36.73,
1721886845.205,36.73,
1721886845.695,36.73,
1721886846.706,36.73,
1721886847.705,36.73,
1721886850.196,36.73,
1721886850.694,36.73,
1721886851.703,36.73,
1721886852.68,36.73,
1721886853.68,36.73,
1721886855.172,36.73,
1721886855.672,36.75,
1721886856.679,36.75,
1721886857.661,36.75,
1721886858.651,36.75,
1721886860.652,36.75,
1721886859.649,36.75,
1721886861.651,36.75,
1721886862.648,36.75,
1721886863.637,36.75,
1721886865.127,36.75,
1721886865.612,36.75,
1721886867.585,36.78,
1721886868.573,36.78,
1721886870.062,36.78,
1721886870.575,36.78,
1721886871.568,36.78,
1721886873.058,36.78,
1721886874.054,36.78,
1721886874.544,36.78,
1721886875.541,36.78,
1721886876.532,36.78,
1721886878.041,36.78,
1721886878.551,36.78,
1721886879.533,36.78,
1721886880.53,36.78,
1721886881.535,36.78,
1721886882.531,36.78,
1721886883.524,36.78,
1721886885.017,36.78,
1721886885.514,36.78,
1721886886.528,36.77,
1721886888.062,36.77,
1721886888.564,36.77,
1721886891.086,36.77,
1721886891.576,36.77,
1721886892.581,36.77,
1721886893.568,36.77,
1721886895.051,36.77,
1721886895.544,36.77,
1721886897.536,36.79,
1721886899.05,36.79,
1721886899.545,36.79,
1721886900.567,36.79,
1721886903.515,36.79,
1721886905.524,36.79,
1721886907.484,36.85,
1721886908.467,36.85,
1721886909.48,36.85,
1721886910.97,36.85,
1721886911.968,36.85,
1721886912.467,36.85,
1721886913.977,36.85,
1721886914.48,36.85,
1721886915.465,36.85,
1721886917.45,36.8,
1721886916.453,36.8,
1721886918.436,36.8,
1721886919.936,36.8,
1721886920.452,36.8,
1721886921.462,36.8,
1721886922.465,36.8,
1721886923.452,36.8,
1721886924.449,36.8,
1721886925.434,36.8,
1721886926.942,36.83,
1721886927.44,36.83,
1721886928.937,36.83,
1721886929.427,36.83,
1721886932.887,36.83,
1721886933.394,36.83,
1721886934.395,36.83,
1721886935.396,36.83,
1721886936.411,36.75,
1721886937.414,36.75,
1721886938.398,36.75,
1721886939.393,36.75,
1721886940.403,36.75,
1721886941.417,36.75,
1721886942.395,36.75,
1721886943.394,36.75,
1721886944.901,36.75,
1721886945.417,36.75,
1721886946.418,36.79,
1721886947.9,36.79,
1721886948.898,36.79,
1721886949.897,36.79,
1721886950.393,36.79,
1721886951.908,36.79,
1721886952.914,36.79,
1721886953.409,36.79,
1721886954.416,36.79,
1721886955.928,36.79,
1721886956.429,36.77,
1721886957.458,36.77,
1721886958.447,36.77,
1721886959.407,36.77,
1721886960.394,36.77,
1721886961.378,36.77,
1721886962.397,36.77,
1721886963.378,36.77,
1721886964.392,36.77,
1721886965.392,36.77,
1721886966.406,36.83,
1721886967.408,36.83,
1721886968.41,36.83,
1721886969.414,36.83,
1721886970.411,36.83,
1721886971.91,36.83,
1721886972.421,36.83,
1721886974.457,36.83,
1721886973.432,36.83,
1721886975.947,36.83,
1721886977.425,36.77,
1721886978.932,36.77,
1721886979.927,36.77,
1721886980.424,36.77,
1721886981.445,36.77,
1721886982.439,36.77,
1721886983.419,36.77,
1721886984.416,36.77,
1721886985.418,36.77,
1721886986.898,36.8,
1721886987.398,36.8,
1721886988.391,36.8,
1721886989.381,36.8,
1721886990.387,36.8,
1721886992.377,36.8,
1721886993.384,36.8,
1721886994.382,36.8,
1721886995.858,36.8,
1721886997.855,36.83,
1721886998.345,36.83,
1721886999.335,36.83,
1721887001.82,36.83,
1721887002.323,36.83,
1721887003.807,36.83,
1721887004.827,36.83,
1721887005.326,36.83,
1721887006.336,36.83,
1721887007.343,36.83,
1721887008.369,36.83,
1721887009.358,36.83,
1721887010.342,36.83,
1721887011.816,36.83,
1721887012.81,36.83,
1721887013.826,36.83,
1721887014.313,36.83,
1721887015.288,36.83,
1721887016.275,36.83,
1721887017.275,36.83,
1721887018.767,36.83,
1721887019.261,36.83,
1721887020.755,36.83,
1721887021.734,36.83,
1721887022.235,36.83,
1721887023.244,36.83,
1721887024.235,36.83,
1721887025.224,36.83,
1721887026.22,36.8,
1721887027.191,36.8,
1721887028.205,36.8,
1721887030.196,36.8,
1721887032.213,36.8,
1721887034.71,36.8,
1721887035.699,36.8,
1721887036.196,36.8,
1721887037.191,36.8,
1721887038.183,36.8,
1721887039.167,36.8,
1721887040.181,36.8,
1721887041.148,36.8,
1721887042.633,36.8,
1721887043.129,36.8,
1721887044.102,36.8,
1721887045.101,36.8,
1721887046.607,36.88,
1721887047.095,36.88,
1721887048.586,36.88,
1721887049.075,36.88,
1721887050.061,36.88,
1721887051.056,36.88,
1721887052.069,36.88,
1721887055.004,36.88,
1721887056.013,36.81,
1721887057.005,36.81,
1721887058.007,36.81,
1721887059.034,36.81,
1721887060.032,36.81,
1721887062.536,36.81,
1721887063.048,36.81,
1721887064.546,36.81,
1721887065.049,36.81,
1721887066.555,36.8,
1721887067.067,36.8,
1721887068.064,36.8,
1721887069.067,36.8,
1721887070.067,36.8,
1721887071.069,36.8,
1721887072.068,36.8,
1721887073.058,36.8,
1721887074.539,36.8,
1721887075.02,36.8,
1721887076.534,36.83,
1721887078.04,36.83,
1721887080.498,36.83,
1721887081.503,36.83,
1721887082.473,36.83,
1721887082.982,36.83,
1721887084.474,36.83,
1721887084.968,36.83,
1721887085.986,36.82,
1721887086.988,36.82,
1721887087.98,36.82,
1721887088.956,36.82,
1721887089.951,36.82,
1721887091.454,36.82,
1721887091.935,36.82,
1721887092.91,36.82,
1721887093.914,36.82,
1721887094.911,36.82,
1721887095.929,36.81,
1721887097.452,36.81,
1721887098.465,36.81,
1721887098.974,36.81,
1721887099.947,36.81,
1721887101.941,36.81,
1721887103.46,36.81,
1721887104.965,36.81,
1721887105.967,36.84,
1721887106.964,36.84,
1721887107.965,36.84,
1721887109.95,36.84,
1721887110.954,36.84,
1721887111.944,36.84,
1721887113.42,36.84,
1721887113.911,36.84,
1721887114.899,36.84,
1721887115.909,36.82,
1721887116.9,36.82,
1721887118.391,36.82,
1721887119.385,36.82,
1721887119.897,36.82,
1721887121.37,36.82,
1721887121.872,36.82,
1721887123.386,36.82,
1721887123.896,36.82,
1721887125.389,36.82,
1721887126.393,36.83,
1721887126.896,36.83,
1721887128.406,36.83,
1721887129.415,36.83,
1721887129.936,36.83,
1721887130.95,36.83,
1721887131.941,36.83,
1721887132.953,36.83,
1721887133.948,36.83,
1721887134.933,36.83,
1721887135.948,36.82,
1721887136.952,36.82,
1721887137.951,36.82,
1721887138.933,36.82,
1721887140.434,36.82,
1721887140.943,36.82,
1721887141.945,36.82,
1721887143.435,36.82,
1721887144.437,36.82,
1721887144.943,36.82,
1721887145.924,36.84,
1721887146.905,36.84,
1721887147.912,36.84,
1721887148.913,36.84,
1721887149.912,36.84,
1721887150.918,36.84,
1721887152.898,36.84,
1721887154.885,36.84,
1721887155.902,36.86,
1721887156.887,36.86,
1721887158.41,36.86,
1721887158.917,36.86,
1721887160.374,36.86,
1721887160.864,36.86,
1721887161.872,36.86,
1721887162.838,36.86,
1721887163.825,36.86,
1721887165.334,36.86,
1721887166.347,36.85,
1721887166.856,36.85,
1721887168.807,36.85,
1721887169.797,36.85,
1721887171.311,36.85,
1721887171.812,36.85,
1721887172.817,36.85,
1721887173.815,36.85,
1721887174.819,36.85,
1721887177.313,36.8,
1721887178.303,36.8,
1721887178.794,36.8,
1721887179.805,36.8,
1721887181.297,36.8,
1721887182.278,36.8,
1721887183.258,36.8,
1721887184.233,36.8,
1721887185.235,36.8,
1721887186.222,36.8,
1721887186.728,36.8,
1721887187.704,36.8,
1721887188.721,36.8,
1721887189.701,36.8,
1721887190.709,36.8,
1721887191.707,36.8,
1721887192.713,36.8,
1721887194.186,36.8,
1721887194.665,36.8,
1721887196.668,36.81,
1721887197.666,36.81,
1721887198.658,36.81,
1721887199.659,36.81,
1721887200.624,36.81,
1721887202.103,36.81,
1721887202.587,36.81,
1721887204.1,36.81,
1721887205.09,36.81,
1721887205.593,36.81,
1721887207.582,36.85,
1721887208.565,36.85,
1721887209.559,36.85,
1721887210.552,36.85,
1721887211.559,36.85,
1721887212.581,36.85,
1721887214.052,36.85,
1721887215.055,36.85,
1721887215.556,36.85,
1721887216.572,36.83,
1721887217.559,36.83,
1721887218.549,36.83,
1721887219.558,36.83,
1721887220.545,36.83,
1721887221.539,36.83,
1721887222.52,36.83,
1721887223.496,36.83,
1721887224.994,36.83,
1721887225.981,36.83,
1721887226.486,36.83,
1721887227.491,36.83,
1721887228.987,36.83,
1721887229.483,36.83,
1721887230.458,36.83,
1721887231.449,36.83,
1721887232.947,36.83,
1721887233.43,36.83,
1721887234.45,36.83,
1721887235.446,36.83,
1721887236.434,36.84,
1721887237.938,36.84,
1721887238.454,36.84,
1721887242.736,36.86,
1721887243.707,36.86,
1721887244.714,36.86,
1721887245.707,36.86,
1721887246.689,36.86,
1721887248.178,36.86,
1721887249.195,36.86,
1721887249.687,36.86,
1721887250.675,36.86,
1721887252.159,36.86,
1721887252.662,36.89,
1721887254.642,36.89,
1721887255.647,36.89,
1721887256.652,36.89,
1721887257.654,36.89,
1721887259.15,36.89,
1721887259.653,36.89,
1721887261.154,36.89,
1721887261.65,36.89,
1721887263.184,36.85,
1721887263.686,36.85,
1721887264.677,36.85,
1721887265.669,36.85,
1721887266.657,36.85,
1721887267.658,36.85,
1721887268.676,36.85,
1721887269.675,36.85,
1721887270.659,36.85,
1721887271.651,36.85,
1721887272.623,36.85,
1721887273.637,36.85,
1721887275.147,36.85,
1721887275.634,36.85,
1721887276.645,36.85,
1721887277.676,36.85,
1721887278.673,36.85,
1721887280.174,36.85,
1721887280.672,36.85,
1721887281.706,36.85,
1721887282.693,36.87,
1721887283.708,36.87,
1721887284.704,36.87,
1721887285.714,36.87,
1721887287.231,36.87,
1721887287.729,36.87,
1721887289.232,36.87,
1721887289.747,36.87,
1721887290.759,36.87,
1721887291.741,36.87,
1721887292.735,36.84,
1721887293.731,36.84,
1721887294.73,36.84,
1721887296.227,36.84,
1721887296.742,36.84,
1721887298.736,36.84,
1721887300.209,36.84,
1721887300.688,36.84,
1721887302.656,36.83,
1721887305.139,36.83,
1721887305.635,36.83,
1721887307.132,36.83,
1721887308.129,36.83,
1721887309.13,36.83,
1721887309.631,36.83,
1721887310.629,36.83,
1721887311.647,36.83,
1721887313.142,36.83,
1721887315.151,36.83,
1721887315.638,36.83,
1721887316.615,36.83,
1721887317.611,36.83,
1721887318.626,36.83,
1721887320.573,36.83,
1721887321.556,36.83,
1721887322.541,36.83,
1721887323.538,36.86,
1721887325.06,36.86,
1721887325.559,36.86,
1721887327.537,36.86,
1721887328.563,36.86,
1721887330.074,36.86,
1721887330.57,36.86,
1721887332.089,36.86,
1721887332.607,36.86,
1721887334.09,36.88,
1721887334.593,36.88,
1721887336.093,36.88,
1721887336.593,36.88,
1721887337.585,36.88,
1721887339.539,36.88,
1721887340.56,36.88,
1721887341.552,36.88,
1721887342.542,36.88,
1721887344.016,36.82,
1721887344.527,36.82,
1721887345.529,36.82,
1721887347.011,36.82,
1721887347.99,36.82,
1721887348.48,36.82,
1721887349.494,36.82,
1721887350.475,36.82,
1721887352.463,36.82,
1721887353.487,36.88,
1721887354.486,36.88,
1721887355.482,36.88,
1721887356.466,36.88,
1721887357.46,36.88,
1721887358.449,36.88,
1721887359.445,36.88,
1721887360.424,36.88,
1721887361.901,36.88,
1721887362.912,36.88,
1721887363.408,36.85,
1721887364.41,36.85,
1721887365.377,36.85,
1721887366.856,36.85,
1721887367.348,36.85,
1721887368.873,36.85,
1721887369.374,36.85,
1721887370.854,36.85,
1721887371.349,36.85,
1721887372.366,36.85,
1721887373.374,36.87,
1721887374.381,36.87,
1721887377.898,36.87,
1721887379.399,36.87,
1721887380.383,36.87,
1721887381.379,36.87,
1721887382.385,36.87,
1721887383.395,36.86,
1721887384.391,36.86,
1721887385.373,36.86,
1721887386.382,36.86,
1721887387.412,36.86,
1721887388.409,36.86,
1721887389.419,36.86,
1721887390.392,36.86,
1721887391.383,36.86,
1721887392.895,36.86,
1721887393.383,36.85,
1721887394.371,36.85,
1721887395.38,36.85,
1721887396.383,36.85,
1721887397.369,36.85,
1721887398.376,36.85,
1721887399.373,36.85,
1721887400.371,36.85,
1721887401.875,36.85,
1721887402.364,36.85,
1721887403.85,36.9,
1721887404.355,36.9,
1721887405.358,36.9,
1721887406.368,36.9,
1721887407.373,36.9,
1721887408.368,36.9,
1721887409.345,36.9,
1721887410.333,36.9,
1721887411.313,36.9,
1721887412.296,36.9,
1721887413.287,36.89,
1721887414.286,36.89,
1721887415.288,36.89,
1721887417.28,36.89,
1721887418.273,36.89,
1721887419.258,36.89,
1721887421.224,36.89,
1721887422.737,36.89,
1721887423.215,36.87,
1721887424.221,36.87,
1721887425.227,36.87,
1721887426.708,36.87,
1721887428.19,36.87,
1721887429.169,36.87,
1721887430.675,36.87,
1721887431.171,36.87,
1721887432.177,36.87,
1721887433.199,36.82,
1721887435.17,36.82,
1721887436.162,36.82,
1721887437.155,36.82,
1721887438.152,36.82,
1721887439.144,36.82,
1721887440.143,36.82,
1721887441.147,36.82,
1721887442.147,36.82,
1721887443.143,36.83,
1721887444.144,36.83,
1721887445.145,36.83,
1721887446.614,36.83,
1721887447.103,36.83,
1721887448.088,36.83,
1721887449.094,36.83,
1721887450.099,36.83,
1721887451.1,36.83,
1721887453.599,36.82,
1721887454.083,36.82,
1721887455.074,36.82,
1721887456.557,36.82,
1721887457.055,36.82,
1721887458.063,36.82,
1721887459.06,36.82,
1721887460.064,36.82,
1721887461.056,36.82,
1721887462.038,36.82,
1721887463.02,36.85,
1721887464.01,36.85,
1721887465.023,36.85,
1721887466.013,36.85,
1721887467.022,36.85,
1721887468.025,36.85,
1721887472.014,36.85,
1721887473.011,36.9,
1721887474.007,36.9,
1721887474.999,36.9,
1721887475.993,36.9,
1721887477.982,36.9,
1721887479.46,36.9,
1721887479.955,36.9,
1721887480.967,36.9,
1721887481.957,36.9,
1721887482.961,36.85,
1721887483.959,36.85,
1721887484.943,36.85,
1721887485.94,36.85,
1721887486.932,36.85,
1721887488.43,36.85,
1721887489.433,36.85,
1721887489.934,36.85,
1721887492.39,36.85,
1721887492.888,36.84,
1721887494.39,36.84,
1721887495.877,36.84,
1721887496.864,36.84,
1721887498.377,36.84,
1721887499.387,36.84,
1721887500.87,36.84,
1721887502.4,36.84,
1721887502.882,36.82,
1721887504.38,36.82,
1721887504.871,36.82,
1721887506.388,36.82,
1721887506.889,36.82,
1721887508.367,36.82,
1721887508.872,36.82,
1721887509.87,36.82,
1721887510.865,36.82,
1721887512.348,36.82,
1721887512.853,36.84,
1721887513.831,36.84,
1721887515.331,36.84,
1721887515.806,36.84,
1721887516.79,36.84,
1721887517.785,36.84,
1721887518.782,36.84,
1721887519.784,36.84,
1721887520.783,36.84,
1721887521.781,36.84,
1721887523.274,36.82,
1721887524.262,36.82,
1721887524.768,36.82,
1721887526.263,36.82,
1721887527.276,36.82,
1721887527.786,36.82,
1721887528.78,36.82,
1721887529.782,36.82,
1721887531.274,36.82,
1721887532.257,36.82,
1721887534.263,36.79,
1721887535.254,36.79,
1721887536.754,36.79,
1721887537.749,36.79,
1721887539.229,36.79,
1721887539.744,36.79,
1721887540.738,36.79,
1721887541.744,36.79,
1721887542.736,36.83,
1721887544.208,36.83,
1721887545.216,36.83,
1721887546.19,36.83,
1721887546.691,36.83,
1721887547.67,36.83,
1721887548.677,36.83,
1721887549.653,36.83,
1721887551.636,36.83,
1721887553.133,36.83,
1721887553.619,36.77,
1721887554.63,36.77,
1721887555.62,36.77,
1721887556.618,36.77,
1721887557.628,36.77,
1721887558.584,36.77,
1721887559.585,36.77,
1721887562.093,36.77,
1721887563.093,36.77,
1721887570.078,36.8,
1721887570.56,36.8,
1721887572.071,36.8,
1721887573.553,36.74,
1721887574.533,36.74,
1721887575.528,36.74,
1721887576.522,36.74,
1721887577.526,36.74,
1721887580.533,36.74,
1721887581.575,36.74,
1721887582.572,36.74,
1721887583.547,36.76,
1721887584.558,36.76,
1721887585.554,36.76,
1721887586.548,36.76,
1721887587.514,36.76,
1721887588.511,36.76,
1721887589.517,36.76,
1721887591.023,36.76,
1721887592.027,36.76,
1721887592.534,36.76,
1721887593.509,36.77,
1721887594.489,36.77,
1721887595.498,36.77,
1721887597.006,36.77,
1721887598.497,36.77,
1721887599.509,36.77,
1721887600.512,36.77,
1721887603.46,36.75,
1721887605.448,36.75,
1721887606.453,36.75,
1721887607.462,36.75,
1721887608.935,36.75,
1721887609.916,36.75,
1721887610.425,36.75,
1721887611.429,36.75,
1721887612.948,36.75,
1721887613.432,36.75,
1721887614.934,36.75,
1721887615.939,36.75,
1721887616.435,36.75,
1721887617.431,36.75,
1721887618.447,36.75,
1721887620.928,36.75,
1721887622.425,36.75,
1721887623.406,36.73,
1721887624.407,36.73,
1721887625.421,36.73,
1721887627.888,36.73,
1721887628.384,36.73,
1721887629.408,36.73,
1721887630.399,36.73,
1721887631.906,36.73,
1721887632.4,36.73,
1721887633.879,36.76,
1721887634.872,36.76,
1721887635.386,36.76,
1721887636.91,36.76,
1721887637.921,36.76,
1721887639.413,36.76,
1721887640.399,36.76,
1721887642.427,36.76,
1721887641.413,36.76,
1721887643.438,36.68,
1721887644.448,36.68,
1721887645.461,36.68,
1721887646.45,36.68,
1721887647.45,36.68,
1721887648.44,36.68,
1721887649.936,36.68,
1721887650.92,36.68,
1721887651.936,36.68,
1721887652.956,36.68,
1721887654.45,36.73,
1721887655.454,36.73,
1721887656.936,36.73,
1721887657.427,36.73,
1721887658.424,36.73,
1721887659.933,36.73,
1721887660.413,36.73,
1721887661.43,36.73,
1721887662.423,36.73,
1721887663.421,36.73,
1721887664.429,36.73,
1721887665.431,36.73,
1721887666.449,36.73,
1721887667.929,36.73,
1721887668.42,36.73,
1721887669.405,36.73,
1721887670.397,36.73,
1721887671.901,36.73,
1721887672.408,36.73,
1721887673.408,36.71,
1721887674.884,36.71,
1721887675.375,36.71,
1721887677.872,36.71,
1721887678.361,36.71,
1721887679.827,36.71,
1721887681.313,36.71,
1721887682.793,36.71,
1721887683.291,36.71,
1721887685.777,36.71,
1721887686.272,36.71,
1721887687.268,36.71,
1721887688.757,36.71,
1721887690.278,36.71,
1721887691.275,36.71,
1721887692.275,36.71,
1721887694.299,36.7,
1721887695.29,36.7,
1721887696.295,36.7,
1721887697.305,36.7,
1721887699.292,36.7,
1721887700.274,36.7,
1721887701.757,36.7,
1721887703.738,36.68,
1721887705.226,36.68,
1721887706.199,36.68,
1721887707.186,36.68,
1721887709.187,36.68,
1721887710.185,36.68,
1721887711.186,36.68,
1721887712.16,36.68,
1721887713.16,36.65,
1721887714.154,36.65,
1721887715.155,36.65,
1721887716.653,36.65,
1721887717.139,36.65,
1721887718.631,36.65,
1721887719.105,36.65,
1721887720.101,36.65,
1721887721.119,36.65,
1721887722.1,36.65,
1721887723.117,36.65,
1721887724.126,36.65,
1721887725.118,36.65,
1721887726.139,36.65,
1721887727.121,36.65,
1721887728.118,36.65,
1721887729.098,36.65,
1721887730.073,36.65,
1721887731.064,36.65,
1721887732.555,36.65,
1721887733.059,36.6,
1721887734.052,36.6,
1721887735.546,36.6,
1721887736.033,36.6,
1721887737.991,36.6,
1721887739.468,36.6,
1721887739.947,36.6,
1721887740.922,36.6,
1721887742.421,36.6,
1721887742.908,36.61,
1721887743.896,36.61,
1721887744.908,36.61,
1721887745.904,36.61,
1721887746.897,36.61,
1721887748.397,36.61,
1721887748.896,36.61,
1721887749.899,36.61,
1721887751.871,36.61,
1721887753.379,36.6,
1721887753.864,36.6,
1721887754.851,36.6,
1721887755.839,36.6,
1721887756.849,36.6,
1721887758.354,36.6,
1721887760.859,36.6,
1721887761.856,36.6,
1721887762.847,36.62,
1721887763.843,36.62,
1721887764.831,36.62,
1721887765.822,36.62,
1721887767.311,36.62,
1721887767.82,36.62,
1721887768.816,36.62,
1721887770.316,36.62,
1721887770.813,36.62,
1721887771.832,36.62,
1721887772.823,36.59,
1721887773.845,36.59,
1721887775.348,36.59,
1721887776.368,36.59,
1721887777.855,36.59,
1721887779.849,36.59,
1721887780.861,36.59,
1721887781.855,36.59,
1721887783.847,36.6,
1721887784.832,36.6,
1721887785.826,36.6,
1721887786.802,36.6,
1721887787.778,36.6,
1721887788.78,36.6,
1721887789.752,36.6,
1721887790.743,36.6,
1721887791.737,36.6,
1721887792.727,36.6,
1721887793.712,36.59,
1721887794.736,36.59,
1721887795.738,36.59,
1721887796.757,36.59,
1721887797.746,36.59,
1721887798.735,36.59,
1721887799.714,36.59,
1721887802.195,36.59,
1721887803.688,36.55,
1721887804.708,36.55,
1721887805.694,36.55,
1721887807.198,36.55,
1721887808.2,36.55,
1721887808.697,36.55,
1721887809.695,36.55,
1721887811.16,36.55,
1721887811.634,36.55,
1721887813.118,36.55,
1721887813.622,36.58,
1721887815.102,36.58,
1721887816.103,36.58,
1721887816.602,36.58,
1721887817.597,36.58,
1721887818.574,36.58,
1721887819.57,36.58,
1721887820.558,36.58,
1721887821.57,36.58,
1721887824.052,36.58,
1721887824.538,36.58,
1721887825.541,36.58,
1721887827.032,36.58,
1721887829.032,36.58,
1721887830.026,36.58,
1721887831.855,36.58,
1721887833.343,36.63,
1721887834.334,36.63,
1721887835.823,36.63,
1721887836.348,36.63,
1721887837.338,36.63,
1721887839.834,36.63,
1721887840.329,36.63,
1721887841.337,36.63,
1721887842.328,36.63,
1721887843.302,36.56,
1721887844.319,36.56,
1721887845.316,36.56,
1721887846.294,36.56,
1721887847.298,36.56,
1721887848.315,36.56,
1721887849.332,36.56,
1721887851.825,36.56,
1721887854.277,36.57,
1721887855.29,36.57,
1721887856.304,36.57,
1721887857.816,36.57,
1721887858.33,36.57,
1721887859.818,36.57,
1721887860.315,36.57,
1721887861.309,36.57,
1721887862.799,36.57,
1721887863.788,36.56,
1721887864.29,36.56,
1721887865.308,36.56,
1721887866.812,36.56,
1721887867.298,36.56,
1721887868.325,36.56,
1721887869.328,36.56,
1721887870.831,36.56,
1721887871.849,36.56,
1721887872.363,36.56,
1721887873.368,36.6,
1721887874.85,36.6,
1721887875.365,36.6,
1721887877.879,36.6,
1721887878.881,36.6,
1721887879.368,36.6,
1721887880.371,36.6,
1721887881.367,36.6,
1721887882.362,36.6,
1721887883.837,36.57,
1721887884.345,36.57,
1721887885.342,36.57,
1721887886.347,36.57,
1721887887.361,36.57,
1721887888.357,36.57,
1721887889.87,36.57,
1721887890.353,36.57,
1721887891.352,36.57,
1721887892.344,36.57,
1721887894.872,36.6,
1721887895.366,36.6,
1721887896.37,36.6,
1721887897.379,36.6,
1721887898.911,36.6,
1721887899.419,36.6,
1721887900.419,36.6,
1721887901.925,36.6,
1721887902.43,36.6,
1721887903.414,36.54,
1721887904.399,36.54,
1721887906.902,36.54,
1721887907.392,36.54,
1721887908.885,36.54,
1721887909.41,36.54,
1721887910.416,36.54,
1721887911.401,36.54,
1721887912.41,36.54,
1721887913.388,36.59,
1721887914.39,36.59,
1721887915.39,36.59,
1721887916.893,36.59,
1721887917.907,36.59,
1721887918.409,36.59,
1721887919.41,36.59,
1721887920.911,36.59,
1721887921.404,36.59,
1721887922.402,36.59,
1721887923.387,36.61,
1721887924.368,36.61,
1721887925.354,36.61,
1721887926.855,36.61,
1721887928.367,36.61,
1721887929.849,36.61,
1721887930.341,36.61,
