time,battery
1721884420.101,56,
1721884421.096,56,
1721884422.115,56,
1721884423.641,56,
1721884424.621,56,
1721884425.126,55,
1721884427.105,55,
1721884428.591,55,
1721884429.094,55,
1721884430.096,55,
1721884431.571,55,
1721884433.068,55,
1721884434.566,55,
1721884435.063,55,
1721884436.544,55,
1721884437.043,55,
1721884438.034,55,
1721884439.507,55,
1721884441.019,55,
1721884442.004,55,
1721884442.976,55,
1721884444.011,55,
1721884445.013,55,
1721884446.021,55,
1721884447.004,55,
1721884447.992,55,
1721884449.493,55,
1721884449.983,55,
1721884452.477,55,
1721884455.02,55,
1721884456.019,55,
1721884457.006,55,
1721884458.013,55,
1721884459.029,55,
1721884460.026,55,
1721884461.544,55,
1721884462.541,55,
1721884463.032,55,
1721884464.551,55,
1721884465.06,55,
1721884466.061,55,
1721884467.064,55,
1721884468.042,55,
1721884469.047,55,
1721884470.541,55,
1721884471.53,55,
1721884472.041,55,
1721884473.028,55,
1721884474.042,55,
1721884476.046,55,
1721884479.057,55,
1721884480.045,55,
1721884481.02,55,
1721884482.536,55,
1721884483.539,55,
1721884484.543,55,
1721884485.538,55,
1721884486.036,55,
1721884487.535,55,
1721884488.548,55,
1721884490.054,55,
1721884491.53,55,
1721884492.505,55,
1721884493.487,55,
1721884493.988,55,
1721884494.974,55,
1721884496.983,55,
1721884497.987,55,
1721884498.968,55,
1721884499.963,55,
1721884501.469,55,
1721884502.481,55,
1721884502.967,55,
1721884504.466,55,
1721884504.968,55,
1721884507.492,55,
1721884507.991,55,
1721884509.493,55,
1721884509.98,55,
1721884510.986,55,
1721884511.964,55,
1721884512.982,55,
1721884513.978,55,
1721884514.963,55,
1721884516.446,55,
1721884517.455,55,
1721884517.96,55,
1721884518.962,55,
1721884519.932,55,
1721884521.452,55,
1721884521.973,55,
1721884522.969,55,
1721884524.961,55,
1721884526.928,55,
1721884528.414,55,
1721884528.904,55,
1721884529.897,55,
1721884530.89,55,
1721884531.892,55,
1721884532.885,55,
1721884534.373,55,
1721884534.858,55,
1721884535.859,55,
1721884536.847,55,
1721884537.854,55,
1721884538.849,55,
1721884539.869,55,
1721884540.862,55,
1721884541.846,55,
1721884542.811,55,
1721884543.823,55,
1721884545.352,55,
1721884545.857,55,
1721884546.868,55,
1721884548.369,55,
1721884548.855,55,
1721884550.324,55,
1721884550.815,55,
1721884552.81,55,
1721884553.783,55,
1721884555.798,55,
1721884556.768,55,
1721884558.275,55,
1721884558.782,55,
1721884560.289,55,
1721884560.789,55,
1721884561.789,55,
1721884562.79,55,
1721884564.257,55,
1721884564.743,55,
1721884565.731,55,
1721884568.673,55,
1721884569.672,55,
1721884570.691,55,
1721884571.693,55,
1721884572.703,55,
1721884573.686,55,
1721884577.717,55,
1721884578.719,55,
1721884581.249,55,
1721884581.743,55,
1721884582.751,55,
1721884583.752,55,
1721884584.768,55,
1721884585.756,55,
1721884587.73,55,
1721884586.74,55,
1721884588.768,55,
1721884589.782,55,
1721884590.782,55,
1721884591.778,55,
1721884592.774,55,
1721884593.754,55,
1721884595.246,55,
1721884595.745,55,
1721884597.25,55,
1721884597.738,55,
1721884598.722,55,
1721884599.726,55,
1721884600.734,55,
1721884601.698,55,
1721884602.662,55,
1721884603.669,55,
1721884605.163,55,
1721884605.659,55,
1721884607.136,55,
1721884608.642,55,
1721884609.668,55,
1721884610.673,55,
1721884611.685,55,
1721884612.664,55,
1721884613.689,55,
1721884614.689,55,
1721884615.705,55,
1721884616.73,55,
1721884617.711,55,
1721884618.719,55,
1721884620.206,55,
1721884620.709,55,
1721884621.698,55,
1721884622.701,55,
1721884623.692,55,
1721884624.697,55,
1721884625.721,55,
1721884627.699,55,
1721884628.685,55,
1721884631.14,55,
1721884631.646,55,
1721884632.632,55,
1721884633.632,55,
1721884634.617,55,
1721884635.615,55,
1721884636.612,55,
1721884638.1,55,
1721884639.1,55,
1721884640.097,55,
1721884640.59,55,
1721884642.116,55,
1721884643.104,55,
1721884643.6,55,
1721884644.57,55,
1721884646.051,55,
1721884646.55,55,
1721884647.552,55,
1721884648.544,55,
1721884649.541,55,
1721884651.03,55,
1721884652.523,55,
1721884654.016,55,
1721884655.024,55,
1721884656.53,55,
1721884658.047,55,
1721884658.545,55,
1721884659.54,55,
1721884661.029,55,
1721884662.503,55,
1721884663.507,55,
1721884664.499,55,
1721884665.473,55,
1721884666.467,55,
1721884667.46,55,
1721884669.441,55,
1721884670.414,55,
1721884671.382,55,
1721884672.392,55,
1721884673.398,55,
1721884674.387,55,
1721884675.363,55,
1721884677.333,55,
1721884678.846,55,
1721884679.34,55,
1721884680.349,55,
1721884681.349,55,
1721884682.359,55,
1721884683.819,55,
1721884684.31,55,
1721884685.3,55,
1721884686.309,55,
1721884687.332,55,
1721884688.327,55,
1721884689.329,55,
1721884690.317,55,
1721884691.818,55,
1721884693.317,55,
1721884694.334,55,
1721884695.317,55,
1721884696.33,55,
1721884697.342,55,
1721884698.872,55,
1721884699.356,55,
1721884700.347,55,
1721884702.345,55,
1721884704.823,55,
1721884705.325,55,
1721884706.337,55,
1721884707.35,55,
1721884708.352,55,
1721884709.346,55,
1721884710.336,55,
1721884711.313,55,
1721884712.307,55,
1721884714.288,55,
1721884715.291,55,
1721884716.269,55,
1721884717.265,55,
1721884718.242,55,
1721884719.213,55,
1721884720.694,55,
1721884722.192,55,
1721884724.175,55,
1721884725.16,55,
1721884726.154,55,
1721884727.635,55,
1721884728.126,55,
1721884729.129,55,
1721884730.145,55,
1721884731.141,55,
1721884732.146,55,
1721884733.148,55,
1721884734.133,55,
1721884735.114,55,
1721884736.128,55,
1721884737.109,55,
1721884738.078,55,
1721884740.076,55,
1721884742.582,55,
1721884743.591,55,
1721884744.562,55,
1721884745.55,55,
1721884746.041,55,
1721884747.512,55,
1721884748.005,55,
1721884749.007,55,
1721884749.982,55,
1721884750.961,55,
1721884752.94,55,
1721884753.946,55,
1721884755.906,55,
1721884757.808,55,
1721884759.332,55,
1721884759.825,55,
1721884760.816,55,
1721884763.3,55,
1721884763.805,55,
1721884765.284,55,
1721884765.78,55,
1721884766.782,55,
1721884767.775,55,
1721884768.787,55,
1721884770.791,55,
1721884771.818,55,
1721884772.817,55,
1721884773.812,55,
1721884774.807,55,
1721884775.822,55,
1721884777.317,55,
1721884777.833,55,
1721884779.341,55,
1721884779.846,55,
1721884780.845,55,
1721884781.841,55,
1721884782.848,55,
1721884783.849,55,
1721884785.351,55,
1721884786.35,55,
1721884787.366,55,
1721884787.858,55,
1721884788.86,55,
1721884789.854,55,
1721884791.847,55,
1721884792.852,55,
1721884793.843,55,
1721884794.854,55,
1721884796.342,55,
1721884796.84,55,
1721884797.839,55,
1721884799.821,55,
1721884800.823,55,
1721884801.834,55,
1721884803.331,55,
1721884803.833,55,
1721884804.83,55,
1721884805.826,55,
1721884807.321,55,
1721884807.82,55,
1721884808.825,55,
1721884809.815,55,
1721884810.814,55,
1721884812.312,55,
1721884813.32,55,
1721884814.791,55,
1721884815.777,55,
1721884816.779,55,
1721884818.286,55,
1721884818.785,55,
1721884819.801,55,
1721884820.822,55,
1721884821.82,55,
1721884822.791,55,
1721884824.776,55,
1721884826.779,55,
1721884828.271,55,
1721884829.295,55,
1721884829.788,55,
1721884831.305,55,
1721884831.81,55,
1721884832.837,55,
1721884833.826,55,
1721884834.822,55,
1721884835.812,55,
1721884837.288,55,
1721884838.775,55,
1721884840.252,55,
1721884840.738,55,
1721884842.25,55,
1721884842.764,55,
1721884843.765,55,
1721884845.271,55,
1721884846.748,55,
1721884847.742,55,
1721884849.728,55,
1721884853.724,55,
1721884856.165,55,
1721884856.66,55,
1721884857.662,55,
1721884858.655,55,
1721884860.136,55,
1721884860.64,55,
1721884861.648,55,
1721884863.607,55,
1721884865.104,55,
1721884866.096,55,
1721884866.602,55,
1721884868.125,55,
1721884868.628,55,
1721884869.624,55,
1721884870.623,55,
1721884872.104,55,
1721884872.603,55,
1721884873.598,55,
1721884875.078,55,
1721884875.582,55,
1721884878.089,55,
1721884878.597,55,
1721884879.61,55,
1721884880.608,55,
1721884882.102,55,
1721884882.608,55,
1721884884.081,55,
1721884884.577,55,
1721884885.574,55,
1721884886.572,55,
1721884887.588,55,
1721884888.574,55,
1721884890.569,55,
1721884892.045,55,
1721884893.042,55,
1721884893.553,55,
1721884894.548,55,
1721884896.026,55,
1721884897.017,55,
1721884897.509,55,
1721884899.008,55,
1721884899.494,55,
1721884901.474,55,
1721884904.944,55,
1721884905.432,55,
1721884906.423,55,
1721884907.945,55,
1721884908.447,55,
1721884909.447,55,
1721884910.924,55,
1721884911.927,55,
1721884912.409,55,
1721884913.876,55,
1721884914.375,55,
1721884915.862,55,
1721884917.868,55,
1721884918.863,55,
1721884919.848,55,
1721884920.816,55,
1721884921.321,55,
1721884922.302,55,
1721884924.309,55,
1721884925.298,55,
1721884926.294,55,
1721884927.775,55,
1721884928.27,55,
1721884929.763,55,
1721884930.267,55,
1721884931.262,55,
1721884932.772,55,
1721884933.259,55,
1721884934.271,55,
1721884936.271,55,
1721884937.273,55,
1721884938.241,55,
1721884939.243,55,
1721884940.228,55,
1721884941.744,55,
1721884942.734,55,
1721884943.223,55,
1721884944.22,55,
1721884945.212,55,
1721884946.684,55,
1721884947.679,55,
1721884948.7,55,
1721884949.2,55,
1721884950.2,55,
1721884951.189,55,
1721884952.188,55,
1721884954.177,55,
1721884955.157,55,
1721884957.144,55,
1721884958.16,55,
1721884959.645,55,
1721884960.657,55,
1721884961.158,55,
1721884962.173,55,
1721884963.185,55,
1721884965.175,55,
1721884966.176,55,
1721884967.191,55,
1721884968.181,55,
1721884969.182,55,
1721884970.691,55,
1721884971.678,55,
1721884972.18,55,
1721884973.177,55,
1721884974.169,55,
1721884975.159,55,
1721884976.643,55,
1721884977.624,55,
1721884979.103,55,
1721884980.56,55,
1721884981.064,55,
1721884982.054,55,
1721884983.027,55,
1721884985.02,55,
1721884984.523,55,
1721884987.042,55,
1721884988.544,55,
1721884989.039,55,
1721884990.027,55,
1721884991.006,55,
1721884992.498,55,
1721884992.999,55,
1721884994.0,55,
1721884994.995,55,
1721884996.492,55,
1721884996.98,55,
1721884997.976,55,
1721884998.963,55,
1721885000.453,55,
1721885000.944,55,
1721885001.926,55,
1721885003.926,55,
1721885004.919,55,
1721885006.898,55,
1721885008.382,55,
1721885008.881,55,
1721885010.899,55,
1721885012.38,55,
1721885013.888,55,
1721885015.346,55,
1721885015.844,55,
1721885016.824,55,
1721885017.815,55,
1721885018.809,55,
1721885020.293,55,
1721885020.8,55,
1721885022.3,55,
1721885022.803,55,
1721885024.296,55,
1721885024.795,55,
1721885026.275,55,
1721885027.777,55,
1721885030.282,55,
1721885030.785,55,
1721885031.782,55,
1721885032.779,55,
1721885033.771,55,
1721885034.777,55,
1721885035.769,55,
1721885036.783,55,
1721885037.776,55,
1721885038.79,55,
1721885039.77,55,
1721885040.773,55,
1721885041.758,55,
1721885043.253,55,
1721885044.254,55,
1721885044.764,55,
1721885046.267,55,
1721885046.764,55,
1721885047.758,55,
1721885050.239,55,
1721885050.739,55,
1721885051.751,55,
1721885053.262,55,
1721885053.758,55,
1721885054.76,55,
1721885057.721,55,
1721885058.711,55,
1721885059.711,55,
1721885060.725,55,
1721885061.744,55,
1721885062.727,55,
1721885063.717,55,
1721885065.227,55,
1721885066.236,55,
1721885066.74,55,
1721885069.244,55,
1721885070.259,55,
1721885070.739,55,
1721885071.759,55,
1721885072.757,55,
1721885073.78,55,
1721885075.244,55,
1721885076.223,55,
1721885077.706,55,
1721885078.689,55,
1721885079.696,55,
1721885080.69,55,
1721885081.688,55,
1721885082.691,55,
1721885083.68,55,
1721885085.187,55,
1721885085.686,55,
1721885086.667,55,
1721885088.167,55,
1721885089.141,55,
1721885089.666,55,
1721885091.631,55,
1721885092.661,55,
1721885094.157,55,
1721885094.66,55,
1721885095.638,55,
1721885097.124,55,
1721885097.626,55,
1721885098.611,55,
1721885100.147,55,
1721885101.132,55,
1721885102.613,55,
1721885103.57,55,
1721885105.055,55,
1721885105.564,55,
1721885106.548,55,
1721885108.052,55,
1721885108.548,55,
1721885110.045,55,
1721885110.549,55,
1721885111.527,55,
1721885112.51,55,
1721885113.499,55,
1721885114.983,55,
1721885115.484,55,
1721885116.482,55,
1721885118.003,55,
1721885118.505,55,
1721885119.496,55,
1721885120.5,55,
1721885121.491,55,
1721885122.49,55,
1721885125.011,55,
1721885125.505,54,
1721885127.499,54,
1721885128.499,54,
1721885130.006,54,
1721885130.486,54,
1721885131.972,54,
1721885133.983,54,
1721885134.485,54,
1721885135.48,54,
1721885136.97,54,
1721885137.464,54,
1721885138.446,54,
1721885139.452,54,
1721885140.438,54,
1721885141.917,54,
1721885142.424,54,
1721885143.439,54,
1721885144.441,54,
1721885145.454,54,
1721885146.446,54,
1721885147.466,54,
1721885148.464,54,
1721885149.97,54,
1721885150.464,54,
1721885151.96,54,
1721885152.475,54,
1721885154.486,54,
1721885155.999,54,
1721885156.487,54,
1721885157.978,54,
1721885158.966,54,
1721885159.483,54,
1721885160.496,54,
1721885161.48,54,
1721885162.972,54,
1721885163.466,54,
1721885164.962,54,
1721885165.478,54,
1721885166.457,54,
1721885167.934,54,
1721885168.454,54,
1721885169.439,54,
1721885170.928,54,
1721885172.428,54,
1721885173.924,54,
1721885174.922,54,
1721885175.916,54,
1721885177.45,54,
1721885178.452,54,
1721885179.936,54,
1721885180.436,54,
1721885181.417,54,
1721885182.416,54,
1721885183.412,54,
1721885184.413,54,
1721885185.435,54,
1721885186.418,54,
1721885187.903,54,
1721885188.402,54,
1721885189.399,54,
1721885190.893,54,
1721885192.383,54,
1721885193.376,54,
1721885194.362,54,
1721885195.881,54,
1721885196.401,54,
1721885197.381,54,
1721885198.398,54,
1721885200.9,54,
1721885201.901,54,
1721885203.394,54,
1721885204.874,54,
1721885205.377,54,
1721885206.374,54,
1721885207.885,54,
1721885208.381,54,
1721885209.378,54,
1721885210.364,54,
1721885211.861,54,
1721885212.36,54,
1721885213.362,54,
1721885214.365,54,
1721885215.364,54,
1721885217.841,54,
1721885218.337,54,
1721885219.347,54,
1721885220.841,54,
1721885221.331,54,
1721885222.828,54,
1721885223.837,54,
1721885225.816,54,
1721885227.313,54,
1721885229.803,54,
1721885230.316,54,
1721885231.321,54,
1721885233.287,54,
1721885234.29,54,
1721885235.782,54,
1721885236.284,54,
1721885237.277,54,
1721885238.791,54,
1721885239.279,54,
1721885240.269,54,
1721885241.281,54,
1721885242.29,54,
1721885243.301,54,
1721885244.815,54,
1721885246.328,54,
1721885247.309,54,
1721885248.295,54,
1721885249.287,54,
1721885250.288,54,
1721885251.281,54,
1721885252.288,54,
1721885253.295,54,
1721885255.28,54,
1721885256.259,54,
1721885257.259,54,
1721885258.227,54,
1721885259.225,54,
1721885260.225,54,
1721885261.238,54,
1721885262.249,54,
1721885263.227,54,
1721885264.227,54,
1721885265.222,54,
1721885266.211,54,
1721885267.736,54,
1721885268.725,54,
1721885269.216,54,
1721885271.19,54,
1721885272.201,54,
1721885273.194,54,
1721885274.204,54,
1721885277.171,54,
1721885278.683,54,
1721885279.704,54,
1721885280.218,54,
1721885281.687,54,
1721885282.193,54,
1721885283.213,54,
1721885284.208,54,
1721885285.2,54,
1721885286.699,54,
1721885287.185,54,
1721885288.173,54,
1721885289.175,54,
1721885290.172,54,
1721885291.161,54,
1721885292.647,54,
1721885293.648,54,
1721885294.152,54,
1721885295.138,54,
1721885296.15,54,
1721885297.157,54,
1721885298.139,54,
1721885299.133,54,
1721885300.14,54,
1721885301.643,54,
1721885302.671,54,
1721885303.659,54,
1721885304.662,54,
1721885305.149,54,
1721885306.164,54,
1721885307.164,54,
1721885308.179,54,
1721885309.176,54,
1721885310.177,54,
1721885311.142,54,
1721885312.146,54,
1721885313.149,54,
1721885314.168,54,
1721885315.679,54,
1721885316.176,54,
1721885317.17,54,
1721885318.161,54,
1721885319.163,54,
1721885320.141,54,
1721885321.156,54,
1721885322.164,54,
1721885323.171,54,
1721885324.188,54,
1721885325.183,54,
1721885327.664,54,
1721885330.179,54,
1721885331.151,54,
1721885332.155,54,
1721885333.156,54,
1721885334.63,54,
1721885335.144,54,
1721885336.655,54,
1721885337.148,54,
1721885338.152,54,
1721885339.146,54,
1721885340.126,54,
1721885341.111,54,
1721885342.093,54,
1721885343.087,54,
1721885344.08,54,
1721885345.07,54,
1721885346.067,54,
1721885347.095,54,
1721885348.092,54,
1721885349.078,54,
1721885350.08,54,
1721885354.992,54,
1721885356.005,54,
1721885356.981,54,
1721885358.505,54,
1721885359.006,54,
1721885360.014,54,
1721885361.038,54,
1721885363.488,54,
1721885364.004,54,
1721885365.482,54,
1721885366.504,54,
1721885367.008,54,
1721885368.496,54,
1721885368.998,54,
1721885370.488,54,
1721885372.004,54,
1721885373.479,54,
1721885374.501,54,
1721885375.001,54,
1721885376.502,54,
1721885376.999,54,
1721885378.49,54,
1721885378.991,54,
1721885380.51,54,
1721885381.013,54,
1721885383.019,54,
1721885382.02,54,
1721885384.033,54,
1721885386.041,54,
1721885387.533,54,
1721885388.019,54,
1721885391.535,54,
1721885392.037,54,
1721885394.51,54,
1721885395.019,54,
1721885396.007,54,
1721885397.017,54,
1721885398.01,54,
1721885399.482,54,
1721885399.976,54,
1721885400.945,54,
1721885401.953,54,
1721885402.967,54,
1721885403.938,54,
1721885404.959,54,
1721885405.942,54,
1721885406.958,54,
1721885408.463,54,
1721885408.962,54,
1721885410.463,54,
1721885410.955,54,
1721885411.937,54,
1721885412.929,54,
1721885414.434,54,
1721885415.405,54,
1721885415.899,54,
1721885416.899,54,
1721885417.895,54,
1721885419.379,54,
1721885419.89,54,
1721885420.898,54,
1721885421.898,54,
1721885422.92,54,
1721885423.888,54,
1721885424.883,54,
1721885425.861,54,
1721885427.366,54,
1721885428.87,54,
1721885429.846,54,
1721885430.833,54,
1721885432.838,54,
1721885433.834,54,
1721885434.842,54,
1721885435.832,54,
1721885437.327,54,
1721885437.847,54,
1721885438.849,54,
1721885439.858,54,
1721885441.345,54,
1721885442.336,54,
1721885442.833,54,
1721885443.815,54,
1721885444.826,54,
1721885445.838,54,
1721885447.846,54,
1721885448.877,54,
1721885450.385,54,
1721885450.882,54,
1721885453.387,54,
1721885453.88,54,
1721885454.868,54,
1721885455.879,54,
1721885457.386,54,
1721885457.886,54,
1721885459.882,54,
1721885460.849,54,
1721885462.33,54,
1721885463.311,54,
1721885463.816,54,
1721885465.313,54,
1721885465.808,54,
1721885466.798,54,
1721885468.295,54,
1721885469.801,54,
1721885471.286,54,
1721885471.788,54,
1721885472.798,54,
1721885473.824,54,
1721885474.828,54,
1721885476.832,54,
1721885477.842,54,
1721885479.794,54,
1721885480.808,54,
1721885482.291,54,
1721885482.778,54,
1721885483.761,54,
1721885487.224,54,
1721885489.209,54,
1721885489.707,54,
1721885490.698,54,
1721885492.184,54,
1721885493.172,54,
1721885494.652,54,
1721885496.176,54,
1721885498.69,54,
1721885500.176,54,
1721885501.164,54,
1721885502.671,54,
1721885505.634,54,
1721885506.636,54,
1721885508.141,54,
1721885509.649,54,
1721885511.124,54,
1721885512.607,54,
1721885513.601,54,
1721885514.571,54,
1721885516.084,54,
1721885516.579,54,
1721885518.062,54,
1721885518.561,54,
1721885519.563,54,
1721885520.566,54,
1721885521.545,54,
1721885522.548,54,
1721885523.556,54,
1721885524.549,54,
1721885525.539,54,
1721885527.036,54,
1721885527.526,54,
1721885529.021,54,
1721885530.037,54,
1721885530.533,54,
1721885532.014,54,
1721885532.503,54,
1721885533.525,54,
1721885535.014,54,
1721885535.517,54,
1721885537.019,54,
1721885537.524,54,
1721885538.538,54,
1721885540.013,54,
1721885540.504,54,
1721885541.506,54,
1721885542.512,54,
1721885543.516,54,
1721885545.027,54,
1721885545.536,54,
1721885547.035,54,
1721885547.538,54,
1721885548.524,54,
1721885549.507,54,
1721885550.504,54,
1721885551.508,54,
1721885553.507,54,
1721885553.005,54,
1721885554.507,54,
1721885555.502,54,
1721885556.528,54,
1721885557.519,54,
1721885560.037,54,
1721885561.028,54,
1721885561.525,54,
1721885563.006,54,
1721885563.502,54,
1721885565.011,54,
1721885566.009,54,
1721885566.499,54,
1721885567.5,54,
1721885568.489,54,
1721885569.49,54,
1721885570.483,54,
1721885572.503,54,
1721885573.49,54,
1721885574.495,54,
1721885575.492,54,
1721885577.481,54,
1721885578.501,54,
1721885580.0,54,
1721885580.499,54,
1721885581.479,54,
1721885582.502,54,
1721885583.465,54,
1721885584.455,54,
1721885585.461,54,
1721885586.464,54,
1721885587.454,54,
1721885588.451,54,
1721885589.928,54,
1721885590.407,54,
1721885591.418,54,
1721885592.436,54,
1721885593.444,54,
1721885594.437,54,
1721885595.96,54,
1721885597.457,54,
1721885598.465,54,
1721885599.477,54,
1721885600.464,54,
1721885601.46,54,
1721885602.97,54,
1721885604.446,54,
1721885605.945,54,
1721885606.438,54,
1721885607.465,54,
1721885608.459,54,
1721885610.466,54,
1721885609.453,54,
1721885612.499,54,
1721885613.498,54,
1721885614.962,54,
1721885615.46,54,
1721885616.455,54,
1721885617.447,54,
1721885618.445,54,
1721885619.442,54,
1721885620.426,54,
1721885622.416,54,
1721885623.899,54,
1721885624.397,54,
1721885625.386,54,
1721885626.893,54,
1721885627.888,54,
1721885628.38,54,
1721885629.871,54,
1721885630.865,54,
1721885631.372,54,
1721885632.865,54,
1721885633.87,54,
1721885634.879,54,
1721885635.364,54,
1721885636.355,54,
1721885637.868,54,
1721885638.361,54,
1721885639.84,54,
1721885640.358,54,
1721885642.868,54,
1721885643.363,54,
1721885644.373,54,
1721885645.86,54,
1721885646.367,54,
1721885648.867,54,
1721885649.379,54,
1721885650.383,54,
1721885652.393,54,
1721885654.39,54,
1721885655.402,54,
1721885656.399,54,
1721885657.407,54,
1721885658.411,54,
1721885659.899,54,
1721885660.881,54,
1721885661.378,54,
1721885662.854,54,
1721885663.851,54,
1721885664.358,54,
1721885666.363,54,
1721885667.842,54,
1721885668.35,54,
1721885669.364,54,
1721885670.372,54,
1721885671.881,54,
1721885672.379,54,
1721885673.371,54,
1721885674.35,54,
1721885675.847,54,
1721885676.865,54,
1721885677.355,54,
1721885678.841,54,
1721885681.344,54,
1721885682.327,54,
1721885683.329,54,
1721885684.343,54,
1721885685.34,54,
1721885686.347,54,
1721885687.347,54,
1721885688.349,54,
1721885689.857,54,
1721885690.366,54,
1721885691.375,54,
1721885692.372,54,
1721885693.366,54,
1721885694.361,54,
1721885695.34,54,
1721885696.852,54,
1721885698.333,54,
1721885699.347,54,
1721885700.327,54,
1721885701.811,54,
1721885704.285,54,
1721885706.256,54,
1721885707.255,54,
1721885708.251,54,
1721885709.222,54,
1721885710.249,54,
1721885711.247,54,
1721885712.728,54,
1721885713.228,54,
1721885714.205,54,
1721885715.204,54,
1721885716.692,54,
1721885717.681,54,
1721885718.185,54,
1721885719.184,54,
1721885720.187,54,
1721885721.175,54,
1721885722.153,54,
1721885723.15,54,
1721885724.138,54,
1721885726.129,54,
1721885730.061,54,
1721885731.078,54,
1721885732.083,54,
1721885733.083,54,
1721885734.546,54,
1721885735.044,54,
1721885736.059,54,
1721885737.059,54,
1721885738.052,54,
1721885739.526,54,
1721885740.029,54,
1721885741.023,54,
1721885743.018,54,
1721885744.012,54,
1721885745.003,54,
1721885746.513,54,
1721885747.022,54,
1721885748.026,54,
1721885749.037,54,
1721885750.048,54,
1721885751.071,54,
1721885754.084,54,
1721885755.08,54,
1721885756.078,54,
1721885757.055,54,
1721885758.061,54,
1721885759.039,54,
1721885760.04,54,
1721885761.041,54,
1721885762.055,54,
1721885764.536,54,
1721885765.022,54,
1721885766.046,54,
1721885767.045,54,
1721885768.532,54,
1721885770.022,54,
1721885771.497,54,
1721885771.997,54,
1721885772.999,54,
1721885774.485,54,
1721885775.482,54,
1721885780.452,54,
1721885780.95,54,
1721885781.907,54,
1721885783.416,54,
1721885783.92,54,
1721885785.42,54,
1721885786.414,54,
1721885787.4,54,
1721885787.889,54,
1721885788.887,54,
1721885789.883,54,
1721885790.865,54,
1721885791.867,54,
1721885792.863,54,
1721885794.346,54,
1721885794.847,54,
1721885795.846,54,
1721885796.86,54,
1721885797.841,54,
1721885798.838,54,
1721885800.328,54,
1721885801.802,54,
1721885802.816,54,
1721885804.312,54,
1721885804.822,54,
1721885807.346,54,
1721885807.845,54,
1721885808.838,54,
1721885809.841,54,
1721885810.838,54,
1721885811.841,54,
1721885813.85,54,
1721885814.849,54,
1721885816.318,54,
1721885817.336,54,
1721885817.839,54,
1721885818.817,54,
1721885820.305,54,
1721885820.809,54,
1721885821.788,54,
1721885822.79,54,
1721885823.772,54,
1721885824.772,54,
1721885825.762,53,
1721885827.257,53,
1721885827.757,53,
1721885828.765,53,
1721885830.258,53,
1721885831.239,53,
1721885832.247,53,
1721885833.248,53,
1721885833.751,53,
1721885835.726,53,
1721885837.706,53,
1721885836.715,53,
1721885838.684,53,
1721885840.194,53,
1721885840.683,53,
1721885841.658,53,
1721885842.63,53,
1721885843.636,53,
1721885846.13,53,
1721885846.616,53,
1721885847.609,53,
1721885848.616,53,
1721885850.123,53,
1721885850.627,53,
1721885851.638,53,
1721885852.646,53,
1721885854.638,53,
1721885855.641,53,
1721885856.619,53,
1721885857.61,53,
1721885858.6,53,
1721885859.613,53,
1721885862.07,53,
1721885862.581,53,
1721885863.585,53,
1721885865.1,53,
1721885866.097,53,
1721885867.086,53,
1721885868.087,53,
1721885868.563,53,
1721885869.56,53,
1721885870.567,53,
1721885871.562,53,
1721885874.055,53,
1721885874.562,53,
1721885875.555,53,
1721885877.57,53,
1721885879.07,53,
1721885880.052,53,
1721885881.053,53,
1721885881.562,53,
1721885883.579,53,
1721885884.545,53,
1721885886.534,53,
1721885887.529,53,
1721885888.538,53,
1721885889.541,53,
1721885890.52,53,
1721885892.005,53,
1721885892.513,53,
1721885894.483,53,
1721885893.502,53,
1721885895.486,53,
1721885896.479,53,
1721885897.478,53,
1721885898.475,53,
1721885899.468,53,
1721885903.951,53,
1721885904.953,53,
1721885905.465,53,
1721885906.453,53,
1721885907.474,53,
1721885908.466,53,
1721885909.467,53,
1721885910.467,53,
1721885911.45,53,
1721885912.962,53,
1721885913.454,53,
1721885914.953,53,
1721885916.458,53,
1721885918.941,53,
1721885919.43,53,
1721885920.944,53,
1721885921.444,53,
1721885923.437,53,
1721885924.438,53,
1721885926.902,53,
1721885928.4,53,
1721885929.417,53,
1721885930.421,53,
1721885931.42,53,
1721885932.417,53,
1721885933.416,53,
1721885934.431,53,
1721885935.447,53,
1721885936.954,53,
1721885937.448,53,
1721885938.458,53,
1721885939.425,53,
1721885940.458,53,
1721885941.476,53,
1721885942.483,53,
1721885943.484,53,
1721885944.475,53,
1721885945.473,53,
1721885946.479,53,
1721885947.503,53,
1721885948.502,53,
1721885949.498,53,
1721885950.494,53,
1721885951.999,53,
1721885953.005,53,
1721885953.515,53,
1721885954.49,53,
1721885955.484,53,
1721885956.489,53,
1721885958.449,53,
1721885959.417,53,
1721885960.424,53,
1721885961.402,53,
1721885962.391,53,
1721885963.39,53,
1721885964.383,53,
1721885965.403,53,
1721885966.39,53,
1721885967.38,53,
1721885968.376,53,
1721885969.855,53,
1721885970.334,53,
1721885971.321,53,
1721885972.324,53,
1721885973.316,53,
1721885974.327,53,
1721885975.809,53,
1721885976.812,53,
1721885978.31,53,
1721885980.309,53,
1721885981.294,53,
1721885982.771,53,
1721885983.282,53,
1721885984.785,53,
1721885985.264,53,
1721885986.259,53,
1721885987.254,53,
1721885988.733,53,
1721885989.746,53,
1721885990.72,53,
1721885991.227,53,
1721885992.214,53,
1721885993.207,53,
1721885994.225,53,
1721885995.719,53,
1721885996.228,53,
1721885997.212,53,
1721885998.216,53,
1721885999.71,53,
1721886000.706,53,
1721886002.19,53,
1721886005.177,53,
1721886006.151,53,
1721886007.162,53,
1721886008.166,53,
1721886009.153,53,
1721886010.163,53,
1721886011.145,53,
1721886012.137,53,
1721886013.117,53,
1721886015.1,53,
1721886016.099,53,
1721886017.077,53,
1721886018.564,53,
1721886020.054,53,
1721886021.058,53,
1721886022.059,53,
1721886023.052,53,
1721886024.564,53,
1721886025.066,53,
1721886026.059,53,
1721886028.059,53,
1721886029.546,53,
1721886030.569,53,
1721886031.061,53,
1721886032.083,53,
1721886033.087,53,
1721886034.093,53,
1721886035.112,53,
1721886036.091,53,
1721886037.1,53,
1721886038.605,53,
1721886039.09,53,
1721886040.095,53,
1721886041.102,53,
1721886042.093,53,
1721886043.08,53,
1721886044.1,53,
1721886045.085,53,
1721886046.101,53,
1721886047.085,53,
1721886048.56,53,
1721886049.53,53,
1721886050.042,53,
1721886054.013,53,
1721886055.02,53,
1721886056.005,53,
1721886057.008,53,
1721886058.01,53,
1721886058.968,53,
1721886059.985,53,
1721886062.483,53,
1721886062.968,53,
1721886063.968,53,
1721886064.972,53,
1721886066.455,53,
1721886066.972,53,
1721886068.465,53,
1721886069.449,53,
1721886069.954,53,
1721886071.938,53,
1721886073.947,53,
1721886075.443,53,
1721886076.962,53,
1721886077.931,53,
1721886079.425,53,
1721886080.426,53,
1721886080.92,53,
1721886081.92,53,
1721886083.427,53,
1721886083.94,53,
1721886085.445,53,
1721886085.95,53,
1721886086.939,53,
1721886087.951,53,
1721886089.942,53,
1721886090.943,53,
1721886092.44,53,
1721886093.467,53,
1721886093.961,53,
1721886094.971,53,
1721886095.971,53,
1721886096.954,53,
1721886097.978,53,
1721886098.977,53,
1721886099.985,53,
1721886102.457,53,
1721886103.944,53,
1721886104.952,53,
1721886105.94,53,
1721886106.933,53,
1721886107.933,53,
1721886109.439,53,
1721886109.943,53,
1721886110.955,53,
1721886112.955,53,
1721886113.944,53,
1721886114.957,53,
1721886116.439,53,
1721886116.947,53,
1721886117.927,53,
1721886118.929,53,
1721886119.932,53,
1721886122.428,53,
1721886122.922,53,
1721886123.929,53,
1721886124.951,53,
1721886125.965,53,
1721886126.961,53,
1721886127.971,53,
1721886129.99,53,
1721886131.002,53,
1721886132.51,53,
1721886133.006,53,
1721886133.984,53,
1721886135.482,53,
1721886135.99,53,
1721886136.95,53,
1721886137.938,53,
1721886138.961,53,
1721886139.962,53,
1721886140.978,53,
1721886141.988,53,
1721886143.485,53,
1721886144.487,53,
1721886145.488,53,
1721886145.995,53,
1721886147.023,53,
1721886148.01,53,
1721886149.009,53,
1721886149.997,53,
1721886150.996,53,
1721886152.971,53,
1721886153.961,53,
1721886154.969,53,
1721886156.457,53,
1721886156.963,53,
1721886157.96,53,
1721886159.47,53,
1721886159.971,53,
1721886160.972,53,
1721886161.964,53,
1721886162.958,53,
1721886163.96,53,
1721886164.943,53,
1721886166.948,53,
1721886167.927,53,
1721886168.913,53,
1721886169.893,53,
1721886171.417,53,
1721886171.919,53,
1721886172.928,53,
1721886174.434,53,
1721886174.948,53,
1721886175.951,53,
1721886176.933,53,
1721886178.428,53,
1721886179.913,53,
1721886181.411,53,
1721886182.423,53,
1721886182.907,53,
1721886183.893,53,
1721886184.883,53,
1721886186.362,53,
1721886186.853,53,
1721886187.858,53,
1721886188.865,53,
1721886189.831,53,
1721886190.816,53,
1721886191.823,53,
1721886193.305,53,
1721886194.305,53,
1721886194.824,53,
1721886195.814,53,
1721886196.829,53,
1721886197.824,53,
1721886198.837,53,
1721886200.35,53,
1721886200.841,53,
1721886201.857,53,
1721886202.86,53,
1721886204.361,53,
1721886204.87,53,
1721886205.86,53,
1721886206.865,53,
1721886207.854,53,
1721886208.857,53,
1721886209.873,53,
1721886211.365,53,
1721886211.858,53,
1721886212.85,53,
1721886213.859,53,
1721886216.332,53,
1721886217.342,53,
1721886217.842,53,
1721886218.862,53,
1721886219.857,53,
1721886220.854,53,
1721886222.337,53,
1721886222.84,53,
1721886223.831,53,
1721886224.805,53,
1721886226.295,53,
1721886227.309,53,
1721886227.809,53,
1721886229.291,53,
1721886229.823,53,
1721886230.788,53,
1721886233.817,53,
1721886234.816,53,
1721886235.811,53,
1721886236.79,53,
1721886237.802,53,
1721886238.802,53,
1721886239.789,53,
1721886241.296,53,
1721886241.791,53,
1721886242.777,53,
1721886243.751,53,
1721886244.764,53,
1721886245.788,53,
1721886246.791,53,
1721886249.293,53,
1721886249.78,53,
1721886251.79,53,
1721886252.765,53,
1721886254.277,53,
1721886254.777,53,
1721886255.767,53,
1721886256.763,53,
1721886257.746,53,
1721886258.744,53,
1721886259.729,53,
1721886260.736,53,
1721886261.743,53,
1721886262.734,53,
1721886263.736,53,
1721886264.745,53,
1721886265.744,53,
1721886266.744,53,
1721886267.749,53,
1721886268.764,53,
1721886270.781,53,
1721886271.813,53,
1721886272.813,53,
1721886273.829,53,
1721886274.827,53,
1721886276.302,53,
1721886278.287,53,
1721886279.768,53,
1721886280.78,53,
1721886281.774,53,
1721886282.763,53,
1721886283.763,53,
1721886286.287,53,
1721886287.3,53,
1721886287.79,53,
1721886288.772,53,
1721886289.791,53,
1721886291.296,53,
1721886291.783,53,
1721886293.259,53,
1721886293.759,53,
1721886294.765,53,
1721886295.783,53,
1721886296.782,53,
1721886297.791,53,
1721886298.796,53,
1721886300.313,53,
1721886300.808,53,
1721886303.809,53,
1721886304.813,53,
1721886305.806,53,
1721886306.801,53,
1721886307.785,53,
1721886309.297,53,
1721886310.293,53,
1721886310.804,53,
1721886311.785,53,
1721886313.777,53,
1721886314.751,53,
1721886315.726,53,
1721886316.729,53,
1721886318.213,53,
1721886319.725,53,
1721886320.708,53,
1721886321.719,53,
1721886322.721,53,
1721886323.725,53,
1721886325.21,53,
1721886325.712,53,
1721886328.178,53,
1721886329.71,53,
1721886330.709,53,
1721886331.71,53,
1721886333.224,53,
1721886334.7,53,
1721886335.693,53,
1721886337.177,53,
1721886337.674,53,
1721886339.156,53,
1721886339.652,53,
1721886340.653,53,
1721886341.639,53,
1721886342.617,53,
1721886343.604,53,
1721886344.613,53,
1721886345.615,53,
1721886346.615,53,
1721886347.607,53,
1721886348.599,53,
1721886349.605,53,
1721886351.105,53,
1721886351.59,53,
1721886353.095,53,
1721886353.598,53,
1721886354.598,53,
1721886355.58,53,
1721886356.581,53,
1721886358.081,53,
1721886358.574,53,
1721886359.584,53,
1721886360.566,53,
1721886361.577,53,
1721886363.071,53,
1721886363.577,53,
1721886364.587,53,
1721886365.591,53,
1721886367.588,53,
1721886368.585,53,
1721886369.59,53,
1721886370.589,53,
1721886371.583,53,
1721886372.571,53,
1721886373.563,53,
1721886375.056,53,
1721886378.537,53,
1721886379.538,53,
1721886380.545,53,
1721886382.051,53,
1721886382.54,53,
1721886383.542,53,
1721886384.542,53,
1721886385.568,53,
1721886386.573,53,
1721886387.565,53,
1721886388.552,53,
1721886389.552,53,
1721886390.534,53,
1721886391.513,53,
1721886393.029,53,
1721886393.529,53,
1721886395.027,53,
1721886395.519,53,
1721886396.53,53,
1721886397.521,53,
1721886398.529,53,
1721886399.526,53,
1721886400.543,53,
1721886401.547,53,
1721886403.522,53,
1721886405.036,53,
1721886407.021,53,
1721886407.531,53,
1721886408.522,53,
1721886410.546,53,
1721886411.539,53,
1721886412.55,53,
1721886413.55,53,
1721886415.049,53,
1721886415.555,53,
1721886417.051,53,
1721886418.052,53,
1721886419.068,53,
1721886419.568,53,
1721886420.546,53,
1721886422.028,53,
1721886422.528,53,
1721886423.509,53,
1721886424.502,53,
1721886425.503,53,
1721886426.488,53,
1721886427.51,53,
1721886429.019,53,
1721886430.037,53,
1721886430.544,53,
1721886431.554,53,
1721886433.568,53,
1721886435.045,53,
1721886436.547,53,
1721886437.55,53,
1721886438.535,53,
1721886440.025,53,
1721886440.537,53,
1721886441.532,53,
1721886442.544,53,
1721886443.55,53,
1721886444.545,53,
1721886445.545,53,
1721886446.537,53,
1721886448.036,53,
1721886448.532,53,
1721886449.535,53,
1721886450.544,53,
1721886452.02,53,
1721886453.526,53,
1721886454.528,53,
1721886455.561,53,
1721886456.579,53,
1721886457.563,53,
1721886459.057,53,
1721886459.546,53,
1721886460.544,53,
1721886462.046,53,
1721886462.549,53,
1721886464.026,53,
1721886464.523,53,
1721886465.501,53,
1721886466.51,53,
1721886468.021,53,
1721886469.009,53,
1721886469.496,53,
1721886470.532,53,
1721886471.525,53,
1721886472.542,53,
1721886473.529,53,
1721886475.046,53,
1721886475.551,53,
1721886476.553,53,
1721886478.056,53,
1721886479.55,53,
1721886480.559,53,
1721886481.55,53,
1721886482.541,53,
1721886485.043,53,
1721886485.54,53,
1721886487.047,53,
1721886487.544,53,
1721886488.543,53,
1721886489.543,53,
1721886490.567,53,
1721886491.573,53,
1721886492.542,53,
1721886493.55,53,
1721886494.532,53,
1721886495.543,53,
1721886496.542,53,
1721886497.528,53,
1721886498.527,53,
1721886499.527,53,
1721886501.007,53,
1721886503.023,53,
1721886503.514,53,
1721886504.524,53,
1721886505.535,53,
1721886506.521,53,
1721886507.512,53,
1721886509.015,53,
1721886509.526,53,
1721886511.013,53,
1721886511.508,53,
1721886513.541,53,
1721886514.529,53,
1721886516.052,53,
1721886517.054,53,
1721886517.544,53,
1721886519.021,53,
1721886519.531,53,
1721886520.519,53,
1721886521.522,53,
1721886522.539,53,
1721886523.548,53,
1721886524.533,53,
1721886525.547,52,
1721886526.541,52,
1721886528.036,52,
1721886528.531,52,
1721886529.539,52,
1721886530.537,52,
1721886531.537,52,
1721886533.029,52,
1721886533.537,52,
1721886534.542,52,
1721886536.057,52,
1721886536.565,52,
1721886537.561,52,
1721886538.591,52,
1721886540.092,52,
1721886540.586,52,
1721886541.604,52,
1721886542.602,52,
1721886543.597,52,
1721886544.593,52,
1721886545.604,52,
1721886546.581,52,
1721886547.564,52,
1721886548.554,52,
1721886550.07,52,
1721886550.567,52,
1721886552.074,52,
1721886552.572,52,
1721886555.086,52,
1721886556.06,52,
1721886556.555,52,
1721886557.552,52,
1721886558.53,52,
1721886559.505,52,
1721886561.499,52,
1721886562.507,52,
1721886563.521,52,
1721886565.963,52,
1721886567.944,52,
1721886569.462,52,
1721886570.975,52,
1721886571.471,52,
1721886572.455,52,
1721886573.973,52,
1721886574.469,52,
1721886575.449,52,
1721886577.454,52,
1721886579.459,52,
1721886580.453,52,
1721886581.454,52,
1721886582.446,52,
1721886583.93,52,
1721886584.435,52,
1721886585.427,52,
1721886587.412,52,
1721886588.426,52,
1721886589.404,52,
1721886590.381,52,
1721886591.38,52,
1721886592.39,52,
1721886594.37,52,
1721886595.856,52,
1721886596.365,52,
1721886597.352,52,
1721886598.345,52,
1721886599.341,52,
1721886600.364,52,
1721886601.834,52,
1721886602.846,52,
1721886603.338,52,
1721886604.802,52,
1721886605.287,52,
1721886606.286,52,
1721886607.307,52,
1721886608.81,52,
1721886609.302,52,
1721886610.304,52,
1721886611.304,52,
1721886612.322,52,
1721886613.297,52,
1721886614.261,52,
1721886615.254,52,
1721886616.254,52,
1721886617.727,52,
1721886618.225,52,
1721886619.232,52,
1721886620.728,52,
1721886621.217,52,
1721886622.725,52,
1721886623.205,52,
1721886624.181,52,
1721886625.182,52,
1721886626.171,52,
1721886627.154,52,
1721886628.647,52,
1721886629.652,52,
1721886630.164,52,
1721886631.664,52,
1721886633.149,52,
1721886634.147,52,
1721886635.663,52,
1721886636.187,52,
1721886638.18,52,
1721886639.173,52,
1721886640.147,52,
1721886641.655,52,
1721886642.667,52,
1721886643.667,52,
1721886644.167,52,
1721886645.182,52,
1721886646.18,52,
1721886647.653,52,
1721886648.148,52,
1721886649.172,52,
1721886650.203,52,
1721886651.181,52,
1721886652.152,52,
1721886653.651,52,
1721886655.636,52,
1721886656.137,52,
1721886657.11,52,
1721886658.111,52,
1721886659.089,52,
1721886660.1,52,
1721886661.109,52,
1721886662.106,52,
1721886663.577,52,
1721886665.054,52,
1721886666.056,52,
1721886667.059,52,
1721886668.575,52,
1721886669.567,52,
1721886670.068,52,
1721886671.063,52,
1721886672.552,52,
1721886673.058,52,
1721886675.051,52,
1721886677.005,52,
1721886678.989,52,
1721886679.983,52,
1721886680.967,52,
1721886681.953,52,
1721886682.975,52,
1721886683.985,52,
1721886685.005,52,
1721886685.992,52,
1721886687.975,52,
1721886689.965,52,
1721886688.966,52,
1721886691.451,52,
1721886691.939,52,
1721886692.938,52,
1721886693.934,52,
1721886694.942,52,
1721886696.423,52,
1721886696.913,52,
1721886698.413,52,
1721886698.924,52,
1721886699.915,52,
1721886701.404,52,
1721886703.4,52,
1721886703.891,52,
1721886705.912,52,
1721886706.875,52,
1721886707.885,52,
1721886708.89,52,
1721886710.377,52,
1721886711.898,52,
1721886713.381,52,
1721886713.869,52,
1721886715.379,52,
1721886715.89,52,
1721886716.907,52,
1721886717.908,52,
1721886719.429,52,
1721886719.91,52,
1721886720.915,52,
1721886722.418,52,
1721886723.426,52,
1721886724.424,52,
1721886724.934,52,
1721886725.925,52,
1721886727.934,52,
1721886728.942,52,
1721886730.435,52,
1721886730.922,52,
1721886731.923,52,
1721886732.921,52,
1721886733.935,52,
1721886735.44,52,
1721886735.944,52,
1721886736.934,52,
1721886737.928,52,
1721886738.923,52,
1721886739.913,52,
1721886741.435,52,
1721886741.943,52,
1721886743.474,52,
1721886743.978,52,
1721886744.984,52,
1721886745.974,52,
1721886746.976,52,
1721886748.456,52,
1721886748.947,52,
1721886749.932,52,
1721886751.414,52,
1721886751.903,52,
1721886752.912,52,
1721886754.931,52,
1721886755.926,52,
1721886756.927,52,
1721886758.456,52,
1721886758.938,52,
1721886759.94,52,
1721886760.933,52,
1721886761.921,52,
1721886763.405,52,
1721886763.902,52,
1721886764.893,52,
1721886766.403,52,
1721886766.911,52,
1721886768.932,52,
1721886769.93,52,
1721886770.948,52,
1721886771.935,52,
1721886772.951,52,
1721886774.435,52,
1721886775.416,52,
1721886776.405,52,
1721886776.897,52,
1721886777.899,52,
1721886779.399,52,
1721886780.408,52,
1721886781.893,52,
1721886782.885,52,
1721886783.871,52,
1721886785.373,52,
1721886785.859,52,
1721886786.848,52,
1721886787.824,52,
1721886789.33,52,
1721886789.821,52,
1721886791.307,52,
1721886792.3,52,
1721886792.803,52,
1721886793.818,52,
1721886794.819,52,
1721886795.827,52,
1721886796.822,52,
1721886797.821,52,
1721886798.825,52,
1721886799.823,52,
1721886800.837,52,
1721886802.807,52,
1721886804.297,52,
1721886804.794,52,
1721886805.785,52,
1721886807.789,52,
1721886809.3,52,
1721886809.803,52,
1721886810.811,52,
1721886813.811,52,
1721886814.803,52,
1721886815.805,52,
1721886816.81,52,
1721886817.809,52,
1721886819.282,52,
1721886819.789,52,
1721886820.799,52,
1721886821.81,52,
1721886822.793,52,
1721886823.783,52,
1721886824.777,52,
1721886825.747,52,
1721886826.755,52,
1721886828.757,52,
1721886829.76,52,
1721886830.733,52,
1721886831.71,52,
1721886832.707,52,
1721886833.698,52,
1721886834.711,52,
1721886835.692,52,
1721886837.18,52,
1721886837.675,52,
1721886838.659,52,
1721886839.682,52,
1721886840.671,52,
1721886841.659,52,
1721886842.668,52,
1721886843.684,52,
1721886845.205,52,
1721886845.695,52,
1721886846.706,52,
1721886847.705,52,
1721886850.196,52,
1721886850.694,52,
1721886851.703,52,
1721886852.68,52,
1721886853.68,52,
1721886855.172,52,
1721886855.672,52,
1721886856.679,52,
1721886857.661,52,
1721886858.651,52,
1721886860.652,52,
1721886859.649,52,
1721886861.651,52,
1721886862.648,52,
1721886863.637,52,
1721886865.127,52,
1721886865.612,52,
1721886867.585,52,
1721886868.573,52,
1721886870.062,52,
1721886870.575,52,
1721886871.568,52,
1721886873.058,52,
1721886874.054,52,
1721886874.544,52,
1721886875.541,52,
1721886876.532,52,
1721886878.041,52,
1721886878.551,52,
1721886879.533,52,
1721886880.53,52,
1721886881.535,52,
1721886882.531,52,
1721886883.524,52,
1721886885.017,52,
1721886885.514,52,
1721886886.528,52,
1721886888.062,52,
1721886888.564,52,
1721886891.086,52,
1721886891.576,52,
1721886892.581,52,
1721886893.568,52,
1721886895.051,52,
1721886895.544,52,
1721886897.536,52,
1721886899.05,52,
1721886899.545,52,
1721886900.567,52,
1721886903.515,52,
1721886905.524,52,
1721886907.484,52,
1721886908.467,52,
1721886909.48,52,
1721886910.97,52,
1721886911.968,52,
1721886912.467,52,
1721886913.977,52,
1721886914.48,52,
1721886915.465,52,
1721886917.45,52,
1721886916.453,52,
1721886918.436,52,
1721886919.936,52,
1721886920.452,52,
1721886921.462,52,
1721886922.465,52,
1721886923.452,52,
1721886924.449,52,
1721886925.434,52,
1721886926.942,52,
1721886927.44,52,
1721886928.937,52,
1721886929.427,52,
1721886932.887,52,
1721886933.394,52,
1721886934.395,52,
1721886935.396,52,
1721886936.411,52,
1721886937.414,52,
1721886938.398,52,
1721886939.393,52,
1721886940.403,52,
1721886941.417,52,
1721886942.395,52,
1721886943.394,52,
1721886944.901,52,
1721886945.417,52,
1721886946.418,52,
1721886947.9,52,
1721886948.898,52,
1721886949.897,52,
1721886950.393,52,
1721886951.908,52,
1721886952.914,52,
1721886953.409,52,
1721886954.416,52,
1721886955.928,52,
1721886956.429,52,
1721886957.458,52,
1721886958.447,52,
1721886959.407,52,
1721886960.394,52,
1721886961.378,52,
1721886962.397,52,
1721886963.378,52,
1721886964.392,52,
1721886965.392,52,
1721886966.406,52,
1721886967.408,52,
1721886968.41,52,
1721886969.414,52,
1721886970.411,52,
1721886971.91,52,
1721886972.421,52,
1721886974.457,52,
1721886973.432,52,
1721886975.947,52,
1721886977.425,52,
1721886978.932,52,
1721886979.927,52,
1721886980.424,52,
1721886981.445,52,
1721886982.439,52,
1721886983.419,52,
1721886984.416,52,
1721886985.418,52,
1721886986.898,52,
1721886987.398,52,
1721886988.391,52,
1721886989.381,52,
1721886990.387,52,
1721886992.377,52,
1721886993.384,52,
1721886994.382,52,
1721886995.858,52,
1721886997.855,52,
1721886998.345,52,
1721886999.335,52,
1721887001.82,52,
1721887002.323,52,
1721887003.807,52,
1721887004.827,52,
1721887005.326,52,
1721887006.336,52,
1721887007.343,52,
1721887008.369,52,
1721887009.358,52,
1721887010.342,52,
1721887011.816,52,
1721887012.81,52,
1721887013.826,52,
1721887014.313,52,
1721887015.288,52,
1721887016.275,52,
1721887017.275,52,
1721887018.767,52,
1721887019.261,52,
1721887020.755,52,
1721887021.734,52,
1721887022.235,52,
1721887023.244,52,
1721887024.235,52,
1721887025.224,52,
1721887026.22,52,
1721887027.191,52,
1721887028.205,52,
1721887030.196,52,
1721887032.213,52,
1721887034.71,52,
1721887035.699,52,
1721887036.196,52,
1721887037.191,52,
1721887038.183,52,
1721887039.167,52,
1721887040.181,52,
1721887041.148,52,
1721887042.633,52,
1721887043.129,52,
1721887044.102,52,
1721887045.101,52,
1721887046.607,52,
1721887047.095,52,
1721887048.586,52,
1721887049.075,52,
1721887050.061,52,
1721887051.056,52,
1721887052.069,52,
1721887055.004,52,
1721887056.013,52,
1721887057.005,52,
1721887058.007,52,
1721887059.034,52,
1721887060.032,52,
1721887062.536,52,
1721887063.048,52,
1721887064.546,52,
1721887065.049,52,
1721887066.555,52,
1721887067.067,52,
1721887068.064,52,
1721887069.067,52,
1721887070.067,52,
1721887071.069,52,
1721887072.068,52,
1721887073.058,52,
1721887074.539,52,
1721887075.02,52,
1721887076.534,52,
1721887078.04,52,
1721887080.498,52,
1721887081.503,52,
1721887082.473,52,
1721887082.982,52,
1721887084.474,52,
1721887084.968,52,
1721887085.986,52,
1721887086.988,52,
1721887087.98,52,
1721887088.956,52,
1721887089.951,52,
1721887091.454,52,
1721887091.935,52,
1721887092.91,52,
1721887093.914,52,
1721887094.911,52,
1721887095.929,52,
1721887097.452,52,
1721887098.465,52,
1721887098.974,52,
1721887099.947,52,
1721887101.941,52,
1721887103.46,52,
1721887104.965,52,
1721887105.967,52,
1721887106.964,52,
1721887107.965,52,
1721887109.95,52,
1721887110.954,52,
1721887111.944,52,
1721887113.42,52,
1721887113.911,52,
1721887114.899,52,
1721887115.909,52,
1721887116.9,52,
1721887118.391,52,
1721887119.385,52,
1721887119.897,52,
1721887121.37,52,
1721887121.872,52,
1721887123.386,52,
1721887123.896,52,
1721887125.389,52,
1721887126.393,52,
1721887126.896,52,
1721887128.406,52,
1721887129.415,52,
1721887129.936,52,
1721887130.95,52,
1721887131.941,52,
1721887132.953,52,
1721887133.948,52,
1721887134.933,52,
1721887135.948,52,
1721887136.952,52,
1721887137.951,52,
1721887138.933,52,
1721887140.434,52,
1721887140.943,52,
1721887141.945,52,
1721887143.435,52,
1721887144.437,52,
1721887144.943,52,
1721887145.924,52,
1721887146.905,52,
1721887147.912,52,
1721887148.913,52,
1721887149.912,52,
1721887150.918,52,
1721887152.898,52,
1721887154.885,52,
1721887155.902,52,
1721887156.887,52,
1721887158.41,52,
1721887158.917,52,
1721887160.374,52,
1721887160.864,52,
1721887161.872,52,
1721887162.838,52,
1721887163.825,52,
1721887165.334,52,
1721887166.347,52,
1721887166.856,52,
1721887168.807,52,
1721887169.797,52,
1721887171.311,52,
1721887171.812,52,
1721887172.817,52,
1721887173.815,52,
1721887174.819,52,
1721887177.313,52,
1721887178.303,52,
1721887178.794,52,
1721887179.805,52,
1721887181.297,52,
1721887182.278,52,
1721887183.258,52,
1721887184.233,52,
1721887185.235,52,
1721887186.222,52,
1721887186.728,52,
1721887187.704,52,
1721887188.721,52,
1721887189.701,52,
1721887190.709,52,
1721887191.707,52,
1721887192.713,52,
1721887194.186,52,
1721887194.665,52,
1721887196.668,52,
1721887197.666,52,
1721887198.658,52,
1721887199.659,52,
1721887200.624,52,
1721887202.103,52,
1721887202.587,52,
1721887204.1,52,
1721887205.09,52,
1721887205.593,52,
1721887207.582,52,
1721887208.565,52,
1721887209.559,52,
1721887210.552,52,
1721887211.559,52,
1721887212.581,52,
1721887214.052,52,
1721887215.055,52,
1721887215.556,52,
1721887216.572,52,
1721887217.559,52,
1721887218.549,52,
1721887219.558,52,
1721887220.545,52,
1721887221.539,52,
1721887222.52,52,
1721887223.496,52,
1721887224.994,52,
1721887225.981,52,
1721887226.486,52,
1721887227.491,52,
1721887228.987,52,
1721887229.483,52,
1721887230.458,52,
1721887231.449,52,
1721887232.947,52,
1721887233.43,52,
1721887234.45,52,
1721887235.446,51,
1721887236.434,51,
1721887237.938,51,
1721887238.454,51,
1721887242.736,53,
1721887243.707,53,
1721887244.714,53,
1721887245.707,53,
1721887246.689,53,
1721887248.178,53,
1721887249.195,53,
1721887249.687,53,
1721887250.675,53,
1721887252.159,53,
1721887252.662,53,
1721887254.642,52,
1721887255.647,52,
1721887256.652,52,
1721887257.654,52,
1721887259.15,52,
1721887259.653,52,
1721887261.154,52,
1721887261.65,52,
1721887263.184,52,
1721887263.686,53,
1721887264.677,53,
1721887265.669,53,
1721887266.657,53,
1721887267.658,53,
1721887268.676,53,
1721887269.675,53,
1721887270.659,53,
1721887271.651,53,
1721887272.623,53,
1721887273.637,53,
1721887275.147,53,
1721887275.634,53,
1721887276.645,53,
1721887277.676,53,
1721887278.673,53,
1721887280.174,53,
1721887280.672,53,
1721887281.706,53,
1721887282.693,53,
1721887283.708,52,
1721887284.704,52,
1721887285.714,52,
1721887287.231,52,
1721887287.729,52,
1721887289.232,52,
1721887289.747,52,
1721887290.759,52,
1721887291.741,52,
1721887292.735,52,
1721887293.731,52,
1721887294.73,52,
1721887296.227,52,
1721887296.742,52,
1721887298.736,52,
1721887300.209,52,
1721887300.688,52,
1721887302.656,52,
1721887305.139,52,
1721887305.635,52,
1721887307.132,52,
1721887308.129,52,
1721887309.13,52,
1721887309.631,52,
1721887310.629,52,
1721887311.647,52,
1721887313.142,52,
1721887315.151,52,
1721887315.638,52,
1721887316.615,52,
1721887317.611,52,
1721887318.626,52,
1721887320.573,52,
1721887321.556,52,
1721887322.541,52,
1721887323.538,52,
1721887325.06,52,
1721887325.559,52,
1721887327.537,52,
1721887328.563,52,
1721887330.074,52,
1721887330.57,52,
1721887332.089,52,
1721887332.607,52,
1721887334.09,52,
1721887334.593,52,
1721887336.093,52,
1721887336.593,52,
1721887337.585,52,
1721887339.539,52,
1721887340.56,52,
1721887341.552,52,
1721887342.542,52,
1721887344.016,52,
1721887344.527,52,
1721887345.529,52,
1721887347.011,52,
1721887347.99,52,
1721887348.48,52,
1721887349.494,52,
1721887350.475,52,
1721887352.463,52,
1721887353.487,52,
1721887354.486,52,
1721887355.482,52,
1721887356.466,52,
1721887357.46,52,
1721887358.449,52,
1721887359.445,52,
1721887360.424,52,
1721887361.901,52,
1721887362.912,52,
1721887363.408,52,
1721887364.41,52,
1721887365.377,52,
1721887366.856,52,
1721887367.348,52,
1721887368.873,52,
1721887369.374,52,
1721887370.854,52,
1721887371.349,52,
1721887372.366,52,
1721887373.374,52,
1721887374.381,52,
1721887377.898,52,
1721887379.399,52,
1721887380.383,52,
1721887381.379,52,
1721887382.385,52,
1721887383.395,52,
1721887384.391,52,
1721887385.373,52,
1721887386.382,52,
1721887387.412,52,
1721887388.409,52,
1721887389.419,52,
1721887390.392,52,
1721887391.383,52,
1721887392.895,52,
1721887393.383,52,
1721887394.371,52,
1721887395.38,52,
1721887396.383,52,
1721887397.369,52,
1721887398.376,52,
1721887399.373,52,
1721887400.371,52,
1721887401.875,52,
1721887402.364,52,
1721887403.85,52,
1721887404.355,52,
1721887405.358,52,
1721887406.368,52,
1721887407.373,52,
1721887408.368,52,
1721887409.345,52,
1721887410.333,52,
1721887411.313,52,
1721887412.296,52,
1721887413.287,52,
1721887414.286,52,
1721887415.288,52,
1721887417.28,52,
1721887418.273,52,
1721887419.258,52,
1721887421.224,52,
1721887422.737,52,
1721887423.215,52,
1721887424.221,52,
1721887425.227,52,
1721887426.708,52,
1721887428.19,52,
1721887429.169,52,
1721887430.675,52,
1721887431.171,52,
1721887432.177,52,
1721887433.199,52,
1721887435.17,52,
1721887436.162,52,
1721887437.155,52,
1721887438.152,52,
1721887439.144,52,
1721887440.143,52,
1721887441.147,52,
1721887442.147,52,
1721887443.143,52,
1721887444.144,52,
1721887445.145,52,
1721887446.614,52,
1721887447.103,52,
1721887448.088,52,
1721887449.094,52,
1721887450.099,52,
1721887451.1,52,
1721887453.599,52,
1721887454.083,52,
1721887455.074,52,
1721887456.557,52,
1721887457.055,52,
1721887458.063,52,
1721887459.06,52,
1721887460.064,52,
1721887461.056,52,
1721887462.038,52,
1721887463.02,52,
1721887464.01,52,
1721887465.023,52,
1721887466.013,52,
1721887467.022,52,
1721887468.025,52,
1721887472.014,52,
1721887473.011,52,
1721887474.007,52,
1721887474.999,52,
1721887475.993,52,
1721887477.982,52,
1721887479.46,52,
1721887479.955,52,
1721887480.967,52,
1721887481.957,52,
1721887482.961,52,
1721887483.959,52,
1721887484.943,52,
1721887485.94,52,
1721887486.932,52,
1721887488.43,52,
1721887489.433,52,
1721887489.934,52,
1721887492.39,52,
1721887492.888,52,
1721887494.39,52,
1721887495.877,52,
1721887496.864,52,
1721887498.377,52,
1721887499.387,52,
1721887500.87,52,
1721887502.4,52,
1721887502.882,52,
1721887504.38,52,
1721887504.871,52,
1721887506.388,52,
1721887506.889,52,
1721887508.367,52,
1721887508.872,52,
1721887509.87,52,
1721887510.865,52,
1721887512.348,52,
1721887512.853,52,
1721887513.831,52,
1721887515.331,52,
1721887515.806,52,
1721887516.79,52,
1721887517.785,52,
1721887518.782,52,
1721887519.784,52,
1721887520.783,52,
1721887521.781,52,
1721887523.274,52,
1721887524.262,52,
1721887524.768,52,
1721887526.263,52,
1721887527.276,52,
1721887527.786,52,
1721887528.78,52,
1721887529.782,52,
1721887531.274,52,
1721887532.257,52,
1721887534.263,52,
1721887535.254,52,
1721887536.754,52,
1721887537.749,52,
1721887539.229,52,
1721887539.744,52,
1721887540.738,52,
1721887541.744,52,
1721887542.736,52,
1721887544.208,52,
1721887545.216,52,
1721887546.19,52,
1721887546.691,52,
1721887547.67,52,
1721887548.677,52,
1721887549.653,52,
1721887551.636,52,
1721887553.133,52,
1721887553.619,52,
1721887554.63,52,
1721887555.62,52,
1721887556.618,52,
1721887557.628,52,
1721887558.584,52,
1721887559.585,52,
1721887562.093,52,
1721887563.093,52,
1721887570.078,52,
1721887570.56,52,
1721887572.071,52,
1721887573.553,52,
1721887574.533,52,
1721887575.528,52,
1721887576.522,52,
1721887577.526,52,
1721887580.533,52,
1721887581.575,52,
1721887582.572,52,
1721887583.547,52,
1721887584.558,52,
1721887585.554,52,
1721887586.548,52,
1721887587.514,52,
1721887588.511,52,
1721887589.517,52,
1721887591.023,52,
1721887592.027,52,
1721887592.534,52,
1721887593.509,52,
1721887594.489,52,
1721887595.498,52,
1721887597.006,52,
1721887598.497,52,
1721887599.509,52,
1721887600.512,52,
1721887603.46,52,
1721887605.448,52,
1721887606.453,52,
1721887607.462,52,
1721887608.935,52,
1721887609.916,52,
1721887610.425,52,
1721887611.429,52,
1721887612.948,52,
1721887613.432,52,
1721887614.934,52,
1721887615.939,52,
1721887616.435,52,
1721887617.431,52,
1721887618.447,52,
1721887620.928,52,
1721887622.425,52,
1721887623.406,52,
1721887624.407,52,
1721887625.421,52,
1721887627.888,52,
1721887628.384,52,
1721887629.408,52,
1721887630.399,52,
1721887631.906,52,
1721887632.4,52,
1721887633.879,52,
1721887634.872,52,
1721887635.386,52,
1721887636.91,52,
1721887637.921,52,
1721887639.413,52,
1721887640.399,52,
1721887642.427,52,
1721887641.413,52,
1721887643.438,52,
1721887644.448,52,
1721887645.461,52,
1721887646.45,52,
1721887647.45,52,
1721887648.44,52,
1721887649.936,52,
1721887650.92,52,
1721887651.936,52,
1721887652.956,52,
1721887654.45,52,
1721887655.454,52,
1721887656.936,52,
1721887657.427,52,
1721887658.424,52,
1721887659.933,52,
1721887660.413,52,
1721887661.43,52,
1721887662.423,52,
1721887663.421,52,
1721887664.429,52,
1721887665.431,52,
1721887666.449,52,
1721887667.929,52,
1721887668.42,52,
1721887669.405,52,
1721887670.397,52,
1721887671.901,52,
1721887672.408,52,
1721887673.408,52,
1721887674.884,52,
1721887675.375,52,
1721887677.872,52,
1721887678.361,52,
1721887679.827,52,
1721887681.313,52,
1721887682.793,52,
1721887683.291,52,
1721887685.777,52,
1721887686.272,52,
1721887687.268,52,
1721887688.757,52,
1721887690.278,52,
1721887691.275,52,
1721887692.275,52,
1721887694.299,52,
1721887695.29,52,
1721887696.295,52,
1721887697.305,52,
1721887699.292,52,
1721887700.274,52,
1721887701.757,52,
1721887703.738,52,
1721887705.226,52,
1721887706.199,52,
1721887707.186,52,
1721887709.187,52,
1721887710.185,52,
1721887711.186,52,
1721887712.16,52,
1721887713.16,52,
1721887714.154,52,
1721887715.155,52,
1721887716.653,52,
1721887717.139,52,
1721887718.631,52,
1721887719.105,52,
1721887720.101,52,
1721887721.119,52,
1721887722.1,52,
1721887723.117,52,
1721887724.126,52,
1721887725.118,52,
1721887726.139,52,
1721887727.121,52,
1721887728.118,52,
1721887729.098,52,
1721887730.073,52,
1721887731.064,52,
1721887732.555,52,
1721887733.059,52,
1721887734.052,52,
1721887735.546,52,
1721887736.033,52,
1721887737.991,52,
1721887739.468,52,
1721887739.947,52,
1721887740.922,52,
1721887742.421,52,
1721887742.908,52,
1721887743.896,52,
1721887744.908,52,
1721887745.904,52,
1721887746.897,52,
1721887748.397,52,
1721887748.896,52,
1721887749.899,52,
1721887751.871,52,
1721887753.379,52,
1721887753.864,52,
1721887754.851,52,
1721887755.839,52,
1721887756.849,52,
1721887758.354,52,
1721887760.859,52,
1721887761.856,52,
1721887762.847,52,
1721887763.843,52,
1721887764.831,52,
1721887765.822,52,
1721887767.311,52,
1721887767.82,52,
1721887768.816,52,
1721887770.316,52,
1721887770.813,52,
1721887771.832,52,
1721887772.823,52,
1721887773.845,52,
1721887775.348,52,
1721887776.368,52,
1721887777.855,52,
1721887779.849,52,
1721887780.861,52,
1721887781.855,52,
1721887783.847,52,
1721887784.832,52,
1721887785.826,52,
1721887786.802,52,
1721887787.778,52,
1721887788.78,52,
1721887789.752,52,
1721887790.743,52,
1721887791.737,52,
1721887792.727,52,
1721887793.712,52,
1721887794.736,52,
1721887795.738,52,
1721887796.757,52,
1721887797.746,52,
1721887798.735,52,
1721887799.714,52,
1721887802.195,52,
1721887803.688,52,
1721887804.708,52,
1721887805.694,52,
1721887807.198,52,
1721887808.2,52,
1721887808.697,52,
1721887809.695,52,
1721887811.16,52,
1721887811.634,52,
1721887813.118,52,
1721887813.622,52,
1721887815.102,52,
1721887816.103,52,
1721887816.602,52,
1721887817.597,52,
1721887818.574,52,
1721887819.57,52,
1721887820.558,52,
1721887821.57,52,
1721887824.052,52,
1721887824.538,52,
1721887825.541,52,
1721887827.032,52,
1721887829.032,52,
1721887830.026,52,
1721887831.855,52,
1721887833.343,52,
1721887834.334,52,
1721887835.823,52,
1721887836.348,52,
1721887837.338,52,
1721887839.834,52,
1721887840.329,52,
1721887841.337,52,
1721887842.328,52,
1721887843.302,52,
1721887844.319,52,
1721887845.316,52,
1721887846.294,52,
1721887847.298,52,
1721887848.315,52,
1721887849.332,52,
1721887851.825,52,
1721887854.277,52,
1721887855.29,52,
1721887856.304,52,
1721887857.816,52,
1721887858.33,52,
1721887859.818,52,
1721887860.315,52,
1721887861.309,52,
1721887862.799,52,
1721887863.788,52,
1721887864.29,52,
1721887865.308,52,
1721887866.812,52,
1721887867.298,52,
1721887868.325,52,
1721887869.328,52,
1721887870.831,52,
1721887871.849,52,
1721887872.363,52,
1721887873.368,52,
1721887874.85,52,
1721887875.365,52,
1721887877.879,52,
1721887878.881,52,
1721887879.368,52,
1721887880.371,52,
1721887881.367,52,
1721887882.362,52,
1721887883.837,52,
1721887884.345,52,
1721887885.342,52,
1721887886.347,52,
1721887887.361,52,
1721887888.357,52,
1721887889.87,52,
1721887890.353,52,
1721887891.352,52,
1721887892.344,52,
1721887894.872,52,
1721887895.366,52,
1721887896.37,52,
1721887897.379,52,
1721887898.911,52,
1721887899.419,52,
1721887900.419,52,
1721887901.925,52,
1721887902.43,52,
1721887903.414,52,
1721887904.399,52,
1721887906.902,52,
1721887907.392,52,
1721887908.885,52,
1721887909.41,52,
1721887910.416,52,
1721887911.401,52,
1721887912.41,52,
1721887913.388,52,
1721887914.39,52,
1721887915.39,52,
1721887916.893,52,
1721887917.907,52,
1721887918.409,52,
1721887919.41,52,
1721887920.911,52,
1721887921.404,52,
1721887922.402,52,
1721887923.387,52,
1721887924.368,52,
1721887925.354,52,
1721887926.855,52,
1721887928.367,52,
1721887929.849,52,
1721887930.341,52,
