time,vital_packet_counter
1721884420.101,5,
1721884421.096,6,
1721884422.115,7,
1721884423.641,8,
1721884424.621,9,
1721884425.126,10,
1721884427.105,12,
1721884428.591,13,
1721884429.094,14,
1721884430.096,15,
1721884431.571,16,
1721884433.068,18,
1721884434.566,19,
1721884435.063,20,
1721884436.544,21,
1721884437.043,22,
1721884438.034,23,
1721884439.507,24,
1721884441.019,26,
1721884442.004,27,
1721884442.976,28,
1721884444.011,29,
1721884445.013,30,
1721884446.021,31,
1721884447.004,32,
1721884447.992,33,
1721884449.493,34,
1721884449.983,35,
1721884452.477,37,
1721884455.02,40,
1721884456.019,41,
1721884457.006,42,
1721884458.013,43,
1721884459.029,44,
1721884460.026,45,
1721884461.544,46,
1721884462.541,47,
1721884463.032,48,
1721884464.551,49,
1721884465.06,50,
1721884466.061,51,
1721884467.064,52,
1721884468.042,53,
1721884469.047,54,
1721884470.541,55,
1721884471.53,56,
1721884472.041,57,
1721884473.028,58,
1721884474.042,59,
1721884476.046,61,
1721884479.057,64,
1721884480.045,65,
1721884481.02,66,
1721884482.536,67,
1721884483.539,68,
1721884484.543,69,
1721884485.538,70,
1721884486.036,71,
1721884487.535,72,
1721884488.548,73,
1721884490.054,75,
1721884491.53,76,
1721884492.505,77,
1721884493.487,78,
1721884493.988,79,
1721884494.974,80,
1721884496.983,82,
1721884497.987,83,
1721884498.968,84,
1721884499.963,85,
1721884501.469,86,
1721884502.481,87,
1721884502.967,88,
1721884504.466,89,
1721884504.968,90,
1721884507.492,92,
1721884507.991,93,
1721884509.493,94,
1721884509.98,95,
1721884510.986,96,
1721884511.964,97,
1721884512.982,98,
1721884513.978,99,
1721884514.963,100,
1721884516.446,101,
1721884517.455,102,
1721884517.96,103,
1721884518.962,104,
1721884519.932,105,
1721884521.452,106,
1721884521.973,107,
1721884522.969,108,
1721884524.961,110,
1721884526.928,112,
1721884528.414,113,
1721884528.904,114,
1721884529.897,115,
1721884530.89,116,
1721884531.892,117,
1721884532.885,118,
1721884534.373,119,
1721884534.858,120,
1721884535.859,121,
1721884536.847,122,
1721884537.854,123,
1721884538.849,124,
1721884539.869,125,
1721884540.862,126,
1721884541.846,127,
1721884542.811,128,
1721884543.823,129,
1721884545.352,130,
1721884545.857,131,
1721884546.868,132,
1721884548.369,133,
1721884548.855,134,
1721884550.324,135,
1721884550.815,136,
1721884552.81,138,
1721884553.783,139,
1721884555.798,141,
1721884556.768,142,
1721884558.275,143,
1721884558.782,144,
1721884560.289,145,
1721884560.789,146,
1721884561.789,147,
1721884562.79,148,
1721884564.257,149,
1721884564.743,150,
1721884565.731,151,
1721884568.673,154,
1721884569.672,155,
1721884570.691,156,
1721884571.693,157,
1721884572.703,158,
1721884573.686,159,
1721884577.717,163,
1721884578.719,164,
1721884581.249,166,
1721884581.743,167,
1721884582.751,168,
1721884583.752,169,
1721884584.768,170,
1721884585.756,171,
1721884587.73,173,
1721884586.74,172,
1721884588.768,174,
1721884589.782,175,
1721884590.782,176,
1721884591.778,177,
1721884592.774,178,
1721884593.754,179,
1721884595.246,180,
1721884595.745,181,
1721884597.25,182,
1721884597.738,183,
1721884598.722,184,
1721884599.726,185,
1721884600.734,186,
1721884601.698,187,
1721884602.662,188,
1721884603.669,189,
1721884605.163,190,
1721884605.659,191,
1721884607.136,192,
1721884608.642,194,
1721884609.668,195,
1721884610.673,196,
1721884611.685,197,
1721884612.664,198,
1721884613.689,199,
1721884614.689,200,
1721884615.705,201,
1721884616.73,202,
1721884617.711,203,
1721884618.719,204,
1721884620.206,205,
1721884620.709,206,
1721884621.698,207,
1721884622.701,208,
1721884623.692,209,
1721884624.697,210,
1721884625.721,211,
1721884627.699,213,
1721884628.685,214,
1721884631.14,216,
1721884631.646,217,
1721884632.632,218,
1721884633.632,219,
1721884634.617,220,
1721884635.615,221,
1721884636.612,222,
1721884638.1,223,
1721884639.1,224,
1721884640.097,225,
1721884640.59,226,
1721884642.116,227,
1721884643.104,228,
1721884643.6,229,
1721884644.57,230,
1721884646.051,231,
1721884646.55,232,
1721884647.552,233,
1721884648.544,234,
1721884649.541,235,
1721884651.03,236,
1721884652.523,238,
1721884654.016,239,
1721884655.024,240,
1721884656.53,242,
1721884658.047,243,
1721884658.545,244,
1721884659.54,245,
1721884661.029,246,
1721884662.503,248,
1721884663.507,249,
1721884664.499,250,
1721884665.473,251,
1721884666.467,252,
1721884667.46,253,
1721884669.441,255,
1721884670.414,0,
1721884671.382,1,
1721884672.392,2,
1721884673.398,3,
1721884674.387,4,
1721884675.363,5,
1721884677.333,7,
1721884678.846,8,
1721884679.34,9,
1721884680.349,10,
1721884681.349,11,
1721884682.359,12,
1721884683.819,13,
1721884684.31,14,
1721884685.3,15,
1721884686.309,16,
1721884687.332,17,
1721884688.327,18,
1721884689.329,19,
1721884690.317,20,
1721884691.818,21,
1721884693.317,23,
1721884694.334,24,
1721884695.317,25,
1721884696.33,26,
1721884697.342,27,
1721884698.872,28,
1721884699.356,29,
1721884700.347,30,
1721884702.345,32,
1721884704.823,34,
1721884705.325,35,
1721884706.337,36,
1721884707.35,37,
1721884708.352,38,
1721884709.346,39,
1721884710.336,40,
1721884711.313,41,
1721884712.307,42,
1721884714.288,44,
1721884715.291,45,
1721884716.269,46,
1721884717.265,47,
1721884718.242,48,
1721884719.213,49,
1721884720.694,50,
1721884722.192,52,
1721884724.175,54,
1721884725.16,55,
1721884726.154,56,
1721884727.635,57,
1721884728.126,58,
1721884729.129,59,
1721884730.145,60,
1721884731.141,61,
1721884732.146,62,
1721884733.148,63,
1721884734.133,64,
1721884735.114,65,
1721884736.128,66,
1721884737.109,67,
1721884738.078,68,
1721884740.076,70,
1721884742.582,72,
1721884743.591,73,
1721884744.562,74,
1721884745.55,75,
1721884746.041,76,
1721884747.512,77,
1721884748.005,78,
1721884749.007,79,
1721884749.982,80,
1721884750.961,81,
1721884752.94,83,
1721884753.946,84,
1721884755.906,86,
1721884757.808,88,
1721884759.332,89,
1721884759.825,90,
1721884760.816,91,
1721884763.3,93,
1721884763.805,94,
1721884765.284,95,
1721884765.78,96,
1721884766.782,97,
1721884767.775,98,
1721884768.787,99,
1721884770.791,101,
1721884771.818,102,
1721884772.817,103,
1721884773.812,104,
1721884774.807,105,
1721884775.822,106,
1721884777.317,107,
1721884777.833,108,
1721884779.341,109,
1721884779.846,110,
1721884780.845,111,
1721884781.841,112,
1721884782.848,113,
1721884783.849,114,
1721884785.351,115,
1721884786.35,116,
1721884787.366,117,
1721884787.858,118,
1721884788.86,119,
1721884789.854,120,
1721884791.847,122,
1721884792.852,123,
1721884793.843,124,
1721884794.854,125,
1721884796.342,126,
1721884796.84,127,
1721884797.839,128,
1721884799.821,130,
1721884800.823,131,
1721884801.834,132,
1721884803.331,133,
1721884803.833,134,
1721884804.83,135,
1721884805.826,136,
1721884807.321,137,
1721884807.82,138,
1721884808.825,139,
1721884809.815,140,
1721884810.814,141,
1721884812.312,142,
1721884813.32,143,
1721884814.791,145,
1721884815.777,146,
1721884816.779,147,
1721884818.286,148,
1721884818.785,149,
1721884819.801,150,
1721884820.822,151,
1721884821.82,152,
1721884822.791,153,
1721884824.776,155,
1721884826.779,157,
1721884828.271,158,
1721884829.295,159,
1721884829.788,160,
1721884831.305,161,
1721884831.81,162,
1721884832.837,163,
1721884833.826,164,
1721884834.822,165,
1721884835.812,166,
1721884837.288,167,
1721884838.775,169,
1721884840.252,170,
1721884840.738,171,
1721884842.25,172,
1721884842.764,173,
1721884843.765,174,
1721884845.271,175,
1721884846.748,177,
1721884847.742,178,
1721884849.728,180,
1721884853.724,184,
1721884856.165,186,
1721884856.66,187,
1721884857.662,188,
1721884858.655,189,
1721884860.136,190,
1721884860.64,191,
1721884861.648,192,
1721884863.607,194,
1721884865.104,195,
1721884866.096,196,
1721884866.602,197,
1721884868.125,198,
1721884868.628,199,
1721884869.624,200,
1721884870.623,201,
1721884872.104,202,
1721884872.603,203,
1721884873.598,204,
1721884875.078,205,
1721884875.582,206,
1721884878.089,208,
1721884878.597,209,
1721884879.61,210,
1721884880.608,211,
1721884882.102,212,
1721884882.608,213,
1721884884.081,214,
1721884884.577,215,
1721884885.574,216,
1721884886.572,217,
1721884887.588,218,
1721884888.574,219,
1721884890.569,221,
1721884892.045,222,
1721884893.042,223,
1721884893.553,224,
1721884894.548,225,
1721884896.026,226,
1721884897.017,227,
1721884897.509,228,
1721884899.008,229,
1721884899.494,230,
1721884901.474,232,
1721884904.944,235,
1721884905.432,236,
1721884906.423,237,
1721884907.945,238,
1721884908.447,239,
1721884909.447,240,
1721884910.924,241,
1721884911.927,242,
1721884912.409,243,
1721884913.876,244,
1721884914.375,245,
1721884915.862,246,
1721884917.868,248,
1721884918.863,249,
1721884919.848,250,
1721884920.816,251,
1721884921.321,252,
1721884922.302,253,
1721884924.309,255,
1721884925.298,0,
1721884926.294,1,
1721884927.775,2,
1721884928.27,3,
1721884929.763,4,
1721884930.267,5,
1721884931.262,6,
1721884932.772,7,
1721884933.259,8,
1721884934.271,9,
1721884936.271,11,
1721884937.273,12,
1721884938.241,13,
1721884939.243,14,
1721884940.228,15,
1721884941.744,16,
1721884942.734,17,
1721884943.223,18,
1721884944.22,19,
1721884945.212,20,
1721884946.684,21,
1721884947.679,22,
1721884948.7,23,
1721884949.2,24,
1721884950.2,25,
1721884951.189,26,
1721884952.188,27,
1721884954.177,29,
1721884955.157,30,
1721884957.144,32,
1721884958.16,33,
1721884959.645,34,
1721884960.657,35,
1721884961.158,36,
1721884962.173,37,
1721884963.185,38,
1721884965.175,40,
1721884966.176,41,
1721884967.191,42,
1721884968.181,43,
1721884969.182,44,
1721884970.691,45,
1721884971.678,46,
1721884972.18,47,
1721884973.177,48,
1721884974.169,49,
1721884975.159,50,
1721884976.643,51,
1721884977.624,52,
1721884979.103,54,
1721884980.56,55,
1721884981.064,56,
1721884982.054,57,
1721884983.027,58,
1721884985.02,60,
1721884984.523,59,
1721884987.042,62,
1721884988.544,63,
1721884989.039,64,
1721884990.027,65,
1721884991.006,66,
1721884992.498,67,
1721884992.999,68,
1721884994.0,69,
1721884994.995,70,
1721884996.492,71,
1721884996.98,72,
1721884997.976,73,
1721884998.963,74,
1721885000.453,75,
1721885000.944,76,
1721885001.926,77,
1721885003.926,79,
1721885004.919,80,
1721885006.898,82,
1721885008.382,83,
1721885008.881,84,
1721885010.899,86,
1721885012.38,87,
1721885013.888,89,
1721885015.346,90,
1721885015.844,91,
1721885016.824,92,
1721885017.815,93,
1721885018.809,94,
1721885020.293,95,
1721885020.8,96,
1721885022.3,97,
1721885022.803,98,
1721885024.296,99,
1721885024.795,100,
1721885026.275,101,
1721885027.777,103,
1721885030.282,105,
1721885030.785,106,
1721885031.782,107,
1721885032.779,108,
1721885033.771,109,
1721885034.777,110,
1721885035.769,111,
1721885036.783,112,
1721885037.776,113,
1721885038.79,114,
1721885039.77,115,
1721885040.773,116,
1721885041.758,117,
1721885043.253,118,
1721885044.254,119,
1721885044.764,120,
1721885046.267,121,
1721885046.764,122,
1721885047.758,123,
1721885050.239,125,
1721885050.739,126,
1721885051.751,127,
1721885053.262,128,
1721885053.758,129,
1721885054.76,130,
1721885057.721,133,
1721885058.711,134,
1721885059.711,135,
1721885060.725,136,
1721885061.744,137,
1721885062.727,138,
1721885063.717,139,
1721885065.227,140,
1721885066.236,141,
1721885066.74,142,
1721885069.244,144,
1721885070.259,145,
1721885070.739,146,
1721885071.759,147,
1721885072.757,148,
1721885073.78,149,
1721885075.244,150,
1721885076.223,151,
1721885077.706,153,
1721885078.689,154,
1721885079.696,155,
1721885080.69,156,
1721885081.688,157,
1721885082.691,158,
1721885083.68,159,
1721885085.187,160,
1721885085.686,161,
1721885086.667,162,
1721885088.167,163,
1721885089.141,164,
1721885089.666,165,
1721885091.631,167,
1721885092.661,168,
1721885094.157,169,
1721885094.66,170,
1721885095.638,171,
1721885097.124,172,
1721885097.626,173,
1721885098.611,174,
1721885100.147,175,
1721885101.132,176,
1721885102.613,178,
1721885103.57,179,
1721885105.055,180,
1721885105.564,181,
1721885106.548,182,
1721885108.052,183,
1721885108.548,184,
1721885110.045,185,
1721885110.549,186,
1721885111.527,187,
1721885112.51,188,
1721885113.499,189,
1721885114.983,190,
1721885115.484,191,
1721885116.482,192,
1721885118.003,193,
1721885118.505,194,
1721885119.496,195,
1721885120.5,196,
1721885121.491,197,
1721885122.49,198,
1721885125.011,200,
1721885125.505,201,
1721885127.499,203,
1721885128.499,204,
1721885130.006,205,
1721885130.486,206,
1721885131.972,207,
1721885133.983,209,
1721885134.485,210,
1721885135.48,211,
1721885136.97,212,
1721885137.464,213,
1721885138.446,214,
1721885139.452,215,
1721885140.438,216,
1721885141.917,217,
1721885142.424,218,
1721885143.439,219,
1721885144.441,220,
1721885145.454,221,
1721885146.446,222,
1721885147.466,223,
1721885148.464,224,
1721885149.97,225,
1721885150.464,226,
1721885151.96,227,
1721885152.475,228,
1721885154.486,230,
1721885155.999,231,
1721885156.487,232,
1721885157.978,233,
1721885158.966,234,
1721885159.483,235,
1721885160.496,236,
1721885161.48,237,
1721885162.972,238,
1721885163.466,239,
1721885164.962,240,
1721885165.478,241,
1721885166.457,242,
1721885167.934,243,
1721885168.454,244,
1721885169.439,245,
1721885170.928,246,
1721885172.428,248,
1721885173.924,249,
1721885174.922,250,
1721885175.916,251,
1721885177.45,253,
1721885178.452,254,
1721885179.936,255,
1721885180.436,0,
1721885181.417,1,
1721885182.416,2,
1721885183.412,3,
1721885184.413,4,
1721885185.435,5,
1721885186.418,6,
1721885187.903,7,
1721885188.402,8,
1721885189.399,9,
1721885190.893,10,
1721885192.383,12,
1721885193.376,13,
1721885194.362,14,
1721885195.881,15,
1721885196.401,16,
1721885197.381,17,
1721885198.398,18,
1721885200.9,20,
1721885201.901,21,
1721885203.394,23,
1721885204.874,24,
1721885205.377,25,
1721885206.374,26,
1721885207.885,27,
1721885208.381,28,
1721885209.378,29,
1721885210.364,30,
1721885211.861,31,
1721885212.36,32,
1721885213.362,33,
1721885214.365,34,
1721885215.364,35,
1721885217.841,37,
1721885218.337,38,
1721885219.347,39,
1721885220.841,40,
1721885221.331,41,
1721885222.828,42,
1721885223.837,43,
1721885225.816,45,
1721885227.313,47,
1721885229.803,49,
1721885230.316,50,
1721885231.321,51,
1721885233.287,53,
1721885234.29,54,
1721885235.782,55,
1721885236.284,56,
1721885237.277,57,
1721885238.791,58,
1721885239.279,59,
1721885240.269,60,
1721885241.281,61,
1721885242.29,62,
1721885243.301,63,
1721885244.815,64,
1721885246.328,66,
1721885247.309,67,
1721885248.295,68,
1721885249.287,69,
1721885250.288,70,
1721885251.281,71,
1721885252.288,72,
1721885253.295,73,
1721885255.28,75,
1721885256.259,76,
1721885257.259,77,
1721885258.227,78,
1721885259.225,79,
1721885260.225,80,
1721885261.238,81,
1721885262.249,82,
1721885263.227,83,
1721885264.227,84,
1721885265.222,85,
1721885266.211,86,
1721885267.736,87,
1721885268.725,88,
1721885269.216,89,
1721885271.19,91,
1721885272.201,92,
1721885273.194,93,
1721885274.204,94,
1721885277.171,97,
1721885278.683,98,
1721885279.704,99,
1721885280.218,100,
1721885281.687,101,
1721885282.193,102,
1721885283.213,103,
1721885284.208,104,
1721885285.2,105,
1721885286.699,106,
1721885287.185,107,
1721885288.173,108,
1721885289.175,109,
1721885290.172,110,
1721885291.161,111,
1721885292.647,112,
1721885293.648,113,
1721885294.152,114,
1721885295.138,115,
1721885296.15,116,
1721885297.157,117,
1721885298.139,118,
1721885299.133,119,
1721885300.14,120,
1721885301.643,121,
1721885302.671,122,
1721885303.659,123,
1721885304.662,124,
1721885305.149,125,
1721885306.164,126,
1721885307.164,127,
1721885308.179,128,
1721885309.176,129,
1721885310.177,130,
1721885311.142,131,
1721885312.146,132,
1721885313.149,133,
1721885314.168,134,
1721885315.679,135,
1721885316.176,136,
1721885317.17,137,
1721885318.161,138,
1721885319.163,139,
1721885320.141,140,
1721885321.156,141,
1721885322.164,142,
1721885323.171,143,
1721885324.188,144,
1721885325.183,145,
1721885327.664,147,
1721885330.179,150,
1721885331.151,151,
1721885332.155,152,
1721885333.156,153,
1721885334.63,154,
1721885335.144,155,
1721885336.655,156,
1721885337.148,157,
1721885338.152,158,
1721885339.146,159,
1721885340.126,160,
1721885341.111,161,
1721885342.093,162,
1721885343.087,163,
1721885344.08,164,
1721885345.07,165,
1721885346.067,166,
1721885347.095,167,
1721885348.092,168,
1721885349.078,169,
1721885350.08,170,
1721885354.992,175,
1721885356.005,176,
1721885356.981,177,
1721885358.505,178,
1721885359.006,179,
1721885360.014,180,
1721885361.038,181,
1721885363.488,183,
1721885364.004,184,
1721885365.482,185,
1721885366.504,186,
1721885367.008,187,
1721885368.496,188,
1721885368.998,189,
1721885370.488,190,
1721885372.004,192,
1721885373.479,193,
1721885374.501,194,
1721885375.001,195,
1721885376.502,196,
1721885376.999,197,
1721885378.49,198,
1721885378.991,199,
1721885380.51,200,
1721885381.013,201,
1721885383.019,203,
1721885382.02,202,
1721885384.033,204,
1721885386.041,206,
1721885387.533,207,
1721885388.019,208,
1721885391.535,211,
1721885392.037,212,
1721885394.51,214,
1721885395.019,215,
1721885396.007,216,
1721885397.017,217,
1721885398.01,218,
1721885399.482,219,
1721885399.976,220,
1721885400.945,221,
1721885401.953,222,
1721885402.967,223,
1721885403.938,224,
1721885404.959,225,
1721885405.942,226,
1721885406.958,227,
1721885408.463,228,
1721885408.962,229,
1721885410.463,230,
1721885410.955,231,
1721885411.937,232,
1721885412.929,233,
1721885414.434,234,
1721885415.405,235,
1721885415.899,236,
1721885416.899,237,
1721885417.895,238,
1721885419.379,239,
1721885419.89,240,
1721885420.898,241,
1721885421.898,242,
1721885422.92,243,
1721885423.888,244,
1721885424.883,245,
1721885425.861,246,
1721885427.366,247,
1721885428.87,249,
1721885429.846,250,
1721885430.833,251,
1721885432.838,253,
1721885433.834,254,
1721885434.842,255,
1721885435.832,0,
1721885437.327,1,
1721885437.847,2,
1721885438.849,3,
1721885439.858,4,
1721885441.345,5,
1721885442.336,6,
1721885442.833,7,
1721885443.815,8,
1721885444.826,9,
1721885445.838,10,
1721885447.846,12,
1721885448.877,13,
1721885450.385,14,
1721885450.882,15,
1721885453.387,17,
1721885453.88,18,
1721885454.868,19,
1721885455.879,20,
1721885457.386,21,
1721885457.886,22,
1721885459.882,24,
1721885460.849,25,
1721885462.33,26,
1721885463.311,27,
1721885463.816,28,
1721885465.313,29,
1721885465.808,30,
1721885466.798,31,
1721885468.295,32,
1721885469.801,34,
1721885471.286,35,
1721885471.788,36,
1721885472.798,37,
1721885473.824,38,
1721885474.828,39,
1721885476.832,41,
1721885477.842,42,
1721885479.794,44,
1721885480.808,45,
1721885482.291,46,
1721885482.778,47,
1721885483.761,48,
1721885487.224,51,
1721885489.209,53,
1721885489.707,54,
1721885490.698,55,
1721885492.184,56,
1721885493.172,57,
1721885494.652,59,
1721885496.176,60,
1721885498.69,63,
1721885500.176,64,
1721885501.164,65,
1721885502.671,67,
1721885505.634,70,
1721885506.636,71,
1721885508.141,72,
1721885509.649,74,
1721885511.124,75,
1721885512.607,77,
1721885513.601,78,
1721885514.571,79,
1721885516.084,80,
1721885516.579,81,
1721885518.062,82,
1721885518.561,83,
1721885519.563,84,
1721885520.566,85,
1721885521.545,86,
1721885522.548,87,
1721885523.556,88,
1721885524.549,89,
1721885525.539,90,
1721885527.036,91,
1721885527.526,92,
1721885529.021,93,
1721885530.037,94,
1721885530.533,95,
1721885532.014,96,
1721885532.503,97,
1721885533.525,98,
1721885535.014,99,
1721885535.517,100,
1721885537.019,101,
1721885537.524,102,
1721885538.538,103,
1721885540.013,104,
1721885540.504,105,
1721885541.506,106,
1721885542.512,107,
1721885543.516,108,
1721885545.027,109,
1721885545.536,110,
1721885547.035,111,
1721885547.538,112,
1721885548.524,113,
1721885549.507,114,
1721885550.504,115,
1721885551.508,116,
1721885553.507,118,
1721885553.005,117,
1721885554.507,119,
1721885555.502,120,
1721885556.528,121,
1721885557.519,122,
1721885560.037,124,
1721885561.028,125,
1721885561.525,126,
1721885563.006,127,
1721885563.502,128,
1721885565.011,129,
1721885566.009,130,
1721885566.499,131,
1721885567.5,132,
1721885568.489,133,
1721885569.49,134,
1721885570.483,135,
1721885572.503,137,
1721885573.49,138,
1721885574.495,139,
1721885575.492,140,
1721885577.481,142,
1721885578.501,143,
1721885580.0,144,
1721885580.499,145,
1721885581.479,146,
1721885582.502,147,
1721885583.465,148,
1721885584.455,149,
1721885585.461,150,
1721885586.464,151,
1721885587.454,152,
1721885588.451,153,
1721885589.928,154,
1721885590.407,155,
1721885591.418,156,
1721885592.436,157,
1721885593.444,158,
1721885594.437,159,
1721885595.96,160,
1721885597.457,162,
1721885598.465,163,
1721885599.477,164,
1721885600.464,165,
1721885601.46,166,
1721885602.97,167,
1721885604.446,169,
1721885605.945,170,
1721885606.438,171,
1721885607.465,172,
1721885608.459,173,
1721885610.466,175,
1721885609.453,174,
1721885612.499,177,
1721885613.498,178,
1721885614.962,179,
1721885615.46,180,
1721885616.455,181,
1721885617.447,182,
1721885618.445,183,
1721885619.442,184,
1721885620.426,185,
1721885622.416,187,
1721885623.899,188,
1721885624.397,189,
1721885625.386,190,
1721885626.893,191,
1721885627.888,192,
1721885628.38,193,
1721885629.871,194,
1721885630.865,195,
1721885631.372,196,
1721885632.865,197,
1721885633.87,198,
1721885634.879,199,
1721885635.364,200,
1721885636.355,201,
1721885637.868,202,
1721885638.361,203,
1721885639.84,204,
1721885640.358,205,
1721885642.868,207,
1721885643.363,208,
1721885644.373,209,
1721885645.86,210,
1721885646.367,211,
1721885648.867,213,
1721885649.379,214,
1721885650.383,215,
1721885652.393,217,
1721885654.39,219,
1721885655.402,220,
1721885656.399,221,
1721885657.407,222,
1721885658.411,223,
1721885659.899,224,
1721885660.881,225,
1721885661.378,226,
1721885662.854,227,
1721885663.851,228,
1721885664.358,229,
1721885666.363,231,
1721885667.842,232,
1721885668.35,233,
1721885669.364,234,
1721885670.372,235,
1721885671.881,236,
1721885672.379,237,
1721885673.371,238,
1721885674.35,239,
1721885675.847,240,
1721885676.865,241,
1721885677.355,242,
1721885678.841,243,
1721885681.344,246,
1721885682.327,247,
1721885683.329,248,
1721885684.343,249,
1721885685.34,250,
1721885686.347,251,
1721885687.347,252,
1721885688.349,253,
1721885689.857,254,
1721885690.366,255,
1721885691.375,0,
1721885692.372,1,
1721885693.366,2,
1721885694.361,3,
1721885695.34,4,
1721885696.852,5,
1721885698.333,7,
1721885699.347,8,
1721885700.327,9,
1721885701.811,10,
1721885704.285,13,
1721885706.256,15,
1721885707.255,16,
1721885708.251,17,
1721885709.222,18,
1721885710.249,19,
1721885711.247,20,
1721885712.728,21,
1721885713.228,22,
1721885714.205,23,
1721885715.204,24,
1721885716.692,25,
1721885717.681,26,
1721885718.185,27,
1721885719.184,28,
1721885720.187,29,
1721885721.175,30,
1721885722.153,31,
1721885723.15,32,
1721885724.138,33,
1721885726.129,35,
1721885730.061,39,
1721885731.078,40,
1721885732.083,41,
1721885733.083,42,
1721885734.546,43,
1721885735.044,44,
1721885736.059,45,
1721885737.059,46,
1721885738.052,47,
1721885739.526,48,
1721885740.029,49,
1721885741.023,50,
1721885743.018,52,
1721885744.012,53,
1721885745.003,54,
1721885746.513,55,
1721885747.022,56,
1721885748.026,57,
1721885749.037,58,
1721885750.048,59,
1721885751.071,60,
1721885754.084,63,
1721885755.08,64,
1721885756.078,65,
1721885757.055,66,
1721885758.061,67,
1721885759.039,68,
1721885760.04,69,
1721885761.041,70,
1721885762.055,71,
1721885764.536,73,
1721885765.022,74,
1721885766.046,75,
1721885767.045,76,
1721885768.532,77,
1721885770.022,79,
1721885771.497,80,
1721885771.997,81,
1721885772.999,82,
1721885774.485,83,
1721885775.482,84,
1721885780.452,89,
1721885780.95,90,
1721885781.907,91,
1721885783.416,92,
1721885783.92,93,
1721885785.42,94,
1721885786.414,95,
1721885787.4,96,
1721885787.889,97,
1721885788.887,98,
1721885789.883,99,
1721885790.865,100,
1721885791.867,101,
1721885792.863,102,
1721885794.346,103,
1721885794.847,104,
1721885795.846,105,
1721885796.86,106,
1721885797.841,107,
1721885798.838,108,
1721885800.328,109,
1721885801.802,111,
1721885802.816,112,
1721885804.312,113,
1721885804.822,114,
1721885807.346,116,
1721885807.845,117,
1721885808.838,118,
1721885809.841,119,
1721885810.838,120,
1721885811.841,121,
1721885813.85,123,
1721885814.849,124,
1721885816.318,125,
1721885817.336,126,
1721885817.839,127,
1721885818.817,128,
1721885820.305,129,
1721885820.809,130,
1721885821.788,131,
1721885822.79,132,
1721885823.772,133,
1721885824.772,134,
1721885825.762,135,
1721885827.257,136,
1721885827.757,137,
1721885828.765,138,
1721885830.258,139,
1721885831.239,140,
1721885832.247,141,
1721885833.248,142,
1721885833.751,143,
1721885835.726,145,
1721885837.706,147,
1721885836.715,146,
1721885838.684,148,
1721885840.194,149,
1721885840.683,150,
1721885841.658,151,
1721885842.63,152,
1721885843.636,153,
1721885846.13,155,
1721885846.616,156,
1721885847.609,157,
1721885848.616,158,
1721885850.123,159,
1721885850.627,160,
1721885851.638,161,
1721885852.646,162,
1721885854.638,164,
1721885855.641,165,
1721885856.619,166,
1721885857.61,167,
1721885858.6,168,
1721885859.613,169,
1721885862.07,171,
1721885862.581,172,
1721885863.585,173,
1721885865.1,174,
1721885866.097,175,
1721885867.086,176,
1721885868.087,177,
1721885868.563,178,
1721885869.56,179,
1721885870.567,180,
1721885871.562,181,
1721885874.055,183,
1721885874.562,184,
1721885875.555,185,
1721885877.57,187,
1721885879.07,188,
1721885880.052,189,
1721885881.053,190,
1721885881.562,191,
1721885883.579,193,
1721885884.545,194,
1721885886.534,196,
1721885887.529,197,
1721885888.538,198,
1721885889.541,199,
1721885890.52,200,
1721885892.005,201,
1721885892.513,202,
1721885894.483,204,
1721885893.502,203,
1721885895.486,205,
1721885896.479,206,
1721885897.478,207,
1721885898.475,208,
1721885899.468,209,
1721885903.951,213,
1721885904.953,214,
1721885905.465,215,
1721885906.453,216,
1721885907.474,217,
1721885908.466,218,
1721885909.467,219,
1721885910.467,220,
1721885911.45,221,
1721885912.962,222,
1721885913.454,223,
1721885914.953,224,
1721885916.458,226,
1721885918.941,228,
1721885919.43,229,
1721885920.944,230,
1721885921.444,231,
1721885923.437,233,
1721885924.438,234,
1721885926.902,236,
1721885928.4,238,
1721885929.417,239,
1721885930.421,240,
1721885931.42,241,
1721885932.417,242,
1721885933.416,243,
1721885934.431,244,
1721885935.447,245,
1721885936.954,246,
1721885937.448,247,
1721885938.458,248,
1721885939.425,249,
1721885940.458,250,
1721885941.476,251,
1721885942.483,252,
1721885943.484,253,
1721885944.475,254,
1721885945.473,255,
1721885946.479,0,
1721885947.503,1,
1721885948.502,2,
1721885949.498,3,
1721885950.494,4,
1721885951.999,5,
1721885953.005,6,
1721885953.515,7,
1721885954.49,8,
1721885955.484,9,
1721885956.489,10,
1721885958.449,12,
1721885959.417,13,
1721885960.424,14,
1721885961.402,15,
1721885962.391,16,
1721885963.39,17,
1721885964.383,18,
1721885965.403,19,
1721885966.39,20,
1721885967.38,21,
1721885968.376,22,
1721885969.855,23,
1721885970.334,24,
1721885971.321,25,
1721885972.324,26,
1721885973.316,27,
1721885974.327,28,
1721885975.809,29,
1721885976.812,30,
1721885978.31,32,
1721885980.309,34,
1721885981.294,35,
1721885982.771,36,
1721885983.282,37,
1721885984.785,38,
1721885985.264,39,
1721885986.259,40,
1721885987.254,41,
1721885988.733,42,
1721885989.746,43,
1721885990.72,44,
1721885991.227,45,
1721885992.214,46,
1721885993.207,47,
1721885994.225,48,
1721885995.719,49,
1721885996.228,50,
1721885997.212,51,
1721885998.216,52,
1721885999.71,53,
1721886000.706,54,
1721886002.19,56,
1721886005.177,59,
1721886006.151,60,
1721886007.162,61,
1721886008.166,62,
1721886009.153,63,
1721886010.163,64,
1721886011.145,65,
1721886012.137,66,
1721886013.117,67,
1721886015.1,69,
1721886016.099,70,
1721886017.077,71,
1721886018.564,72,
1721886020.054,74,
1721886021.058,75,
1721886022.059,76,
1721886023.052,77,
1721886024.564,78,
1721886025.066,79,
1721886026.059,80,
1721886028.059,82,
1721886029.546,83,
1721886030.569,84,
1721886031.061,85,
1721886032.083,86,
1721886033.087,87,
1721886034.093,88,
1721886035.112,89,
1721886036.091,90,
1721886037.1,91,
1721886038.605,92,
1721886039.09,93,
1721886040.095,94,
1721886041.102,95,
1721886042.093,96,
1721886043.08,97,
1721886044.1,98,
1721886045.085,99,
1721886046.101,100,
1721886047.085,101,
1721886048.56,102,
1721886049.53,103,
1721886050.042,104,
1721886054.013,108,
1721886055.02,109,
1721886056.005,110,
1721886057.008,111,
1721886058.01,112,
1721886058.968,113,
1721886059.985,114,
1721886062.483,116,
1721886062.968,117,
1721886063.968,118,
1721886064.972,119,
1721886066.455,120,
1721886066.972,121,
1721886068.465,122,
1721886069.449,123,
1721886069.954,124,
1721886071.938,126,
1721886073.947,128,
1721886075.443,129,
1721886076.962,131,
1721886077.931,132,
1721886079.425,133,
1721886080.426,134,
1721886080.92,135,
1721886081.92,136,
1721886083.427,137,
1721886083.94,138,
1721886085.445,139,
1721886085.95,140,
1721886086.939,141,
1721886087.951,142,
1721886089.942,144,
1721886090.943,145,
1721886092.44,146,
1721886093.467,147,
1721886093.961,148,
1721886094.971,149,
1721886095.971,150,
1721886096.954,151,
1721886097.978,152,
1721886098.977,153,
1721886099.985,154,
1721886102.457,156,
1721886103.944,158,
1721886104.952,159,
1721886105.94,160,
1721886106.933,161,
1721886107.933,162,
1721886109.439,163,
1721886109.943,164,
1721886110.955,165,
1721886112.955,167,
1721886113.944,168,
1721886114.957,169,
1721886116.439,170,
1721886116.947,171,
1721886117.927,172,
1721886118.929,173,
1721886119.932,174,
1721886122.428,176,
1721886122.922,177,
1721886123.929,178,
1721886124.951,179,
1721886125.965,180,
1721886126.961,181,
1721886127.971,182,
1721886129.99,184,
1721886131.002,185,
1721886132.51,186,
1721886133.006,187,
1721886133.984,188,
1721886135.482,189,
1721886135.99,190,
1721886136.95,191,
1721886137.938,192,
1721886138.961,193,
1721886139.962,194,
1721886140.978,195,
1721886141.988,196,
1721886143.485,197,
1721886144.487,198,
1721886145.488,199,
1721886145.995,200,
1721886147.023,201,
1721886148.01,202,
1721886149.009,203,
1721886149.997,204,
1721886150.996,205,
1721886152.971,207,
1721886153.961,208,
1721886154.969,209,
1721886156.457,210,
1721886156.963,211,
1721886157.96,212,
1721886159.47,213,
1721886159.971,214,
1721886160.972,215,
1721886161.964,216,
1721886162.958,217,
1721886163.96,218,
1721886164.943,219,
1721886166.948,221,
1721886167.927,222,
1721886168.913,223,
1721886169.893,224,
1721886171.417,225,
1721886171.919,226,
1721886172.928,227,
1721886174.434,228,
1721886174.948,229,
1721886175.951,230,
1721886176.933,231,
1721886178.428,232,
1721886179.913,234,
1721886181.411,235,
1721886182.423,236,
1721886182.907,237,
1721886183.893,238,
1721886184.883,239,
1721886186.362,240,
1721886186.853,241,
1721886187.858,242,
1721886188.865,243,
1721886189.831,244,
1721886190.816,245,
1721886191.823,246,
1721886193.305,247,
1721886194.305,248,
1721886194.824,249,
1721886195.814,250,
1721886196.829,251,
1721886197.824,252,
1721886198.837,253,
1721886200.35,254,
1721886200.841,255,
1721886201.857,0,
1721886202.86,1,
1721886204.361,2,
1721886204.87,3,
1721886205.86,4,
1721886206.865,5,
1721886207.854,6,
1721886208.857,7,
1721886209.873,8,
1721886211.365,9,
1721886211.858,10,
1721886212.85,11,
1721886213.859,12,
1721886216.332,14,
1721886217.342,15,
1721886217.842,16,
1721886218.862,17,
1721886219.857,18,
1721886220.854,19,
1721886222.337,20,
1721886222.84,21,
1721886223.831,22,
1721886224.805,23,
1721886226.295,24,
1721886227.309,25,
1721886227.809,26,
1721886229.291,27,
1721886229.823,28,
1721886230.788,29,
1721886233.817,32,
1721886234.816,33,
1721886235.811,34,
1721886236.79,35,
1721886237.802,36,
1721886238.802,37,
1721886239.789,38,
1721886241.296,39,
1721886241.791,40,
1721886242.777,41,
1721886243.751,42,
1721886244.764,43,
1721886245.788,44,
1721886246.791,45,
1721886249.293,47,
1721886249.78,48,
1721886251.79,50,
1721886252.765,51,
1721886254.277,52,
1721886254.777,53,
1721886255.767,54,
1721886256.763,55,
1721886257.746,56,
1721886258.744,57,
1721886259.729,58,
1721886260.736,59,
1721886261.743,60,
1721886262.734,61,
1721886263.736,62,
1721886264.745,63,
1721886265.744,64,
1721886266.744,65,
1721886267.749,66,
1721886268.764,67,
1721886270.781,69,
1721886271.813,70,
1721886272.813,71,
1721886273.829,72,
1721886274.827,73,
1721886276.302,74,
1721886278.287,76,
1721886279.768,78,
1721886280.78,79,
1721886281.774,80,
1721886282.763,81,
1721886283.763,82,
1721886286.287,84,
1721886287.3,85,
1721886287.79,86,
1721886288.772,87,
1721886289.791,88,
1721886291.296,89,
1721886291.783,90,
1721886293.259,91,
1721886293.759,92,
1721886294.765,93,
1721886295.783,94,
1721886296.782,95,
1721886297.791,96,
1721886298.796,97,
1721886300.313,98,
1721886300.808,99,
1721886303.809,102,
1721886304.813,103,
1721886305.806,104,
1721886306.801,105,
1721886307.785,106,
1721886309.297,107,
1721886310.293,108,
1721886310.804,109,
1721886311.785,110,
1721886313.777,112,
1721886314.751,113,
1721886315.726,114,
1721886316.729,115,
1721886318.213,116,
1721886319.725,118,
1721886320.708,119,
1721886321.719,120,
1721886322.721,121,
1721886323.725,122,
1721886325.21,123,
1721886325.712,124,
1721886328.178,126,
1721886329.71,128,
1721886330.709,129,
1721886331.71,130,
1721886333.224,131,
1721886334.7,133,
1721886335.693,134,
1721886337.177,135,
1721886337.674,136,
1721886339.156,137,
1721886339.652,138,
1721886340.653,139,
1721886341.639,140,
1721886342.617,141,
1721886343.604,142,
1721886344.613,143,
1721886345.615,144,
1721886346.615,145,
1721886347.607,146,
1721886348.599,147,
1721886349.605,148,
1721886351.105,149,
1721886351.59,150,
1721886353.095,151,
1721886353.598,152,
1721886354.598,153,
1721886355.58,154,
1721886356.581,155,
1721886358.081,156,
1721886358.574,157,
1721886359.584,158,
1721886360.566,159,
1721886361.577,160,
1721886363.071,161,
1721886363.577,162,
1721886364.587,163,
1721886365.591,164,
1721886367.588,166,
1721886368.585,167,
1721886369.59,168,
1721886370.589,169,
1721886371.583,170,
1721886372.571,171,
1721886373.563,172,
1721886375.056,173,
1721886378.537,177,
1721886379.538,178,
1721886380.545,179,
1721886382.051,180,
1721886382.54,181,
1721886383.542,182,
1721886384.542,183,
1721886385.568,184,
1721886386.573,185,
1721886387.565,186,
1721886388.552,187,
1721886389.552,188,
1721886390.534,189,
1721886391.513,190,
1721886393.029,191,
1721886393.529,192,
1721886395.027,193,
1721886395.519,194,
1721886396.53,195,
1721886397.521,196,
1721886398.529,197,
1721886399.526,198,
1721886400.543,199,
1721886401.547,200,
1721886403.522,202,
1721886405.036,203,
1721886407.021,205,
1721886407.531,206,
1721886408.522,207,
1721886410.546,209,
1721886411.539,210,
1721886412.55,211,
1721886413.55,212,
1721886415.049,213,
1721886415.555,214,
1721886417.051,215,
1721886418.052,216,
1721886419.068,217,
1721886419.568,218,
1721886420.546,219,
1721886422.028,220,
1721886422.528,221,
1721886423.509,222,
1721886424.502,223,
1721886425.503,224,
1721886426.488,225,
1721886427.51,226,
1721886429.019,227,
1721886430.037,228,
1721886430.544,229,
1721886431.554,230,
1721886433.568,232,
1721886435.045,233,
1721886436.547,235,
1721886437.55,236,
1721886438.535,237,
1721886440.025,238,
1721886440.537,239,
1721886441.532,240,
1721886442.544,241,
1721886443.55,242,
1721886444.545,243,
1721886445.545,244,
1721886446.537,245,
1721886448.036,246,
1721886448.532,247,
1721886449.535,248,
1721886450.544,249,
1721886452.02,250,
1721886453.526,252,
1721886454.528,253,
1721886455.561,254,
1721886456.579,255,
1721886457.563,0,
1721886459.057,1,
1721886459.546,2,
1721886460.544,3,
1721886462.046,4,
1721886462.549,5,
1721886464.026,6,
1721886464.523,7,
1721886465.501,8,
1721886466.51,9,
1721886468.021,10,
1721886469.009,11,
1721886469.496,12,
1721886470.532,13,
1721886471.525,14,
1721886472.542,15,
1721886473.529,16,
1721886475.046,17,
1721886475.551,18,
1721886476.553,19,
1721886478.056,20,
1721886479.55,22,
1721886480.559,23,
1721886481.55,24,
1721886482.541,25,
1721886485.043,27,
1721886485.54,28,
1721886487.047,29,
1721886487.544,30,
1721886488.543,31,
1721886489.543,32,
1721886490.567,33,
1721886491.573,34,
1721886492.542,35,
1721886493.55,36,
1721886494.532,37,
1721886495.543,38,
1721886496.542,39,
1721886497.528,40,
1721886498.527,41,
1721886499.527,42,
1721886501.007,43,
1721886503.023,45,
1721886503.514,46,
1721886504.524,47,
1721886505.535,48,
1721886506.521,49,
1721886507.512,50,
1721886509.015,51,
1721886509.526,52,
1721886511.013,53,
1721886511.508,54,
1721886513.541,56,
1721886514.529,57,
1721886516.052,58,
1721886517.054,59,
1721886517.544,60,
1721886519.021,61,
1721886519.531,62,
1721886520.519,63,
1721886521.522,64,
1721886522.539,65,
1721886523.548,66,
1721886524.533,67,
1721886525.547,68,
1721886526.541,69,
1721886528.036,70,
1721886528.531,71,
1721886529.539,72,
1721886530.537,73,
1721886531.537,74,
1721886533.029,75,
1721886533.537,76,
1721886534.542,77,
1721886536.057,78,
1721886536.565,79,
1721886537.561,80,
1721886538.591,81,
1721886540.092,82,
1721886540.586,83,
1721886541.604,84,
1721886542.602,85,
1721886543.597,86,
1721886544.593,87,
1721886545.604,88,
1721886546.581,89,
1721886547.564,90,
1721886548.554,91,
1721886550.07,92,
1721886550.567,93,
1721886552.074,94,
1721886552.572,95,
1721886555.086,97,
1721886556.06,98,
1721886556.555,99,
1721886557.552,100,
1721886558.53,101,
1721886559.505,102,
1721886561.499,104,
1721886562.507,105,
1721886563.521,106,
1721886565.963,108,
1721886567.944,110,
1721886569.462,112,
1721886570.975,113,
1721886571.471,114,
1721886572.455,115,
1721886573.973,116,
1721886574.469,117,
1721886575.449,118,
1721886577.454,120,
1721886579.459,122,
1721886580.453,123,
1721886581.454,124,
1721886582.446,125,
1721886583.93,126,
1721886584.435,127,
1721886585.427,128,
1721886587.412,130,
1721886588.426,131,
1721886589.404,132,
1721886590.381,133,
1721886591.38,134,
1721886592.39,135,
1721886594.37,137,
1721886595.856,138,
1721886596.365,139,
1721886597.352,140,
1721886598.345,141,
1721886599.341,142,
1721886600.364,143,
1721886601.834,144,
1721886602.846,145,
1721886603.338,146,
1721886604.802,147,
1721886605.287,148,
1721886606.286,149,
1721886607.307,150,
1721886608.81,151,
1721886609.302,152,
1721886610.304,153,
1721886611.304,154,
1721886612.322,155,
1721886613.297,156,
1721886614.261,157,
1721886615.254,158,
1721886616.254,159,
1721886617.727,160,
1721886618.225,161,
1721886619.232,162,
1721886620.728,163,
1721886621.217,164,
1721886622.725,165,
1721886623.205,166,
1721886624.181,167,
1721886625.182,168,
1721886626.171,169,
1721886627.154,170,
1721886628.647,171,
1721886629.652,172,
1721886630.164,173,
1721886631.664,174,
1721886633.149,176,
1721886634.147,177,
1721886635.663,178,
1721886636.187,179,
1721886638.18,181,
1721886639.173,182,
1721886640.147,183,
1721886641.655,184,
1721886642.667,185,
1721886643.667,186,
1721886644.167,187,
1721886645.182,188,
1721886646.18,189,
1721886647.653,190,
1721886648.148,191,
1721886649.172,192,
1721886650.203,193,
1721886651.181,194,
1721886652.152,195,
1721886653.651,196,
1721886655.636,198,
1721886656.137,199,
1721886657.11,200,
1721886658.111,201,
1721886659.089,202,
1721886660.1,203,
1721886661.109,204,
1721886662.106,205,
1721886663.577,206,
1721886665.054,208,
1721886666.056,209,
1721886667.059,210,
1721886668.575,211,
1721886669.567,212,
1721886670.068,213,
1721886671.063,214,
1721886672.552,215,
1721886673.058,216,
1721886675.051,218,
1721886677.005,220,
1721886678.989,222,
1721886679.983,223,
1721886680.967,224,
1721886681.953,225,
1721886682.975,226,
1721886683.985,227,
1721886685.005,228,
1721886685.992,229,
1721886687.975,231,
1721886689.965,233,
1721886688.966,232,
1721886691.451,234,
1721886691.939,235,
1721886692.938,236,
1721886693.934,237,
1721886694.942,238,
1721886696.423,239,
1721886696.913,240,
1721886698.413,241,
1721886698.924,242,
1721886699.915,243,
1721886701.404,244,
1721886703.4,246,
1721886703.891,247,
1721886705.912,249,
1721886706.875,250,
1721886707.885,251,
1721886708.89,252,
1721886710.377,253,
1721886711.898,255,
1721886713.381,0,
1721886713.869,1,
1721886715.379,2,
1721886715.89,3,
1721886716.907,4,
1721886717.908,5,
1721886719.429,6,
1721886719.91,7,
1721886720.915,8,
1721886722.418,9,
1721886723.426,10,
1721886724.424,11,
1721886724.934,12,
1721886725.925,13,
1721886727.934,15,
1721886728.942,16,
1721886730.435,17,
1721886730.922,18,
1721886731.923,19,
1721886732.921,20,
1721886733.935,21,
1721886735.44,22,
1721886735.944,23,
1721886736.934,24,
1721886737.928,25,
1721886738.923,26,
1721886739.913,27,
1721886741.435,28,
1721886741.943,29,
1721886743.474,30,
1721886743.978,31,
1721886744.984,32,
1721886745.974,33,
1721886746.976,34,
1721886748.456,35,
1721886748.947,36,
1721886749.932,37,
1721886751.414,38,
1721886751.903,39,
1721886752.912,40,
1721886754.931,42,
1721886755.926,43,
1721886756.927,44,
1721886758.456,45,
1721886758.938,46,
1721886759.94,47,
1721886760.933,48,
1721886761.921,49,
1721886763.405,50,
1721886763.902,51,
1721886764.893,52,
1721886766.403,53,
1721886766.911,54,
1721886768.932,56,
1721886769.93,57,
1721886770.948,58,
1721886771.935,59,
1721886772.951,60,
1721886774.435,61,
1721886775.416,62,
1721886776.405,63,
1721886776.897,64,
1721886777.899,65,
1721886779.399,66,
1721886780.408,67,
1721886781.893,69,
1721886782.885,70,
1721886783.871,71,
1721886785.373,72,
1721886785.859,73,
1721886786.848,74,
1721886787.824,75,
1721886789.33,76,
1721886789.821,77,
1721886791.307,78,
1721886792.3,79,
1721886792.803,80,
1721886793.818,81,
1721886794.819,82,
1721886795.827,83,
1721886796.822,84,
1721886797.821,85,
1721886798.825,86,
1721886799.823,87,
1721886800.837,88,
1721886802.807,90,
1721886804.297,91,
1721886804.794,92,
1721886805.785,93,
1721886807.789,95,
1721886809.3,96,
1721886809.803,97,
1721886810.811,98,
1721886813.811,101,
1721886814.803,102,
1721886815.805,103,
1721886816.81,104,
1721886817.809,105,
1721886819.282,106,
1721886819.789,107,
1721886820.799,108,
1721886821.81,109,
1721886822.793,110,
1721886823.783,111,
1721886824.777,112,
1721886825.747,113,
1721886826.755,114,
1721886828.757,116,
1721886829.76,117,
1721886830.733,118,
1721886831.71,119,
1721886832.707,120,
1721886833.698,121,
1721886834.711,122,
1721886835.692,123,
1721886837.18,124,
1721886837.675,125,
1721886838.659,126,
1721886839.682,127,
1721886840.671,128,
1721886841.659,129,
1721886842.668,130,
1721886843.684,131,
1721886845.205,132,
1721886845.695,133,
1721886846.706,134,
1721886847.705,135,
1721886850.196,137,
1721886850.694,138,
1721886851.703,139,
1721886852.68,140,
1721886853.68,141,
1721886855.172,142,
1721886855.672,143,
1721886856.679,144,
1721886857.661,145,
1721886858.651,146,
1721886860.652,148,
1721886859.649,147,
1721886861.651,149,
1721886862.648,150,
1721886863.637,151,
1721886865.127,152,
1721886865.612,153,
1721886867.585,155,
1721886868.573,156,
1721886870.062,157,
1721886870.575,158,
1721886871.568,159,
1721886873.058,160,
1721886874.054,161,
1721886874.544,162,
1721886875.541,163,
1721886876.532,164,
1721886878.041,165,
1721886878.551,166,
1721886879.533,167,
1721886880.53,168,
1721886881.535,169,
1721886882.531,170,
1721886883.524,171,
1721886885.017,172,
1721886885.514,173,
1721886886.528,174,
1721886888.062,175,
1721886888.564,176,
1721886891.086,178,
1721886891.576,179,
1721886892.581,180,
1721886893.568,181,
1721886895.051,182,
1721886895.544,183,
1721886897.536,185,
1721886899.05,186,
1721886899.545,187,
1721886900.567,188,
1721886903.515,191,
1721886905.524,193,
1721886907.484,195,
1721886908.467,196,
1721886909.48,197,
1721886910.97,198,
1721886911.968,199,
1721886912.467,200,
1721886913.977,201,
1721886914.48,202,
1721886915.465,203,
1721886917.45,205,
1721886916.453,204,
1721886918.436,206,
1721886919.936,207,
1721886920.452,208,
1721886921.462,209,
1721886922.465,210,
1721886923.452,211,
1721886924.449,212,
1721886925.434,213,
1721886926.942,214,
1721886927.44,215,
1721886928.937,216,
1721886929.427,217,
1721886932.887,220,
1721886933.394,221,
1721886934.395,222,
1721886935.396,223,
1721886936.411,224,
1721886937.414,225,
1721886938.398,226,
1721886939.393,227,
1721886940.403,228,
1721886941.417,229,
1721886942.395,230,
1721886943.394,231,
1721886944.901,232,
1721886945.417,233,
1721886946.418,234,
1721886947.9,235,
1721886948.898,236,
1721886949.897,237,
1721886950.393,238,
1721886951.908,239,
1721886952.914,240,
1721886953.409,241,
1721886954.416,242,
1721886955.928,243,
1721886956.429,244,
1721886957.458,245,
1721886958.447,246,
1721886959.407,247,
1721886960.394,248,
1721886961.378,249,
1721886962.397,250,
1721886963.378,251,
1721886964.392,252,
1721886965.392,253,
1721886966.406,254,
1721886967.408,255,
1721886968.41,0,
1721886969.414,1,
1721886970.411,2,
1721886971.91,3,
1721886972.421,4,
1721886974.457,6,
1721886973.432,5,
1721886975.947,7,
1721886977.425,9,
1721886978.932,10,
1721886979.927,11,
1721886980.424,12,
1721886981.445,13,
1721886982.439,14,
1721886983.419,15,
1721886984.416,16,
1721886985.418,17,
1721886986.898,18,
1721886987.398,19,
1721886988.391,20,
1721886989.381,21,
1721886990.387,22,
1721886992.377,24,
1721886993.384,25,
1721886994.382,26,
1721886995.858,27,
1721886997.855,29,
1721886998.345,30,
1721886999.335,31,
1721887001.82,33,
1721887002.323,34,
1721887003.807,35,
1721887004.827,36,
1721887005.326,37,
1721887006.336,38,
1721887007.343,39,
1721887008.369,40,
1721887009.358,41,
1721887010.342,42,
1721887011.816,43,
1721887012.81,44,
1721887013.826,45,
1721887014.313,46,
1721887015.288,47,
1721887016.275,48,
1721887017.275,49,
1721887018.767,50,
1721887019.261,51,
1721887020.755,52,
1721887021.734,53,
1721887022.235,54,
1721887023.244,55,
1721887024.235,56,
1721887025.224,57,
1721887026.22,58,
1721887027.191,59,
1721887028.205,60,
1721887030.196,62,
1721887032.213,64,
1721887034.71,66,
1721887035.699,67,
1721887036.196,68,
1721887037.191,69,
1721887038.183,70,
1721887039.167,71,
1721887040.181,72,
1721887041.148,73,
1721887042.633,74,
1721887043.129,75,
1721887044.102,76,
1721887045.101,77,
1721887046.607,78,
1721887047.095,79,
1721887048.586,80,
1721887049.075,81,
1721887050.061,82,
1721887051.056,83,
1721887052.069,84,
1721887055.004,87,
1721887056.013,88,
1721887057.005,89,
1721887058.007,90,
1721887059.034,91,
1721887060.032,92,
1721887062.536,94,
1721887063.048,95,
1721887064.546,96,
1721887065.049,97,
1721887066.555,98,
1721887067.067,99,
1721887068.064,100,
1721887069.067,101,
1721887070.067,102,
1721887071.069,103,
1721887072.068,104,
1721887073.058,105,
1721887074.539,106,
1721887075.02,107,
1721887076.534,108,
1721887078.04,110,
1721887080.498,112,
1721887081.503,113,
1721887082.473,114,
1721887082.982,115,
1721887084.474,116,
1721887084.968,117,
1721887085.986,118,
1721887086.988,119,
1721887087.98,120,
1721887088.956,121,
1721887089.951,122,
1721887091.454,123,
1721887091.935,124,
1721887092.91,125,
1721887093.914,126,
1721887094.911,127,
1721887095.929,128,
1721887097.452,129,
1721887098.465,130,
1721887098.974,131,
1721887099.947,132,
1721887101.941,134,
1721887103.46,135,
1721887104.965,137,
1721887105.967,138,
1721887106.964,139,
1721887107.965,140,
1721887109.95,142,
1721887110.954,143,
1721887111.944,144,
1721887113.42,145,
1721887113.911,146,
1721887114.899,147,
1721887115.909,148,
1721887116.9,149,
1721887118.391,150,
1721887119.385,151,
1721887119.897,152,
1721887121.37,153,
1721887121.872,154,
1721887123.386,155,
1721887123.896,156,
1721887125.389,157,
1721887126.393,158,
1721887126.896,159,
1721887128.406,160,
1721887129.415,161,
1721887129.936,162,
1721887130.95,163,
1721887131.941,164,
1721887132.953,165,
1721887133.948,166,
1721887134.933,167,
1721887135.948,168,
1721887136.952,169,
1721887137.951,170,
1721887138.933,171,
1721887140.434,172,
1721887140.943,173,
1721887141.945,174,
1721887143.435,175,
1721887144.437,176,
1721887144.943,177,
1721887145.924,178,
1721887146.905,179,
1721887147.912,180,
1721887148.913,181,
1721887149.912,182,
1721887150.918,183,
1721887152.898,185,
1721887154.885,187,
1721887155.902,188,
1721887156.887,189,
1721887158.41,190,
1721887158.917,191,
1721887160.374,192,
1721887160.864,193,
1721887161.872,194,
1721887162.838,195,
1721887163.825,196,
1721887165.334,197,
1721887166.347,198,
1721887166.856,199,
1721887168.807,201,
1721887169.797,202,
1721887171.311,203,
1721887171.812,204,
1721887172.817,205,
1721887173.815,206,
1721887174.819,207,
1721887177.313,209,
1721887178.303,210,
1721887178.794,211,
1721887179.805,212,
1721887181.297,213,
1721887182.278,214,
1721887183.258,215,
1721887184.233,216,
1721887185.235,217,
1721887186.222,218,
1721887186.728,219,
1721887187.704,220,
1721887188.721,221,
1721887189.701,222,
1721887190.709,223,
1721887191.707,224,
1721887192.713,225,
1721887194.186,226,
1721887194.665,227,
1721887196.668,229,
1721887197.666,230,
1721887198.658,231,
1721887199.659,232,
1721887200.624,233,
1721887202.103,234,
1721887202.587,235,
1721887204.1,236,
1721887205.09,237,
1721887205.593,238,
1721887207.582,240,
1721887208.565,241,
1721887209.559,242,
1721887210.552,243,
1721887211.559,244,
1721887212.581,245,
1721887214.052,246,
1721887215.055,247,
1721887215.556,248,
1721887216.572,249,
1721887217.559,250,
1721887218.549,251,
1721887219.558,252,
1721887220.545,253,
1721887221.539,254,
1721887222.52,255,
1721887223.496,0,
1721887224.994,1,
1721887225.981,2,
1721887226.486,3,
1721887227.491,4,
1721887228.987,5,
1721887229.483,6,
1721887230.458,7,
1721887231.449,8,
1721887232.947,9,
1721887233.43,10,
1721887234.45,11,
1721887235.446,12,
1721887236.434,13,
1721887237.938,14,
1721887238.454,15,
1721887242.736,0,
1721887243.707,1,
1721887244.714,2,
1721887245.707,3,
1721887246.689,4,
1721887248.178,5,
1721887249.195,6,
1721887249.687,7,
1721887250.675,8,
1721887252.159,9,
1721887252.662,10,
1721887254.642,12,
1721887255.647,13,
1721887256.652,14,
1721887257.654,15,
1721887259.15,16,
1721887259.653,17,
1721887261.154,18,
1721887261.65,19,
1721887263.184,20,
1721887263.686,21,
1721887264.677,22,
1721887265.669,23,
1721887266.657,24,
1721887267.658,25,
1721887268.676,26,
1721887269.675,27,
1721887270.659,28,
1721887271.651,29,
1721887272.623,30,
1721887273.637,31,
1721887275.147,32,
1721887275.634,33,
1721887276.645,34,
1721887277.676,35,
1721887278.673,36,
1721887280.174,37,
1721887280.672,38,
1721887281.706,39,
1721887282.693,40,
1721887283.708,41,
1721887284.704,42,
1721887285.714,43,
1721887287.231,44,
1721887287.729,45,
1721887289.232,46,
1721887289.747,47,
1721887290.759,48,
1721887291.741,49,
1721887292.735,50,
1721887293.731,51,
1721887294.73,52,
1721887296.227,53,
1721887296.742,54,
1721887298.736,56,
1721887300.209,57,
1721887300.688,58,
1721887302.656,60,
1721887305.139,62,
1721887305.635,63,
1721887307.132,64,
1721887308.129,65,
1721887309.13,66,
1721887309.631,67,
1721887310.629,68,
1721887311.647,69,
1721887313.142,70,
1721887315.151,72,
1721887315.638,73,
1721887316.615,74,
1721887317.611,75,
1721887318.626,76,
1721887320.573,78,
1721887321.556,79,
1721887322.541,80,
1721887323.538,81,
1721887325.06,82,
1721887325.559,83,
1721887327.537,85,
1721887328.563,86,
1721887330.074,87,
1721887330.57,88,
1721887332.089,89,
1721887332.607,90,
1721887334.09,91,
1721887334.593,92,
1721887336.093,93,
1721887336.593,94,
1721887337.585,95,
1721887339.539,97,
1721887340.56,98,
1721887341.552,99,
1721887342.542,100,
1721887344.016,101,
1721887344.527,102,
1721887345.529,103,
1721887347.011,104,
1721887347.99,105,
1721887348.48,106,
1721887349.494,107,
1721887350.475,108,
1721887352.463,110,
1721887353.487,111,
1721887354.486,112,
1721887355.482,113,
1721887356.466,114,
1721887357.46,115,
1721887358.449,116,
1721887359.445,117,
1721887360.424,118,
1721887361.901,119,
1721887362.912,120,
1721887363.408,121,
1721887364.41,122,
1721887365.377,123,
1721887366.856,124,
1721887367.348,125,
1721887368.873,126,
1721887369.374,127,
1721887370.854,128,
1721887371.349,129,
1721887372.366,130,
1721887373.374,131,
1721887374.381,132,
1721887377.898,135,
1721887379.399,137,
1721887380.383,138,
1721887381.379,139,
1721887382.385,140,
1721887383.395,141,
1721887384.391,142,
1721887385.373,143,
1721887386.382,144,
1721887387.412,145,
1721887388.409,146,
1721887389.419,147,
1721887390.392,148,
1721887391.383,149,
1721887392.895,150,
1721887393.383,151,
1721887394.371,152,
1721887395.38,153,
1721887396.383,154,
1721887397.369,155,
1721887398.376,156,
1721887399.373,157,
1721887400.371,158,
1721887401.875,159,
1721887402.364,160,
1721887403.85,161,
1721887404.355,162,
1721887405.358,163,
1721887406.368,164,
1721887407.373,165,
1721887408.368,166,
1721887409.345,167,
1721887410.333,168,
1721887411.313,169,
1721887412.296,170,
1721887413.287,171,
1721887414.286,172,
1721887415.288,173,
1721887417.28,175,
1721887418.273,176,
1721887419.258,177,
1721887421.224,179,
1721887422.737,180,
1721887423.215,181,
1721887424.221,182,
1721887425.227,183,
1721887426.708,184,
1721887428.19,186,
1721887429.169,187,
1721887430.675,188,
1721887431.171,189,
1721887432.177,190,
1721887433.199,191,
1721887435.17,193,
1721887436.162,194,
1721887437.155,195,
1721887438.152,196,
1721887439.144,197,
1721887440.143,198,
1721887441.147,199,
1721887442.147,200,
1721887443.143,201,
1721887444.144,202,
1721887445.145,203,
1721887446.614,204,
1721887447.103,205,
1721887448.088,206,
1721887449.094,207,
1721887450.099,208,
1721887451.1,209,
1721887453.599,211,
1721887454.083,212,
1721887455.074,213,
1721887456.557,214,
1721887457.055,215,
1721887458.063,216,
1721887459.06,217,
1721887460.064,218,
1721887461.056,219,
1721887462.038,220,
1721887463.02,221,
1721887464.01,222,
1721887465.023,223,
1721887466.013,224,
1721887467.022,225,
1721887468.025,226,
1721887472.014,230,
1721887473.011,231,
1721887474.007,232,
1721887474.999,233,
1721887475.993,234,
1721887477.982,236,
1721887479.46,237,
1721887479.955,238,
1721887480.967,239,
1721887481.957,240,
1721887482.961,241,
1721887483.959,242,
1721887484.943,243,
1721887485.94,244,
1721887486.932,245,
1721887488.43,246,
1721887489.433,247,
1721887489.934,248,
1721887492.39,250,
1721887492.888,251,
1721887494.39,252,
1721887495.877,254,
1721887496.864,255,
1721887498.377,0,
1721887499.387,1,
1721887500.87,3,
1721887502.4,4,
1721887502.882,5,
1721887504.38,6,
1721887504.871,7,
1721887506.388,8,
1721887506.889,9,
1721887508.367,10,
1721887508.872,11,
1721887509.87,12,
1721887510.865,13,
1721887512.348,14,
1721887512.853,15,
1721887513.831,16,
1721887515.331,17,
1721887515.806,18,
1721887516.79,19,
1721887517.785,20,
1721887518.782,21,
1721887519.784,22,
1721887520.783,23,
1721887521.781,24,
1721887523.274,25,
1721887524.262,26,
1721887524.768,27,
1721887526.263,28,
1721887527.276,29,
1721887527.786,30,
1721887528.78,31,
1721887529.782,32,
1721887531.274,33,
1721887532.257,34,
1721887534.263,36,
1721887535.254,37,
1721887536.754,39,
1721887537.749,40,
1721887539.229,41,
1721887539.744,42,
1721887540.738,43,
1721887541.744,44,
1721887542.736,45,
1721887544.208,46,
1721887545.216,47,
1721887546.19,48,
1721887546.691,49,
1721887547.67,50,
1721887548.677,51,
1721887549.653,52,
1721887551.636,54,
1721887553.133,55,
1721887553.619,56,
1721887554.63,57,
1721887555.62,58,
1721887556.618,59,
1721887557.628,60,
1721887558.584,61,
1721887559.585,62,
1721887562.093,64,
1721887563.093,65,
1721887570.078,72,
1721887570.56,73,
1721887572.071,74,
1721887573.553,76,
1721887574.533,77,
1721887575.528,78,
1721887576.522,79,
1721887577.526,80,
1721887580.533,83,
1721887581.575,84,
1721887582.572,85,
1721887583.547,86,
1721887584.558,87,
1721887585.554,88,
1721887586.548,89,
1721887587.514,90,
1721887588.511,91,
1721887589.517,92,
1721887591.023,93,
1721887592.027,94,
1721887592.534,95,
1721887593.509,96,
1721887594.489,97,
1721887595.498,98,
1721887597.006,99,
1721887598.497,101,
1721887599.509,102,
1721887600.512,103,
1721887603.46,106,
1721887605.448,108,
1721887606.453,109,
1721887607.462,110,
1721887608.935,111,
1721887609.916,112,
1721887610.425,113,
1721887611.429,114,
1721887612.948,115,
1721887613.432,116,
1721887614.934,117,
1721887615.939,118,
1721887616.435,119,
1721887617.431,120,
1721887618.447,121,
1721887620.928,123,
1721887622.425,125,
1721887623.406,126,
1721887624.407,127,
1721887625.421,128,
1721887627.888,130,
1721887628.384,131,
1721887629.408,132,
1721887630.399,133,
1721887631.906,134,
1721887632.4,135,
1721887633.879,136,
1721887634.872,137,
1721887635.386,138,
1721887636.91,139,
1721887637.921,140,
1721887639.413,142,
1721887640.399,143,
1721887642.427,145,
1721887641.413,144,
1721887643.438,146,
1721887644.448,147,
1721887645.461,148,
1721887646.45,149,
1721887647.45,150,
1721887648.44,151,
1721887649.936,152,
1721887650.92,153,
1721887651.936,154,
1721887652.956,155,
1721887654.45,157,
1721887655.454,158,
1721887656.936,159,
1721887657.427,160,
1721887658.424,161,
1721887659.933,162,
1721887660.413,163,
1721887661.43,164,
1721887662.423,165,
1721887663.421,166,
1721887664.429,167,
1721887665.431,168,
1721887666.449,169,
1721887667.929,170,
1721887668.42,171,
1721887669.405,172,
1721887670.397,173,
1721887671.901,174,
1721887672.408,175,
1721887673.408,176,
1721887674.884,177,
1721887675.375,178,
1721887677.872,180,
1721887678.361,181,
1721887679.827,182,
1721887681.313,184,
1721887682.793,185,
1721887683.291,186,
1721887685.777,188,
1721887686.272,189,
1721887687.268,190,
1721887688.757,191,
1721887690.278,193,
1721887691.275,194,
1721887692.275,195,
1721887694.299,197,
1721887695.29,198,
1721887696.295,199,
1721887697.305,200,
1721887699.292,202,
1721887700.274,203,
1721887701.757,204,
1721887703.738,206,
1721887705.226,208,
1721887706.199,209,
1721887707.186,210,
1721887709.187,212,
1721887710.185,213,
1721887711.186,214,
1721887712.16,215,
1721887713.16,216,
1721887714.154,217,
1721887715.155,218,
1721887716.653,219,
1721887717.139,220,
1721887718.631,221,
1721887719.105,222,
1721887720.101,223,
1721887721.119,224,
1721887722.1,225,
1721887723.117,226,
1721887724.126,227,
1721887725.118,228,
1721887726.139,229,
1721887727.121,230,
1721887728.118,231,
1721887729.098,232,
1721887730.073,233,
1721887731.064,234,
1721887732.555,235,
1721887733.059,236,
1721887734.052,237,
1721887735.546,238,
1721887736.033,239,
1721887737.991,241,
1721887739.468,242,
1721887739.947,243,
1721887740.922,244,
1721887742.421,245,
1721887742.908,246,
1721887743.896,247,
1721887744.908,248,
1721887745.904,249,
1721887746.897,250,
1721887748.397,251,
1721887748.896,252,
1721887749.899,253,
1721887751.871,255,
1721887753.379,0,
1721887753.864,1,
1721887754.851,2,
1721887755.839,3,
1721887756.849,4,
1721887758.354,5,
1721887760.859,8,
1721887761.856,9,
1721887762.847,10,
1721887763.843,11,
1721887764.831,12,
1721887765.822,13,
1721887767.311,14,
1721887767.82,15,
1721887768.816,16,
1721887770.316,17,
1721887770.813,18,
1721887771.832,19,
1721887772.823,20,
1721887773.845,21,
1721887775.348,22,
1721887776.368,23,
1721887777.855,25,
1721887779.849,27,
1721887780.861,28,
1721887781.855,29,
1721887783.847,31,
1721887784.832,32,
1721887785.826,33,
1721887786.802,34,
1721887787.778,35,
1721887788.78,36,
1721887789.752,37,
1721887790.743,38,
1721887791.737,39,
1721887792.727,40,
1721887793.712,41,
1721887794.736,42,
1721887795.738,43,
1721887796.757,44,
1721887797.746,45,
1721887798.735,46,
1721887799.714,47,
1721887802.195,49,
1721887803.688,51,
1721887804.708,52,
1721887805.694,53,
1721887807.198,54,
1721887808.2,55,
1721887808.697,56,
1721887809.695,57,
1721887811.16,58,
1721887811.634,59,
1721887813.118,60,
1721887813.622,61,
1721887815.102,62,
1721887816.103,63,
1721887816.602,64,
1721887817.597,65,
1721887818.574,66,
1721887819.57,67,
1721887820.558,68,
1721887821.57,69,
1721887824.052,71,
1721887824.538,72,
1721887825.541,73,
1721887827.032,74,
1721887829.032,76,
1721887830.026,77,
1721887831.855,79,
1721887833.343,81,
1721887834.334,82,
1721887835.823,83,
1721887836.348,84,
1721887837.338,85,
1721887839.834,87,
1721887840.329,88,
1721887841.337,89,
1721887842.328,90,
1721887843.302,91,
1721887844.319,92,
1721887845.316,93,
1721887846.294,94,
1721887847.298,95,
1721887848.315,96,
1721887849.332,97,
1721887851.825,99,
1721887854.277,102,
1721887855.29,103,
1721887856.304,104,
1721887857.816,105,
1721887858.33,106,
1721887859.818,107,
1721887860.315,108,
1721887861.309,109,
1721887862.799,110,
1721887863.788,111,
1721887864.29,112,
1721887865.308,113,
1721887866.812,114,
1721887867.298,115,
1721887868.325,116,
1721887869.328,117,
1721887870.831,118,
1721887871.849,119,
1721887872.363,120,
1721887873.368,121,
1721887874.85,122,
1721887875.365,123,
1721887877.879,125,
1721887878.881,126,
1721887879.368,127,
1721887880.371,128,
1721887881.367,129,
1721887882.362,130,
1721887883.837,131,
1721887884.345,132,
1721887885.342,133,
1721887886.347,134,
1721887887.361,135,
1721887888.357,136,
1721887889.87,137,
1721887890.353,138,
1721887891.352,139,
1721887892.344,140,
1721887894.872,142,
1721887895.366,143,
1721887896.37,144,
1721887897.379,145,
1721887898.911,146,
1721887899.419,147,
1721887900.419,148,
1721887901.925,149,
1721887902.43,150,
1721887903.414,151,
1721887904.399,152,
1721887906.902,154,
1721887907.392,155,
1721887908.885,156,
1721887909.41,157,
1721887910.416,158,
1721887911.401,159,
1721887912.41,160,
1721887913.388,161,
1721887914.39,162,
1721887915.39,163,
1721887916.893,164,
1721887917.907,165,
1721887918.409,166,
1721887919.41,167,
1721887920.911,168,
1721887921.404,169,
1721887922.402,170,
1721887923.387,171,
1721887924.368,172,
1721887925.354,173,
1721887926.855,174,
1721887928.367,176,
1721887929.849,177,
1721887930.341,178,
