time,perfusion
1721884469.047,0.26,
1721884470.541,0.26,
1721884471.53,0.21,
1721884472.041,0.21,
1721884473.028,0.26,
1721884474.042,0.27,
1721884476.046,0.27,
1721884479.057,0.27,
1721884480.045,0.27,
1721884481.02,0.27,
1721884482.536,0.27,
1721884483.539,0.27,
1721884484.543,0.27,
1721884485.538,0.28,
1721884486.036,0.29,
1721884487.535,0.29,
1721884488.548,0.29,
1721884490.054,0.3,
1721884491.53,0.3,
1721884492.505,0.3,
1721884493.487,0.3,
1721884493.988,0.3,
1721884494.974,0.3,
1721884496.983,0.3,
1721884497.987,0.3,
1721884498.968,0.3,
1721884499.963,0.3,
1721884501.469,0.31,
1721884502.481,0.31,
1721884502.967,0.33,
1721884504.466,0.34,
1721884504.968,0.35,
1721884507.492,0.36,
1721884507.991,0.37,
1721884509.493,0.37,
1721884509.98,0.37,
1721884510.986,0.37,
1721884511.964,0.37,
1721884512.982,0.37,
1721884513.978,0.37,
1721884514.963,0.37,
1721884516.446,0.37,
1721884517.455,0.37,
1721884517.96,0.37,
1721884518.962,0.37,
1721884519.932,0.37,
1721884521.452,0.37,
1721884521.973,0.37,
1721884522.969,0.37,
1721884524.961,0.37,
1721884526.928,0.36,
1721884528.414,0.36,
1721884528.904,0.36,
1721884529.897,0.36,
1721884530.89,0.36,
1721884531.892,0.37,
1721884532.885,0.38,
1721884534.373,0.38,
1721884534.858,0.38,
1721884535.859,0.37,
1721884535.847,0.37,
1721884536.854,0.37,
1721884537.849,0.37,
1721884539.869,0.37,
1721884540.862,0.37,
1721884540.846,0.37,
1721884541.811,0.38,
1721884542.823,0.39,
1721884544.352,0.4,
1721884544.857,0.4,
1721884546.868,0.42,
1721884548.369,0.42,
1721884547.855,0.42,
1721884549.324,0.42,
1721884549.815,0.42,
1721884551.81,0.42,
1721884552.783,0.42,
1721884554.798,0.43,
1721884555.768,0.44,
1721884557.275,0.44,
1721884557.782,0.44,
1721884559.289,0.44,
1721884559.789,0.44,
1721884560.789,0.44,
1721884561.79,0.44,
1721884563.257,0.44,
1721884563.743,0.44,
1721884564.731,0.44,
1721884567.673,0.44,
1721884568.672,0.44,
1721884569.691,0.44,
1721884570.693,0.44,
1721884571.703,0.44,
1721884572.686,0.44,
1721884576.717,0.41,
1721884577.719,0.39,
1721884580.249,0.39,
1721884580.743,0.39,
1721884581.751,0.39,
1721884582.752,0.39,
1721884583.768,0.37,
1721884584.756,0.37,
1721884586.73,0.37,
1721884585.74,0.37,
1721884587.768,0.37,
1721884588.782,0.37,
1721884589.782,0.37,
1721884590.778,0.37,
1721884591.774,0.37,
1721884592.754,0.37,
1721884594.246,0.37,
1721884594.745,0.37,
1721884596.25,0.37,
1721884596.738,0.37,
1721884597.722,0.37,
1721884598.726,0.37,
1721884599.734,0.37,
1721884600.698,0.37,
1721884601.662,0.37,
1721884602.669,0.37,
1721884604.163,0.37,
1721884604.659,0.37,
1721884606.136,0.37,
1721884607.642,0.37,
1721884608.668,0.37,
1721884609.673,0.37,
1721884610.685,0.37,
1721884611.664,0.37,
1721884612.689,0.37,
1721884612.689,0.37,
1721884612.705,0.37,
1721884612.73,0.37,
1721884612.711,0.37,
1721884612.719,0.37,
1721884613.206,0.37,
1721884612.709,0.37,
1721884620.698,0.65,
1721884621.701,0.65,
1721884622.692,0.65,
1721884623.697,0.65,
1721884624.721,0.65,
1721884626.699,0.65,
1721884627.685,0.65,
1721884630.14,0.65,
1721884630.646,0.65,
1721884631.632,0.65,
1721884632.632,0.65,
1721884633.617,0.65,
1721884634.615,0.65,
1721884635.612,0.65,
1721884637.1,0.65,
1721884638.1,0.65,
1721884639.097,0.65,
1721884639.59,0.65,
1721884641.116,0.65,
1721884642.104,0.65,
1721884642.6,0.65,
1721884643.57,0.65,
1721884645.051,0.65,
1721884645.55,0.65,
1721884646.552,0.65,
1721884647.544,0.65,
1721884648.541,0.65,
1721884650.03,0.65,
1721884650.523,0.65,
1721884651.016,0.65,
1721884651.024,0.65,
1721884650.53,0.65,
1721884651.047,0.65,
1721884650.545,0.65,
1721884650.54,0.65,
1721884651.029,0.65,
1721884650.503,0.65,
1721884650.507,0.65,
1721884650.499,0.65,
1721884650.473,0.65,
1721884650.467,0.65,
1721884650.46,0.65,
1721884650.441,0.65,
1721884650.414,0.65,
1721884650.382,0.65,
1721884671.392,0.62,
1721884672.398,0.62,
1721884673.387,0.62,
1721884674.363,0.62,
1721884676.333,0.62,
1721884677.846,0.62,
1721884678.34,0.62,
1721884679.349,0.62,
1721884680.349,0.62,
1721884681.359,0.61,
1721884682.819,0.66,
1721884683.31,0.67,
1721884684.3,0.67,
1721884685.309,0.67,
1721884686.332,0.67,
1721884687.327,0.67,
1721884688.329,0.67,
1721884689.317,0.67,
1721884690.818,0.67,
1721884692.317,0.67,
1721884693.334,0.67,
1721884694.317,0.67,
1721884695.33,0.67,
1721884696.342,0.67,
1721884697.872,0.67,
1721884698.356,0.67,
1721884699.347,0.67,
1721884701.345,0.67,
1721884703.823,0.67,
1721884704.325,0.67,
1721884705.337,0.67,
1721884706.35,0.67,
1721884707.352,0.67,
1721884708.346,0.71,
1721884709.336,0.72,
1721884710.313,0.78,
1721884711.307,0.78,
1721884713.288,0.78,
1721884714.291,0.77,
1721884715.269,0.77,
1721884716.265,0.77,
1721884717.242,0.76,
1721884718.213,0.75,
1721884719.694,0.75,
1721884721.192,0.76,
1721884723.175,0.76,
1721884724.16,0.76,
1721884725.154,0.76,
1721884726.635,0.76,
1721884727.126,0.76,
1721884728.129,0.76,
1721884729.145,0.76,
1721884730.141,0.76,
1721884731.146,0.76,
1721884732.148,0.76,
1721884733.133,0.76,
1721884734.114,0.76,
1721884735.128,0.76,
1721884736.109,0.76,
1721884738.078,0.76,
1721884740.076,0.76,
1721884742.582,0.76,
1721884743.591,0.76,
1721884744.562,0.76,
1721884745.55,0.76,
1721884746.041,0.76,
1721884747.512,0.69,
1721884748.005,0.61,
1721884749.007,0.61,
1721884749.982,0.61,
1721884750.961,0.61,
1721884752.94,0.61,
1721884753.946,0.7,
1721884755.906,0.7,
1721884757.808,0.7,
1721884759.332,0.7,
1721884759.825,0.7,
1721884760.816,0.7,
1721884763.3,0.7,
1721884763.805,0.7,
1721884765.284,0.7,
1721884765.78,0.7,
1721884766.782,0.7,
1721884767.775,0.7,
1721884768.787,0.7,
1721884770.791,0.7,
1721884771.818,0.7,
1721884772.817,0.7,
1721884773.812,0.7,
1721884774.807,0.7,
1721884775.822,0.7,
1721884777.317,0.7,
1721884777.833,0.7,
1721884779.341,0.7,
1721884779.846,0.71,
1721884780.845,0.71,
1721884781.841,0.71,
1721884782.848,0.7,
1721884783.849,0.7,
1721884785.351,0.7,
1721884786.35,0.7,
1721884787.366,0.7,
1721884787.858,0.7,
1721884788.86,0.7,
1721884789.854,0.7,
1721884791.847,0.7,
1721884792.852,0.7,
1721884793.843,0.7,
1721884794.854,0.7,
1721884796.342,0.7,
1721884796.84,0.7,
1721884797.839,0.7,
1721884799.821,0.7,
1721884800.823,0.7,
1721884801.834,0.68,
1721884803.331,0.68,
1721884803.833,0.68,
1721884804.83,0.68,
1721884805.826,0.68,
1721884807.321,0.68,
1721884807.82,0.68,
1721884808.825,0.68,
1721884809.815,0.68,
1721884810.814,0.68,
1721884812.312,0.68,
1721884813.32,0.68,
1721884814.791,0.68,
1721884815.777,0.68,
1721884816.779,0.68,
1721884818.286,0.68,
1721884818.785,0.68,
1721884819.801,0.68,
1721884820.822,0.68,
1721884821.82,0.68,
1721884822.791,0.68,
1721884824.776,0.68,
1721884826.779,0.58,
1721884828.271,0.58,
1721884829.295,0.58,
1721884829.788,0.58,
1721884831.305,0.58,
1721884831.81,0.58,
1721884832.837,0.58,
1721884833.826,0.58,
1721884834.822,0.58,
1721884835.812,0.58,
1721884837.288,0.58,
1721884838.775,0.58,
1721884839.252,0.58,
1721884839.738,0.58,
1721884841.25,0.58,
1721884841.764,0.58,
1721884842.765,0.58,
1721884844.271,0.44,
1721884845.748,0.44,
1721884846.742,0.44,
1721884848.728,0.44,
1721884852.724,0.44,
1721884855.165,0.44,
1721884855.66,0.44,
1721884856.662,0.44,
1721884857.655,0.44,
1721884859.136,0.44,
1721884859.64,0.44,
1721884860.648,0.34,
1721884862.607,0.38,
1721884864.104,0.38,
1721884865.096,0.38,
1721884865.602,0.38,
1721884867.125,0.38,
1721884867.628,0.38,
1721884868.624,0.38,
1721884869.623,0.38,
1721884871.104,0.38,
1721884871.603,0.38,
1721884872.598,0.38,
1721884874.078,0.38,
1721884874.582,0.38,
1721884877.089,0.38,
1721884877.597,0.38,
1721884878.61,0.38,
1721884879.608,0.38,
1721884881.102,0.38,
1721884881.608,0.38,
1721884883.081,0.38,
1721884883.577,0.38,
1721884884.574,0.38,
1721884885.572,0.38,
1721884886.588,0.38,
1721884887.574,0.38,
1721884889.569,0.38,
1721884891.045,0.38,
1721884891.042,0.38,
1721884890.553,0.38,
1721884890.548,0.38,
1721884891.026,0.38,
1721884891.017,0.38,
1721884890.509,0.38,
1721884891.008,0.38,
1721884890.494,0.38,
1721884890.474,0.38,
1721884890.944,0.38,
1721884890.432,0.38,
1721884890.423,0.38,
1721884890.945,0.38,
1721884890.447,0.38,
1721884908.447,0.5,
1721884909.924,0.5,
1721884910.927,0.5,
1721884911.409,0.5,
1721884912.876,0.5,
1721884913.375,0.5,
1721884914.862,0.5,
1721884916.868,0.5,
1721884917.863,0.5,
1721884918.848,0.54,
1721884919.816,0.54,
1721884920.321,0.54,
1721884921.302,0.54,
1721884923.309,0.54,
1721884924.298,0.54,
1721884925.294,0.54,
1721884926.775,0.52,
1721884927.27,0.52,
1721884928.763,0.52,
1721884929.267,0.52,
1721884930.262,0.52,
1721884931.772,0.52,
1721884932.259,0.52,
1721884933.271,0.52,
1721884935.271,0.52,
1721884936.273,0.52,
1721884937.241,0.52,
1721884938.243,0.52,
1721884939.228,0.5,
1721884940.744,0.5,
1721884941.734,0.5,
1721884942.223,0.5,
1721884943.22,0.5,
1721884944.212,0.5,
1721884945.684,0.5,
1721884946.679,0.5,
1721884947.7,0.5,
1721884948.2,0.5,
1721884949.2,0.5,
1721884950.189,0.5,
1721884951.188,0.29,
1721884953.177,0.29,
1721884954.157,0.29,
1721884956.144,0.29,
1721884957.16,0.29,
1721884958.645,0.29,
1721884959.657,0.29,
1721884960.158,0.32,
1721884961.173,0.31,
1721884962.185,0.31,
1721884964.175,0.32,
1721884965.176,0.32,
1721884966.191,0.32,
1721884967.181,0.32,
1721884968.182,0.32,
1721884969.691,0.32,
1721884970.678,0.32,
1721884971.18,0.32,
1721884972.177,0.32,
1721884973.169,0.32,
1721884974.159,0.32,
1721884975.643,0.32,
1721884976.624,0.32,
1721884978.103,0.32,
1721884979.56,0.32,
1721884980.064,0.32,
1721884981.054,0.33,
1721884982.027,0.33,
1721884984.02,0.33,
1721884983.523,0.33,
1721884986.042,0.33,
1721884987.544,0.33,
1721884988.039,0.33,
1721884989.027,0.33,
1721884990.006,0.33,
1721884992.498,0.33,
1721884991.999,0.33,
1721884993.0,0.33,
1721884993.995,0.33,
1721884995.492,0.33,
1721884996.98,0.33,
1721884997.976,0.33,
1721884998.963,0.33,
1721885000.453,0.33,
1721885000.944,0.33,
1721885001.926,0.4,
1721885003.926,0.4,
1721885004.919,0.4,
1721885006.898,0.41,
1721885008.382,0.41,
1721885008.881,0.41,
1721885010.899,0.41,
1721885012.38,0.41,
1721885013.888,0.41,
1721885015.346,0.41,
1721885015.844,0.41,
1721885016.824,0.54,
1721885017.815,0.54,
1721885018.809,0.6,
1721885020.293,0.6,
1721885020.8,0.6,
1721885022.3,0.6,
1721885022.803,0.6,
1721885024.296,0.6,
1721885024.795,0.6,
1721885026.275,0.6,
1721885027.777,0.6,
1721885030.282,0.6,
1721885030.785,0.6,
1721885031.782,0.6,
1721885032.779,0.6,
1721885033.771,0.6,
1721885034.777,0.6,
1721885035.769,0.6,
1721885036.783,0.6,
1721885037.776,0.6,
1721885038.79,0.6,
1721885039.77,0.6,
1721885040.773,0.6,
1721885040.758,0.6,
1721885042.253,0.6,
1721885043.254,0.6,
1721885043.764,0.6,
1721885045.267,0.6,
1721885046.764,0.4,
1721885046.758,0.4,
1721885049.239,0.4,
1721885049.739,0.4,
1721885050.751,0.4,
1721885053.262,0.4,
1721885052.758,0.4,
1721885053.76,0.4,
1721885056.721,0.4,
1721885057.711,0.4,
1721885058.711,0.4,
1721885059.725,0.4,
1721885060.744,0.4,
1721885061.727,0.4,
1721885062.717,0.4,
1721885064.227,0.4,
1721885065.236,0.4,
1721885065.74,0.4,
1721885068.244,0.4,
1721885069.259,0.4,
1721885069.739,0.4,
1721885070.759,0.4,
1721885071.757,0.4,
1721885073.78,0.4,
1721885074.244,0.4,
1721885075.223,0.4,
1721885076.706,0.4,
1721885077.689,0.4,
1721885077.696,0.4,
1721885077.69,0.4,
1721885077.688,0.4,
1721885077.691,0.4,
1721885077.68,0.4,
1721885084.187,0.41,
1721885084.686,0.41,
1721885085.667,0.41,
1721885087.167,0.41,
1721885088.141,0.41,
1721885088.666,0.41,
1721885090.631,0.41,
1721885091.661,0.41,
1721885093.157,0.4,
1721885093.66,0.4,
1721885094.638,0.4,
1721885096.124,0.36,
1721885096.626,0.4,
1721885097.611,0.4,
1721885099.147,0.4,
1721885100.132,0.4,
1721885101.613,0.4,
1721885102.57,0.4,
1721885104.055,0.4,
1721885104.564,0.4,
1721885105.548,0.4,
1721885107.052,0.4,
1721885107.548,0.4,
1721885109.045,0.4,
1721885109.549,0.4,
1721885110.527,0.4,
1721885111.51,0.4,
1721885112.499,0.4,
1721885113.983,0.4,
1721885114.484,0.4,
1721885115.482,0.4,
1721885117.003,0.4,
1721885117.505,0.4,
1721885118.496,0.4,
1721885119.5,0.4,
1721885120.491,0.4,
1721885121.49,0.4,
1721885124.011,0.4,
1721885124.505,0.4,
1721885126.499,0.54,
1721885127.499,0.54,
1721885129.006,0.54,
1721885129.486,0.54,
1721885130.972,0.54,
1721885132.983,0.54,
1721885133.485,0.54,
1721885134.48,0.61,
1721885135.97,0.61,
1721885136.464,0.61,
1721885137.446,0.61,
1721885138.452,0.61,
1721885139.438,0.61,
1721885140.917,0.61,
1721885141.424,0.61,
1721885142.439,0.61,
1721885143.441,0.63,
1721885144.454,0.62,
1721885145.446,0.62,
1721885146.466,0.62,
1721885147.464,0.63,
1721885148.97,0.63,
1721885149.464,0.63,
1721885150.96,0.63,
1721885151.475,0.64,
1721885153.486,0.64,
1721885154.999,0.64,
1721885155.487,0.64,
1721885156.978,0.64,
1721885157.966,0.64,
1721885158.483,0.64,
1721885159.496,0.64,
1721885160.48,0.64,
1721885161.972,0.64,
1721885162.466,0.64,
1721885163.962,0.64,
1721885164.478,0.64,
1721885165.457,0.64,
1721885166.934,0.64,
1721885167.454,0.64,
1721885168.439,0.63,
1721885169.928,0.62,
1721885171.428,0.62,
1721885172.924,0.62,
1721885173.922,0.62,
1721885174.916,0.62,
1721885176.45,0.62,
1721885177.452,0.58,
1721885178.936,0.58,
1721885179.436,0.57,
1721885180.417,0.54,
1721885181.416,0.53,
1721885182.412,0.53,
1721885183.413,0.52,
1721885184.435,0.51,
1721885185.418,0.5,
1721885186.903,0.47,
1721885187.402,0.46,
1721885188.399,0.46,
1721885189.893,0.46,
1721885191.383,0.45,
1721885192.376,0.45,
1721885193.362,0.45,
1721885194.881,0.45,
1721885195.401,0.45,
1721885196.381,0.45,
1721885197.398,0.45,
1721885199.9,0.45,
1721885200.901,0.45,
1721885202.394,0.45,
1721885203.874,0.45,
1721885204.377,0.45,
1721885205.374,0.45,
1721885206.885,0.45,
1721885207.381,0.45,
1721885208.378,0.45,
1721885209.364,0.45,
1721885210.861,0.45,
1721885211.36,0.45,
1721885212.362,0.45,
1721885213.365,0.45,
1721885214.364,0.45,
1721885216.841,0.45,
1721885217.337,0.45,
1721885218.347,0.45,
1721885219.841,0.45,
1721885220.331,0.45,
1721885221.828,0.49,
1721885222.837,0.49,
1721885224.816,0.45,
1721885226.313,0.49,
1721885228.803,0.49,
1721885229.316,0.49,
1721885230.321,0.49,
1721885232.287,0.49,
1721885233.29,0.49,
1721885234.782,0.49,
1721885235.284,0.49,
1721885236.277,0.49,
1721885237.791,0.49,
1721885238.279,0.49,
1721885239.269,0.49,
1721885240.281,0.49,
1721885241.29,0.49,
1721885242.301,0.49,
1721885243.815,0.49,
1721885245.328,0.49,
1721885246.309,0.49,
1721885247.295,0.49,
1721885248.287,0.49,
1721885249.288,0.49,
1721885250.281,0.49,
1721885251.288,0.49,
1721885252.295,0.49,
1721885254.28,0.49,
1721885254.259,0.49,
1721885254.259,0.49,
1721885254.227,0.49,
1721885254.225,0.49,
1721885254.225,0.49,
1721885254.238,0.49,
1721885254.249,0.49,
1721885254.227,0.49,
1721885254.227,0.49,
1721885254.222,0.49,
1721885254.211,0.49,
1721885254.736,0.49,
1721885254.725,0.49,
1721885254.216,0.49,
1721885254.19,0.49,
1721885254.201,0.49,
1721885254.194,0.49,
1721885254.204,0.49,
1721885254.171,0.49,
1721885254.683,0.49,
1721885254.704,0.49,
1721885254.218,0.49,
1721885254.687,0.49,
1721885254.193,0.49,
1721885254.213,0.49,
1721885254.208,0.49,
1721885254.2,0.49,
1721885254.699,0.49,
1721885254.185,0.49,
1721885254.173,0.49,
1721885254.175,0.49,
1721885254.172,0.49,
1721885254.161,0.49,
1721885254.647,0.49,
1721885254.648,0.49,
1721885254.152,0.49,
1721885254.138,0.49,
1721885254.15,0.49,
1721885254.157,0.49,
1721885254.139,0.49,
1721885254.133,0.49,
1721885254.14,0.49,
1721885254.643,0.49,
1721885254.671,0.49,
1721885254.659,0.49,
1721885254.662,0.49,
1721885254.149,0.49,
1721885254.164,0.49,
1721885254.164,0.49,
1721885254.179,0.49,
1721885308.176,0.53,
1721885309.177,0.53,
1721885310.142,0.53,
1721885311.146,0.53,
1721885312.149,0.53,
1721885313.168,0.53,
1721885314.679,0.53,
1721885315.176,0.53,
1721885316.17,0.53,
1721885317.161,0.53,
1721885318.163,0.53,
1721885319.141,0.53,
1721885320.156,0.53,
1721885321.164,0.53,
1721885322.171,0.53,
1721885323.188,0.53,
1721885324.183,0.53,
1721885326.664,0.49,
1721885329.179,0.49,
1721885330.151,0.55,
1721885331.155,0.55,
1721885332.156,0.55,
1721885333.63,0.55,
1721885334.144,0.55,
1721885335.655,0.55,
1721885336.148,0.55,
1721885337.152,0.55,
1721885338.146,0.55,
1721885339.126,0.55,
1721885340.111,0.55,
1721885341.093,0.55,
1721885342.087,0.55,
1721885343.08,0.55,
1721885344.07,0.55,
1721885345.067,0.55,
1721885346.095,0.55,
1721885347.092,0.55,
1721885348.078,0.55,
1721885349.08,0.55,
1721885353.992,0.55,
1721885355.005,0.55,
1721885355.981,0.55,
1721885358.505,0.55,
1721885358.006,0.55,
1721885359.014,0.55,
1721885359.038,0.55,
1721885362.488,0.35,
1721885363.004,0.35,
1721885364.482,0.35,
1721885365.504,0.35,
1721885366.008,0.35,
1721885367.496,0.35,
1721885367.998,0.35,
1721885369.488,0.43,
1721885371.004,0.43,
1721885372.479,0.43,
1721885374.501,0.43,
1721885374.001,0.43,
1721885375.502,0.43,
1721885375.999,0.43,
1721885377.49,0.43,
1721885377.991,0.43,
1721885379.51,0.43,
1721885380.013,0.43,
1721885382.019,0.43,
1721885381.02,0.43,
1721885383.033,0.43,
1721885385.041,0.43,
1721885386.533,0.43,
1721885387.019,0.43,
1721885390.535,0.43,
1721885391.037,0.42,
1721885393.51,0.42,
1721885394.019,0.42,
1721885395.007,0.42,
1721885396.017,0.42,
1721885397.01,0.42,
1721885398.482,0.42,
1721885399.976,0.42,
1721885400.945,0.42,
1721885401.953,0.42,
1721885402.967,0.42,
1721885403.938,0.42,
1721885404.959,0.42,
1721885405.942,0.42,
1721885406.958,0.42,
1721885408.463,0.42,
1721885408.962,0.42,
1721885410.463,0.42,
1721885410.955,0.42,
1721885411.937,0.42,
1721885412.929,0.42,
1721885414.434,0.42,
1721885415.405,0.42,
1721885415.899,0.42,
1721885416.899,0.42,
1721885417.895,0.42,
1721885419.379,0.42,
1721885419.89,0.42,
1721885420.898,0.42,
1721885421.898,0.41,
1721885422.92,0.41,
1721885423.888,0.41,
1721885424.883,0.41,
1721885425.861,0.41,
1721885427.366,0.41,
1721885428.87,0.41,
1721885429.846,0.41,
1721885430.833,0.44,
1721885432.838,0.44,
1721885433.834,0.44,
1721885434.842,0.43,
1721885435.832,0.42,
1721885437.327,0.41,
1721885437.847,0.41,
1721885438.849,0.41,
1721885439.858,0.41,
1721885441.345,0.41,
1721885442.336,0.41,
1721885442.833,0.41,
1721885443.815,0.41,
1721885444.826,0.41,
1721885445.838,0.41,
1721885447.846,0.41,
1721885448.877,0.41,
1721885450.385,0.41,
1721885450.882,0.41,
1721885453.387,0.41,
1721885453.88,0.41,
1721885454.868,0.41,
1721885455.879,0.41,
1721885457.386,0.41,
1721885457.886,0.41,
1721885459.882,0.4,
1721885460.849,0.4,
1721885462.33,0.4,
1721885463.311,0.4,
1721885463.816,0.4,
1721885465.313,0.4,
1721885465.808,0.43,
1721885466.798,0.43,
1721885468.295,0.43,
1721885469.801,0.43,
1721885471.286,0.43,
1721885471.788,0.43,
1721885472.798,0.43,
1721885473.824,0.43,
1721885474.828,0.43,
1721885476.832,0.44,
1721885477.842,0.44,
1721885479.794,0.44,
1721885480.808,0.44,
1721885482.291,0.44,
1721885482.778,0.44,
1721885483.761,0.44,
1721885486.224,0.46,
1721885488.209,0.46,
1721885488.707,0.46,
1721885489.698,0.46,
1721885491.184,0.46,
1721885492.172,0.46,
1721885493.652,0.46,
1721885495.176,0.46,
1721885497.69,0.46,
1721885499.176,0.46,
1721885500.164,0.46,
1721885501.671,0.46,
1721885504.634,0.46,
1721885505.636,0.46,
1721885507.141,0.46,
1721885508.649,0.46,
1721885510.124,0.46,
1721885511.607,0.46,
1721885512.601,0.46,
1721885513.571,0.46,
1721885515.084,0.46,
1721885514.579,0.46,
1721885515.062,0.46,
1721885514.561,0.46,
1721885514.563,0.46,
1721885514.566,0.46,
1721885520.545,0.48,
1721885521.548,0.48,
1721885522.556,0.48,
1721885523.549,0.48,
1721885524.539,0.48,
1721885526.036,0.48,
1721885526.526,0.48,
1721885528.021,0.48,
1721885529.037,0.48,
1721885529.533,0.48,
1721885531.014,0.48,
1721885531.503,0.48,
1721885532.525,0.49,
1721885534.014,0.49,
1721885534.517,0.49,
1721885536.019,0.52,
1721885536.524,0.52,
1721885537.538,0.52,
1721885539.013,0.52,
1721885539.504,0.52,
1721885540.506,0.52,
1721885541.512,0.51,
1721885542.516,0.52,
1721885544.027,0.52,
1721885544.536,0.52,
1721885546.035,0.52,
1721885546.538,0.54,
1721885547.524,0.54,
1721885548.507,0.54,
1721885549.504,0.54,
1721885550.508,0.54,
1721885552.507,0.54,
1721885552.005,0.54,
1721885553.507,0.54,
1721885554.502,0.54,
1721885555.528,0.54,
1721885556.519,0.54,
1721885559.037,0.54,
1721885560.028,0.54,
1721885560.525,0.54,
1721885562.006,0.54,
1721885562.502,0.54,
1721885564.011,0.53,
1721885565.009,0.53,
1721885565.499,0.53,
1721885566.5,0.53,
1721885567.489,0.54,
1721885568.49,0.54,
1721885569.483,0.54,
1721885571.503,0.54,
1721885572.49,0.54,
1721885573.495,0.54,
1721885574.492,0.54,
1721885576.481,0.54,
1721885577.501,0.54,
1721885579.0,0.54,
1721885579.499,0.53,
1721885580.479,0.53,
1721885581.502,0.53,
1721885582.465,0.53,
1721885583.455,0.55,
1721885584.461,0.55,
1721885585.464,0.55,
1721885586.454,0.55,
1721885587.451,0.55,
1721885588.928,0.56,
1721885589.407,0.56,
1721885590.418,0.56,
1721885591.436,0.56,
1721885592.444,0.56,
1721885593.437,0.56,
1721885594.96,0.56,
1721885596.457,0.56,
1721885597.465,0.56,
1721885598.477,0.56,
1721885599.464,0.56,
1721885600.46,0.56,
1721885601.97,0.56,
1721885603.446,0.56,
1721885604.945,0.56,
1721885605.438,0.56,
1721885606.465,0.56,
1721885607.459,0.56,
1721885609.466,0.56,
1721885608.453,0.56,
1721885611.499,0.56,
1721885612.498,0.5,
1721885613.962,0.5,
1721885614.46,0.5,
1721885615.455,0.5,
1721885616.447,0.5,
1721885617.445,0.5,
1721885618.442,0.5,
1721885619.426,0.5,
1721885621.416,0.5,
1721885622.899,0.5,
1721885623.397,0.5,
1721885624.386,0.5,
1721885625.893,0.5,
1721885626.888,0.5,
1721885627.38,0.5,
1721885628.871,0.5,
1721885629.865,0.59,
1721885630.372,0.59,
1721885631.865,0.59,
1721885632.87,0.59,
1721885633.879,0.59,
1721885634.364,0.62,
1721885635.355,0.62,
1721885636.868,0.62,
1721885637.361,0.62,
1721885638.84,0.62,
1721885639.358,0.62,
1721885641.868,0.64,
1721885642.363,0.64,
1721885643.373,0.64,
1721885644.86,0.64,
1721885645.367,0.64,
1721885647.867,0.64,
1721885648.379,0.64,
1721885649.383,0.64,
1721885651.393,0.64,
1721885653.39,0.64,
1721885654.402,0.64,
1721885655.399,0.64,
1721885656.407,0.64,
1721885657.411,0.64,
1721885658.899,0.64,
1721885659.881,0.64,
1721885660.378,0.64,
1721885661.854,0.64,
1721885662.851,0.64,
1721885663.358,0.64,
1721885665.363,0.64,
1721885666.842,0.64,
1721885667.35,0.64,
1721885668.364,0.64,
1721885669.372,0.64,
1721885670.881,0.64,
1721885671.379,0.63,
1721885672.371,0.63,
1721885673.35,0.65,
1721885674.847,0.65,
1721885675.865,0.65,
1721885676.355,0.65,
1721885677.841,0.65,
1721885680.344,0.65,
1721885681.327,0.65,
1721885682.329,0.65,
1721885683.343,0.66,
1721885684.34,0.66,
1721885685.347,0.66,
1721885686.347,0.66,
1721885687.349,0.66,
1721885688.857,0.66,
1721885689.366,0.67,
1721885690.375,0.66,
1721885691.372,0.66,
1721885692.366,0.66,
1721885693.361,0.65,
1721885694.34,0.64,
1721885695.852,0.61,
1721885697.333,0.59,
1721885698.347,0.59,
1721885699.327,0.59,
1721885700.811,0.58,
1721885703.285,0.55,
1721885705.256,0.51,
1721885706.255,0.51,
1721885707.251,0.51,
1721885708.222,0.51,
1721885709.249,0.51,
1721885710.247,0.51,
1721885711.728,0.51,
1721885712.228,0.51,
1721885713.205,0.51,
1721885714.204,0.51,
1721885715.692,0.5,
1721885716.681,0.5,
1721885717.185,0.5,
1721885718.184,0.5,
1721885719.187,0.5,
1721885720.175,0.5,
1721885721.153,0.5,
1721885722.15,0.5,
1721885723.138,0.5,
1721885725.129,0.5,
1721885729.061,0.5,
1721885730.078,0.5,
1721885731.083,0.5,
1721885732.083,0.5,
1721885733.546,0.5,
1721885734.044,0.5,
1721885735.059,0.5,
1721885736.059,0.5,
1721885737.052,0.5,
1721885738.526,0.47,
1721885739.029,0.47,
1721885740.023,0.47,
1721885742.018,0.47,
1721885744.012,0.47,
1721885745.003,0.47,
1721885746.513,0.47,
1721885746.022,0.47,
1721885747.026,0.47,
1721885748.037,0.48,
1721885749.048,0.48,
1721885750.071,0.48,
1721885753.084,0.48,
1721885754.08,0.48,
1721885755.078,0.48,
1721885756.055,0.48,
1721885757.061,0.48,
1721885758.039,0.48,
1721885759.04,0.48,
1721885760.041,0.48,
1721885761.055,0.48,
1721885763.536,0.48,
1721885764.022,0.48,
1721885765.046,0.48,
1721885766.045,0.48,
1721885767.532,0.48,
1721885769.022,0.48,
1721885771.497,0.48,
1721885771.997,0.4,
1721885772.999,0.4,
1721885774.485,0.4,
1721885775.482,0.4,
1721885780.452,0.4,
1721885780.95,0.4,
1721885781.907,0.4,
1721885783.416,0.4,
1721885783.92,0.4,
1721885785.42,0.4,
1721885786.414,0.6,
1721885787.4,0.6,
1721885787.889,0.6,
1721885788.887,0.6,
1721885789.883,0.6,
1721885790.865,0.6,
1721885791.867,0.6,
1721885792.863,0.6,
1721885794.346,0.6,
1721885794.847,0.63,
1721885795.846,0.61,
1721885796.86,0.61,
1721885797.841,0.61,
1721885798.838,0.61,
1721885800.328,0.61,
1721885801.802,0.61,
1721885802.816,0.61,
1721885804.312,0.61,
1721885804.822,0.61,
1721885807.346,0.61,
1721885807.845,0.61,
1721885808.838,0.61,
1721885809.841,0.61,
1721885810.838,0.61,
1721885811.841,0.61,
1721885813.85,0.61,
1721885814.849,0.61,
1721885816.318,0.61,
1721885817.336,0.57,
1721885817.839,0.57,
1721885818.817,0.57,
1721885820.305,0.57,
1721885820.809,0.57,
1721885820.788,0.57,
1721885821.79,0.59,
1721885822.772,0.6,
1721885823.772,0.6,
1721885824.762,0.6,
1721885826.257,0.6,
1721885826.757,0.6,
1721885827.765,0.64,
1721885829.258,0.64,
1721885830.239,0.64,
1721885831.247,0.69,
1721885832.248,0.69,
1721885832.751,0.69,
1721885834.726,0.69,
1721885836.706,0.69,
1721885835.715,0.69,
1721885837.684,0.69,
1721885839.194,0.69,
1721885839.683,0.69,
1721885840.658,0.69,
1721885841.63,0.69,
1721885842.636,0.69,
1721885845.13,0.69,
1721885845.616,0.69,
1721885846.609,0.69,
1721885847.616,0.69,
1721885849.123,0.69,
1721885849.627,0.69,
1721885850.638,0.69,
1721885851.646,0.69,
1721885853.638,0.69,
1721885854.641,0.69,
1721885855.619,0.69,
1721885856.61,0.69,
1721885857.6,0.69,
1721885858.613,0.69,
1721885860.07,0.69,
1721885859.581,0.69,
1721885859.585,0.69,
1721885860.1,0.69,
1721885860.097,0.69,
1721885860.086,0.69,
1721885860.087,0.69,
1721885867.563,0.48,
1721885868.56,0.48,
1721885869.567,0.48,
1721885870.562,0.48,
1721885873.055,0.48,
1721885873.562,0.48,
1721885874.555,0.48,
1721885876.57,0.48,
1721885878.07,0.48,
1721885879.052,0.48,
1721885880.053,0.48,
1721885880.562,0.42,
1721885882.579,0.42,
1721885883.545,0.42,
1721885885.534,0.42,
1721885886.529,0.42,
1721885887.538,0.42,
1721885888.541,0.42,
1721885889.52,0.42,
1721885891.005,0.42,
1721885891.513,0.42,
1721885893.483,0.42,
1721885892.502,0.42,
1721885894.486,0.42,
1721885895.479,0.42,
1721885896.478,0.42,
1721885897.475,0.42,
1721885898.468,0.42,
1721885902.951,0.42,
1721885903.953,0.42,
1721885904.465,0.42,
1721885905.453,0.42,
1721885906.474,0.42,
1721885907.466,0.42,
1721885908.467,0.42,
1721885909.467,0.42,
1721885910.45,0.45,
1721885911.962,0.45,
1721885912.454,0.45,
1721885913.953,0.45,
1721885915.458,0.45,
1721885917.941,0.45,
1721885918.43,0.45,
1721885919.944,0.45,
1721885920.444,0.45,
1721885922.437,0.45,
1721885923.438,0.45,
1721885925.902,0.45,
1721885927.4,0.45,
1721885928.417,0.45,
1721885929.421,0.45,
1721885930.42,0.45,
1721885931.417,0.45,
1721885932.416,0.45,
1721885933.431,0.45,
1721885934.447,0.45,
1721885935.954,0.45,
1721885936.448,0.45,
1721885937.458,0.45,
1721885938.425,0.45,
1721885939.458,0.45,
1721885939.476,0.45,
1721885939.483,0.45,
1721885939.484,0.45,
1721885939.475,0.45,
1721885939.473,0.45,
1721885939.479,0.45,
1721885939.503,0.45,
1721885939.502,0.45,
1721885948.498,0.61,
1721885949.494,0.61,
1721885950.999,0.61,
1721885952.005,0.61,
1721885952.515,0.61,
1721885953.49,0.61,
1721885954.484,0.61,
1721885955.489,0.61,
1721885957.449,0.61,
1721885958.417,0.61,
1721885959.424,0.61,
1721885960.402,0.61,
1721885961.391,0.61,
1721885962.39,0.61,
1721885963.383,0.72,
1721885964.403,0.72,
1721885965.39,0.72,
1721885966.38,0.72,
1721885967.376,0.71,
1721885968.855,0.71,
1721885969.334,0.71,
1721885970.321,0.71,
1721885971.324,0.71,
1721885972.316,0.71,
1721885973.327,0.71,
1721885974.809,0.69,
1721885975.812,0.69,
1721885977.31,0.69,
1721885979.309,0.69,
1721885980.294,0.69,
1721885981.771,0.69,
1721885982.282,0.66,
1721885983.785,0.67,
1721885984.264,0.67,
1721885985.259,0.67,
1721885986.254,0.67,
1721885987.733,0.67,
1721885988.746,0.67,
1721885989.72,0.67,
1721885990.227,0.67,
1721885991.214,0.67,
1721885992.207,0.67,
1721885993.225,0.67,
1721885994.719,0.67,
1721885995.228,0.67,
1721885996.212,0.67,
1721885997.216,0.67,
1721885998.71,0.67,
1721885999.706,0.67,
1721886001.19,0.67,
1721886004.177,0.67,
1721886005.151,0.67,
1721886006.162,0.67,
1721886007.166,0.67,
1721886008.153,0.67,
1721886009.163,0.67,
1721886010.145,0.67,
1721886011.137,0.67,
1721886012.117,0.67,
1721886013.1,0.67,
1721886013.099,0.67,
1721886016.077,0.57,
1721886017.564,0.57,
1721886019.054,0.57,
1721886020.058,0.63,
1721886021.059,0.63,
1721886022.052,0.63,
1721886023.564,0.63,
1721886024.066,0.63,
1721886025.059,0.63,
1721886027.059,0.63,
1721886028.546,0.63,
1721886029.569,0.63,
1721886030.061,0.63,
1721886031.083,0.63,
1721886032.087,0.63,
1721886033.093,0.63,
1721886034.112,0.63,
1721886035.091,0.63,
1721886036.1,0.63,
1721886037.605,0.63,
1721886038.09,0.63,
1721886039.095,0.63,
1721886040.102,0.63,
1721886041.093,0.63,
1721886042.08,0.63,
1721886043.1,0.63,
1721886044.085,0.63,
1721886045.101,0.63,
1721886046.085,0.63,
1721886047.56,0.63,
1721886048.53,0.63,
1721886049.042,0.63,
1721886054.013,0.63,
1721886055.02,0.63,
1721886056.005,0.63,
1721886057.008,0.63,
1721886058.01,0.63,
1721886058.968,0.63,
1721886059.985,0.63,
1721886062.483,0.63,
1721886062.968,0.63,
1721886063.968,0.63,
1721886064.972,0.63,
1721886066.455,0.63,
1721886066.972,0.63,
1721886068.465,0.63,
1721886069.449,0.63,
1721886069.954,0.63,
1721886071.938,0.63,
1721886073.947,0.63,
1721886075.443,0.63,
1721886074.962,0.63,
1721886074.931,0.63,
1721886075.425,0.63,
1721886075.426,0.63,
1721886074.92,0.63,
1721886074.92,0.63,
1721886075.427,0.63,
1721886074.94,0.63,
1721886075.445,0.63,
1721886074.95,0.63,
1721886074.939,0.63,
1721886087.951,0.49,
1721886089.942,0.49,
1721886090.943,0.49,
1721886092.44,0.43,
1721886093.467,0.5,
1721886093.961,0.5,
1721886094.971,0.53,
1721886095.971,0.53,
1721886096.954,0.53,
1721886097.978,0.53,
1721886098.977,0.53,
1721886099.985,0.53,
1721886102.457,0.53,
1721886103.944,0.53,
1721886104.952,0.53,
1721886105.94,0.53,
1721886106.933,0.53,
1721886107.933,0.53,
1721886109.439,0.53,
1721886109.943,0.53,
1721886110.955,0.53,
1721886112.955,0.55,
1721886113.944,0.55,
1721886114.957,0.55,
1721886116.439,0.55,
1721886116.947,0.55,
1721886117.927,0.55,
1721886118.929,0.57,
1721886119.932,0.57,
1721886122.428,0.57,
1721886122.922,0.57,
1721886123.929,0.57,
1721886124.951,0.57,
1721886125.965,0.57,
1721886126.961,0.57,
1721886127.971,0.58,
1721886129.99,0.58,
1721886131.002,0.57,
1721886132.51,0.57,
1721886133.006,0.57,
1721886133.984,0.57,
1721886135.482,0.57,
1721886135.99,0.57,
1721886136.95,0.57,
1721886137.938,0.57,
1721886138.961,0.57,
1721886139.962,0.57,
1721886140.978,0.57,
1721886141.988,0.57,
1721886143.485,0.57,
1721886144.487,0.57,
1721886145.488,0.57,
1721886145.995,0.57,
1721886146.023,0.57,
1721886148.01,0.57,
1721886149.009,0.57,
1721886149.997,0.57,
1721886150.996,0.57,
1721886152.971,0.57,
1721886153.961,0.57,
1721886154.969,0.57,
1721886156.457,0.57,
1721886156.963,0.57,
1721886157.96,0.57,
1721886159.47,0.57,
1721886159.971,0.57,
1721886160.972,0.57,
1721886161.964,0.57,
1721886162.958,0.57,
1721886162.96,0.57,
1721886162.943,0.57,
1721886166.948,0.78,
1721886167.927,0.78,
1721886168.913,0.78,
1721886169.893,0.78,
1721886171.417,0.62,
1721886171.919,0.71,
1721886172.928,0.72,
1721886174.434,0.72,
1721886174.948,0.73,
1721886175.951,0.72,
1721886176.933,0.72,
1721886178.428,0.72,
1721886179.913,0.71,
1721886181.411,0.71,
1721886182.423,0.7,
1721886182.907,0.7,
1721886183.893,0.69,
1721886184.883,0.69,
1721886186.362,0.69,
1721886186.853,0.69,
1721886187.858,0.69,
1721886188.865,0.69,
1721886189.831,0.69,
1721886190.816,0.69,
1721886191.823,0.69,
1721886193.305,0.69,
1721886194.305,0.69,
1721886194.824,0.69,
1721886195.814,0.69,
1721886196.829,0.69,
1721886197.824,0.69,
1721886198.837,0.69,
1721886200.35,0.69,
1721886200.841,0.69,
1721886201.857,0.69,
1721886202.86,0.69,
1721886204.361,0.69,
1721886204.87,0.69,
1721886205.86,0.69,
1721886206.865,0.69,
1721886207.854,0.69,
1721886208.857,0.63,
1721886209.873,0.63,
1721886211.365,0.68,
1721886211.858,0.7,
1721886212.85,0.72,
1721886213.859,0.73,
1721886216.332,0.73,
1721886217.342,0.73,
1721886217.842,0.73,
1721886218.862,0.72,
1721886219.857,0.72,
1721886220.854,0.72,
1721886222.337,0.72,
1721886222.84,0.72,
1721886223.831,0.72,
1721886224.805,0.72,
1721886226.295,0.72,
1721886227.309,0.72,
1721886227.809,0.72,
1721886229.291,0.7,
1721886229.823,0.7,
1721886229.788,0.7,
1721886233.817,0.7,
1721886234.816,0.7,
1721886235.811,0.7,
1721886235.79,0.7,
1721886237.802,0.7,
1721886238.802,0.7,
1721886239.789,0.7,
1721886241.296,0.69,
1721886241.791,0.69,
1721886241.777,0.69,
1721886242.751,0.7,
1721886243.764,0.7,
1721886244.788,0.7,
1721886246.791,0.7,
1721886249.293,0.74,
1721886248.78,0.74,
1721886250.79,0.74,
1721886251.765,0.74,
1721886253.277,0.75,
1721886253.777,0.75,
1721886254.767,0.76,
1721886255.763,0.76,
1721886256.746,0.76,
1721886257.744,0.76,
1721886258.729,0.76,
1721886259.736,0.76,
1721886260.743,0.76,
1721886261.734,0.75,
1721886262.736,0.75,
1721886263.745,0.75,
1721886264.744,0.73,
1721886265.744,0.73,
1721886266.749,0.73,
1721886267.764,0.73,
1721886269.781,0.69,
1721886271.813,0.69,
1721886272.813,0.69,
1721886273.829,0.69,
1721886274.827,0.69,
1721886276.302,0.69,
1721886277.287,0.69,
1721886278.768,0.69,
1721886279.78,0.69,
1721886280.774,0.66,
1721886281.763,0.64,
1721886282.763,0.63,
1721886285.287,0.62,
1721886287.3,0.59,
1721886286.79,0.59,
1721886287.772,0.59,
1721886289.791,0.59,
1721886291.296,0.59,
1721886290.783,0.59,
1721886292.259,0.56,
1721886292.759,0.56,
1721886293.765,0.54,
1721886294.783,0.55,
1721886295.782,0.56,
1721886297.791,0.55,
1721886298.796,0.55,
1721886300.313,0.53,
1721886300.808,0.53,
1721886303.809,0.51,
1721886304.813,0.51,
1721886305.806,0.51,
1721886306.801,0.51,
1721886306.785,0.51,
1721886309.297,0.54,
1721886310.293,0.54,
1721886310.804,0.53,
1721886311.785,0.53,
1721886312.777,0.53,
1721886313.751,0.47,
1721886314.726,0.47,
1721886315.729,0.47,
1721886317.213,0.47,
1721886318.725,0.47,
1721886319.708,0.47,
1721886320.719,0.48,
1721886321.721,0.47,
1721886322.725,0.46,
1721886324.21,0.45,
1721886324.712,0.45,
1721886327.178,0.45,
1721886328.71,0.43,
1721886329.709,0.44,
1721886330.71,0.44,
1721886332.224,0.43,
1721886333.7,0.43,
1721886334.693,0.43,
1721886336.177,0.43,
1721886336.674,0.43,
1721886338.156,0.43,
1721886338.652,0.43,
1721886339.653,0.43,
1721886340.639,0.43,
1721886341.617,0.43,
1721886342.604,0.43,
1721886343.613,0.43,
1721886344.615,0.43,
1721886345.615,0.43,
1721886346.607,0.43,
1721886347.599,0.43,
1721886348.605,0.42,
1721886350.105,0.42,
1721886350.59,0.42,
1721886352.095,0.42,
1721886352.598,0.42,
1721886353.598,0.42,
1721886354.58,0.42,
1721886355.581,0.42,
1721886357.081,0.42,
1721886357.574,0.42,
1721886358.584,0.42,
1721886359.566,0.42,
1721886360.577,0.42,
1721886362.071,0.42,
1721886362.577,0.42,
1721886363.587,0.42,
1721886364.591,0.42,
1721886366.588,0.42,
1721886367.585,0.42,
1721886368.59,0.42,
1721886369.589,0.43,
1721886370.583,0.43,
1721886371.571,0.43,
1721886372.563,0.43,
1721886374.056,0.43,
1721886377.537,0.44,
1721886378.538,0.44,
1721886379.545,0.44,
1721886381.051,0.44,
1721886381.54,0.51,
1721886382.542,0.51,
1721886383.542,0.51,
1721886384.568,0.51,
1721886385.573,0.53,
1721886386.565,0.53,
1721886387.552,0.53,
1721886388.552,0.53,
1721886389.534,0.53,
1721886390.513,0.53,
1721886392.029,0.54,
1721886392.529,0.56,
1721886394.027,0.62,
1721886394.519,0.66,
1721886395.53,0.68,
1721886396.521,0.68,
1721886397.529,0.68,
1721886398.526,0.68,
1721886399.543,0.68,
1721886400.547,0.68,
1721886402.522,0.68,
1721886404.036,0.67,
1721886406.021,0.65,
1721886406.531,0.65,
1721886407.522,0.63,
1721886409.546,0.63,
1721886410.539,0.63,
1721886411.55,0.63,
1721886412.55,0.63,
1721886414.049,0.63,
1721886414.555,0.63,
1721886416.051,0.63,
1721886417.052,0.63,
1721886418.068,0.63,
1721886418.568,0.63,
1721886419.546,0.63,
1721886421.028,0.62,
1721886421.528,0.62,
1721886422.509,0.62,
1721886423.502,0.62,
1721886424.503,0.62,
1721886425.488,0.61,
1721886426.51,0.61,
1721886428.019,0.6,
1721886429.037,0.6,
1721886429.544,0.6,
1721886430.554,0.6,
1721886432.568,0.6,
1721886434.045,0.6,
1721886435.547,0.6,
1721886436.55,0.6,
1721886437.535,0.6,
1721886439.025,0.6,
1721886439.537,0.6,
1721886440.532,0.6,
1721886441.544,0.63,
1721886442.55,0.63,
1721886443.545,0.63,
1721886444.545,0.63,
1721886445.537,0.63,
1721886447.036,0.63,
1721886447.532,0.63,
1721886448.535,0.63,
1721886449.544,0.63,
1721886451.02,0.63,
1721886452.526,0.63,
1721886453.528,0.63,
1721886454.561,0.63,
1721886455.579,0.63,
1721886456.563,0.63,
1721886458.057,0.63,
1721886458.546,0.63,
1721886459.544,0.63,
1721886461.046,0.63,
1721886461.549,0.63,
1721886463.026,0.63,
1721886463.523,0.63,
1721886464.501,0.5,
1721886465.51,0.5,
1721886467.021,0.5,
1721886468.009,0.64,
1721886468.496,0.64,
1721886469.532,0.65,
1721886470.525,0.65,
1721886471.542,0.65,
1721886472.529,0.65,
1721886474.046,0.65,
1721886474.551,0.65,
1721886475.553,0.65,
1721886477.056,0.65,
1721886478.55,0.65,
1721886479.559,0.65,
1721886480.55,0.64,
1721886481.541,0.64,
1721886484.043,0.64,
1721886484.54,0.64,
1721886486.047,0.64,
1721886486.544,0.62,
1721886487.543,0.62,
1721886488.543,0.62,
1721886489.567,0.62,
1721886490.573,0.62,
1721886491.542,0.62,
1721886492.55,0.59,
1721886493.532,0.59,
1721886494.543,0.53,
1721886495.542,0.53,
1721886496.528,0.53,
1721886497.527,0.53,
1721886498.527,0.53,
1721886500.007,0.48,
1721886502.023,0.48,
1721886502.514,0.48,
1721886503.524,0.48,
1721886504.535,0.49,
1721886505.521,0.49,
1721886506.512,0.49,
1721886508.015,0.49,
1721886508.526,0.49,
1721886510.013,0.49,
1721886510.508,0.5,
1721886512.541,0.49,
1721886513.529,0.49,
1721886515.052,0.49,
1721886516.054,0.49,
1721886516.544,0.49,
1721886518.021,0.49,
1721886518.531,0.49,
1721886519.519,0.49,
1721886520.522,0.49,
1721886521.539,0.51,
1721886522.548,0.49,
1721886523.533,0.49,
1721886524.547,0.49,
1721886525.541,0.47,
1721886527.036,0.47,
1721886527.531,0.47,
1721886528.539,0.46,
1721886529.537,0.46,
1721886530.537,0.46,
1721886532.029,0.46,
1721886532.537,0.46,
1721886533.542,0.49,
1721886535.057,0.49,
1721886535.565,0.49,
1721886536.561,0.49,
1721886537.591,0.49,
1721886539.092,0.49,
1721886539.586,0.49,
1721886540.604,0.49,
1721886541.602,0.49,
1721886542.597,0.49,
1721886543.593,0.49,
1721886544.604,0.49,
1721886545.581,0.49,
1721886546.564,0.49,
1721886547.554,0.49,
1721886549.07,0.49,
1721886549.567,0.48,
1721886551.074,0.48,
1721886551.572,0.48,
1721886554.086,0.47,
1721886555.06,0.47,
1721886555.555,0.46,
1721886556.552,0.46,
1721886557.53,0.47,
1721886558.505,0.47,
1721886560.499,0.46,
1721886561.507,0.46,
1721886562.521,0.46,
1721886564.963,0.46,
1721886566.944,0.46,
1721886568.462,0.46,
1721886569.975,0.46,
1721886570.471,0.46,
1721886571.455,0.46,
1721886572.973,0.46,
1721886573.469,0.46,
1721886574.449,0.45,
1721886576.454,0.45,
1721886578.459,0.45,
1721886579.453,0.45,
1721886580.454,0.45,
1721886581.446,0.45,
1721886582.93,0.45,
1721886583.435,0.45,
1721886584.427,0.43,
1721886586.412,0.43,
1721886587.426,0.43,
1721886588.404,0.43,
1721886589.381,0.43,
1721886590.38,0.42,
1721886591.39,0.43,
1721886593.37,0.43,
1721886594.856,0.42,
1721886595.365,0.41,
1721886596.352,0.41,
1721886597.345,0.41,
1721886598.341,0.41,
1721886599.364,0.41,
1721886600.834,0.41,
1721886601.846,0.41,
1721886602.338,0.4,
1721886603.802,0.4,
1721886604.287,0.4,
1721886605.286,0.4,
1721886606.307,0.4,
1721886607.81,0.4,
1721886608.302,0.4,
1721886609.304,0.4,
1721886610.304,0.4,
1721886611.322,0.4,
1721886612.297,0.4,
1721886613.261,0.4,
1721886614.254,0.4,
1721886615.254,0.4,
1721886616.727,0.39,
1721886617.225,0.38,
1721886618.232,0.38,
1721886619.728,0.38,
1721886620.217,0.38,
1721886621.725,0.39,
1721886622.205,0.39,
1721886623.181,0.39,
1721886624.182,0.4,
1721886625.171,0.41,
1721886626.154,0.42,
1721886627.647,0.42,
1721886628.652,0.42,
1721886629.164,0.42,
1721886630.664,0.42,
1721886632.149,0.42,
1721886633.147,0.42,
1721886634.663,0.42,
1721886635.187,0.42,
1721886637.18,0.42,
1721886638.173,0.42,
1721886639.147,0.44,
1721886640.655,0.44,
1721886641.667,0.44,
1721886642.667,0.44,
1721886643.167,0.44,
1721886644.182,0.44,
1721886645.18,0.44,
1721886646.653,0.44,
1721886647.148,0.47,
1721886648.172,0.49,
1721886649.203,0.5,
1721886650.181,0.5,
1721886651.152,0.5,
1721886652.651,0.55,
1721886654.636,0.57,
1721886655.137,0.57,
1721886656.11,0.57,
1721886657.111,0.57,
1721886658.089,0.57,
1721886659.1,0.57,
1721886660.109,0.58,
1721886661.106,0.58,
1721886662.577,0.57,
1721886664.054,0.58,
1721886665.056,0.58,
1721886666.059,0.58,
1721886667.575,0.58,
1721886668.567,0.58,
1721886669.068,0.58,
1721886670.063,0.58,
1721886671.552,0.58,
1721886672.058,0.58,
1721886674.051,0.58,
1721886677.005,0.58,
1721886678.989,0.6,
1721886679.983,0.6,
1721886680.967,0.6,
1721886681.953,0.6,
1721886682.975,0.6,
1721886683.985,0.6,
1721886685.005,0.58,
1721886685.992,0.58,
1721886687.975,0.59,
1721886689.965,0.58,
1721886688.966,0.59,
1721886691.451,0.58,
1721886691.939,0.61,
1721886692.938,0.61,
1721886693.934,0.61,
1721886694.942,0.61,
1721886696.423,0.61,
1721886696.913,0.61,
1721886698.413,0.61,
1721886698.924,0.61,
1721886699.915,0.61,
1721886701.404,0.61,
1721886703.4,0.58,
1721886703.891,0.58,
1721886705.912,0.56,
1721886706.875,0.54,
1721886707.885,0.51,
1721886708.89,0.5,
1721886710.377,0.5,
1721886711.898,0.48,
1721886713.381,0.48,
1721886713.869,0.47,
1721886715.379,0.46,
1721886715.89,0.46,
1721886716.907,0.46,
1721886717.908,0.45,
1721886719.429,0.45,
1721886719.91,0.45,
1721886720.915,0.45,
1721886722.418,0.45,
1721886723.426,0.45,
1721886724.424,0.45,
1721886724.934,0.45,
1721886725.925,0.45,
1721886727.934,0.45,
1721886728.942,0.45,
1721886730.435,0.45,
1721886730.922,0.45,
1721886731.923,0.46,
1721886732.921,0.46,
1721886733.935,0.46,
1721886735.44,0.46,
1721886735.944,0.46,
1721886736.934,0.46,
1721886737.928,0.46,
1721886738.923,0.46,
1721886739.913,0.47,
1721886741.435,0.48,
1721886741.943,0.48,
1721886743.474,0.48,
1721886743.978,0.48,
1721886744.984,0.48,
1721886745.974,0.52,
1721886746.976,0.52,
1721886748.456,0.52,
1721886748.947,0.62,
1721886749.932,0.62,
1721886751.414,0.6,
1721886751.903,0.6,
1721886752.912,0.6,
1721886754.931,0.57,
1721886755.926,0.57,
1721886756.927,0.57,
1721886758.456,0.57,
1721886758.938,0.57,
1721886759.94,0.57,
1721886760.933,0.56,
1721886761.921,0.54,
1721886763.405,0.54,
1721886763.902,0.53,
1721886764.893,0.52,
1721886766.403,0.52,
1721886766.911,0.52,
1721886768.932,0.51,
1721886769.93,0.52,
1721886770.948,0.52,
1721886771.935,0.53,
1721886772.951,0.53,
1721886774.435,0.53,
1721886775.416,0.53,
1721886776.405,0.53,
1721886776.897,0.53,
1721886777.899,0.51,
1721886779.399,0.51,
1721886780.408,0.51,
1721886781.893,0.52,
1721886782.885,0.52,
1721886783.871,0.52,
1721886785.373,0.52,
1721886785.859,0.52,
1721886786.848,0.52,
1721886787.824,0.52,
1721886789.33,0.51,
1721886789.821,0.51,
1721886791.307,0.5,
1721886792.3,0.5,
1721886792.803,0.5,
1721886793.818,0.48,
1721886794.819,0.47,
1721886795.827,0.47,
1721886796.822,0.47,
1721886797.821,0.47,
1721886798.825,0.47,
1721886799.823,0.47,
1721886800.837,0.47,
1721886802.807,0.47,
1721886804.297,0.47,
1721886804.794,0.47,
1721886804.785,0.47,
1721886807.789,0.47,
1721886809.3,0.47,
1721886809.803,0.45,
1721886810.811,0.45,
1721886813.811,0.44,
1721886814.803,0.44,
1721886815.805,0.44,
1721886816.81,0.44,
1721886817.809,0.44,
1721886819.282,0.44,
1721886819.789,0.44,
1721886820.799,0.44,
1721886821.81,0.45,
1721886822.793,0.45,
1721886823.783,0.45,
1721886823.777,0.45,
1721886824.747,0.45,
1721886825.755,0.45,
1721886827.757,0.45,
1721886828.76,0.45,
1721886829.733,0.45,
1721886830.71,0.45,
1721886831.707,0.45,
1721886832.698,0.45,
1721886833.711,0.45,
1721886834.692,0.45,
1721886836.18,0.45,
1721886836.675,0.45,
1721886837.659,0.47,
1721886838.682,0.49,
1721886839.671,0.49,
1721886840.659,0.49,
1721886841.668,0.49,
1721886842.684,0.49,
1721886844.205,0.49,
1721886844.695,0.49,
1721886845.706,0.49,
1721886846.705,0.49,
1721886849.196,0.49,
1721886849.694,0.49,
1721886850.703,0.49,
1721886851.68,0.49,
1721886852.68,0.49,
1721886854.172,0.64,
1721886854.672,0.66,
1721886855.679,0.66,
1721886856.661,0.66,
1721886857.651,0.66,
1721886859.652,0.66,
1721886858.649,0.66,
1721886860.651,0.66,
1721886861.648,0.66,
1721886862.637,0.72,
1721886864.127,0.72,
1721886864.612,0.72,
1721886866.585,0.72,
1721886867.573,0.72,
1721886869.062,0.47,
1721886869.575,0.47,
1721886870.568,0.47,
1721886872.058,0.47,
1721886873.054,0.47,
1721886873.544,0.47,
1721886874.541,0.47,
1721886875.532,0.47,
1721886877.041,0.47,
1721886877.551,0.47,
1721886878.533,0.47,
1721886879.53,0.47,
1721886880.535,0.47,
1721886881.531,0.47,
1721886882.524,0.47,
1721886884.017,0.47,
1721886884.514,0.47,
1721886885.528,0.47,
1721886887.062,0.47,
1721886887.564,0.47,
1721886890.086,0.47,
1721886890.576,0.47,
1721886891.581,0.47,
1721886892.568,0.47,
1721886894.051,0.47,
1721886894.544,0.47,
1721886896.536,0.47,
1721886898.05,0.47,
1721886897.545,0.47,
1721886897.567,0.47,
1721886902.515,0.84,
1721886904.524,0.84,
1721886906.484,0.84,
1721886907.467,0.84,
1721886908.48,0.84,
1721886909.97,0.84,
1721886910.968,0.81,
1721886911.467,0.81,
1721886912.977,0.81,
1721886913.48,0.81,
1721886914.465,0.81,
1721886916.45,0.81,
1721886915.453,0.81,
1721886917.436,0.62,
1721886918.936,0.62,
1721886919.452,0.62,
1721886920.462,0.62,
1721886921.465,0.62,
1721886922.452,0.62,
1721886923.449,0.62,
1721886924.434,0.62,
1721886925.942,0.62,
1721886926.44,0.62,
1721886927.937,0.62,
1721886928.427,0.62,
1721886931.887,0.62,
1721886932.394,0.62,
1721886933.395,0.62,
1721886934.396,0.69,
1721886935.411,0.69,
1721886936.414,0.67,
1721886937.398,0.67,
1721886938.393,0.66,
1721886939.403,0.65,
1721886940.417,0.65,
1721886941.395,0.65,
1721886942.394,0.65,
1721886943.901,0.65,
1721886944.417,0.65,
1721886945.418,0.65,
1721886946.9,0.65,
1721886947.898,0.65,
1721886948.897,0.65,
1721886949.393,0.65,
1721886950.908,0.65,
1721886951.914,0.65,
1721886952.409,0.65,
1721886953.416,0.65,
1721886954.928,0.65,
1721886955.429,0.65,
1721886956.458,0.65,
1721886957.447,0.65,
1721886958.407,0.65,
1721886959.394,0.65,
1721886960.378,0.65,
1721886961.397,0.65,
1721886962.378,0.65,
1721886963.392,0.65,
1721886964.392,0.65,
1721886965.406,0.65,
1721886966.408,0.65,
1721886967.41,0.65,
1721886968.414,0.65,
1721886969.411,0.65,
1721886970.91,0.65,
1721886971.421,0.73,
1721886973.457,0.73,
1721886972.432,0.73,
1721886974.947,0.73,
1721886976.425,0.64,
1721886977.932,0.64,
1721886978.927,0.64,
1721886979.424,0.64,
1721886980.445,0.72,
1721886981.439,0.72,
1721886982.419,0.71,
1721886983.416,0.71,
1721886984.418,0.71,
1721886985.898,0.71,
1721886986.398,0.7,
1721886987.391,0.7,
1721886988.381,0.7,
1721886989.387,0.7,
1721886991.377,0.7,
1721886992.384,0.7,
1721886993.382,0.7,
1721886994.858,0.7,
1721886996.855,0.7,
1721886997.345,0.7,
1721886998.335,0.7,
1721887000.82,0.64,
1721887001.323,0.64,
1721887002.807,0.61,
1721887003.827,0.59,
1721887004.326,0.56,
1721887005.336,0.5,
1721887006.343,0.5,
1721887007.369,0.5,
1721887008.358,0.5,
1721887009.342,0.5,
1721887010.816,0.5,
1721887011.81,0.5,
1721887012.826,0.48,
1721887013.313,0.48,
1721887014.288,0.48,
1721887015.275,0.47,
1721887016.275,0.47,
1721887017.767,0.46,
1721887018.261,0.46,
1721887019.755,0.46,
1721887020.734,0.46,
1721887021.235,0.47,
1721887022.244,0.47,
1721887023.235,0.47,
1721887024.224,0.47,
1721887025.22,0.47,
1721887026.191,0.44,
1721887027.205,0.44,
1721887029.196,0.44,
1721887031.213,0.44,
1721887033.71,0.44,
1721887034.699,0.44,
1721887035.196,0.44,
1721887036.191,0.43,
1721887037.183,0.43,
1721887038.167,0.44,
1721887039.181,0.46,
1721887040.148,0.46,
1721887041.633,0.46,
1721887042.129,0.46,
1721887043.102,0.46,
1721887044.101,0.46,
1721887045.607,0.46,
1721887046.095,0.46,
1721887047.586,0.46,
1721887048.075,0.46,
1721887049.061,0.46,
1721887050.056,0.46,
1721887051.069,0.46,
1721887055.004,0.46,
1721887055.013,0.46,
1721887057.005,0.46,
1721887058.007,0.46,
1721887058.034,0.46,
1721887059.032,0.47,
1721887061.536,0.46,
1721887062.048,0.46,
1721887063.546,0.46,
1721887064.049,0.46,
1721887065.555,0.46,
1721887066.067,0.46,
1721887067.064,0.46,
1721887068.067,0.46,
1721887069.067,0.46,
1721887070.069,0.45,
1721887071.068,0.45,
1721887072.058,0.44,
1721887073.539,0.42,
1721887074.02,0.42,
1721887075.534,0.42,
1721887077.04,0.42,
1721887080.498,0.41,
1721887081.503,0.39,
1721887082.473,0.39,
1721887082.982,0.38,
1721887084.474,0.38,
1721887084.968,0.38,
1721887085.986,0.37,
1721887086.988,0.37,
1721887087.98,0.37,
1721887088.956,0.37,
1721887089.951,0.38,
1721887091.454,0.38,
1721887091.935,0.38,
1721887092.91,0.38,
1721887093.914,0.38,
1721887094.911,0.38,
1721887095.929,0.38,
1721887097.452,0.38,
1721887098.465,0.39,
1721887098.974,0.39,
1721887099.947,0.39,
1721887101.941,0.4,
1721887103.46,0.39,
1721887104.965,0.4,
1721887105.967,0.39,
1721887106.964,0.39,
1721887107.965,0.39,
1721887109.95,0.4,
1721887110.954,0.4,
1721887111.944,0.4,
1721887113.42,0.4,
1721887113.911,0.4,
1721887114.899,0.4,
1721887115.909,0.4,
1721887116.9,0.4,
1721887118.391,0.39,
1721887119.385,0.39,
1721887119.897,0.39,
1721887121.37,0.37,
1721887121.872,0.38,
1721887123.386,0.38,
1721887123.896,0.38,
1721887125.389,0.38,
1721887126.393,0.38,
1721887126.896,0.38,
1721887128.406,0.38,
1721887129.415,0.38,
1721887129.936,0.38,
1721887130.95,0.38,
1721887131.941,0.38,
1721887132.953,0.38,
1721887133.948,0.38,
1721887134.933,0.38,
1721887135.948,0.38,
1721887136.952,0.38,
1721887137.951,0.38,
1721887138.933,0.38,
1721887140.434,0.38,
1721887140.943,0.38,
1721887141.945,0.38,
1721887143.435,0.38,
1721887144.437,0.39,
1721887144.943,0.39,
1721887145.924,0.4,
1721887146.905,0.41,
1721887147.912,0.42,
1721887148.913,0.43,
1721887149.912,0.43,
1721887150.918,0.43,
1721887152.898,0.43,
1721887154.885,0.49,
1721887155.902,0.49,
1721887156.887,0.49,
1721887158.41,0.49,
1721887158.917,0.49,
1721887160.374,0.49,
1721887160.864,0.49,
1721887161.872,0.49,
1721887162.838,0.49,
1721887163.825,0.49,
1721887165.334,0.49,
1721887166.347,0.53,
1721887166.856,0.53,
1721887168.807,0.51,
1721887169.797,0.51,
1721887171.311,0.49,
1721887171.812,0.49,
1721887172.817,0.49,
1721887173.815,0.49,
1721887174.819,0.48,
1721887177.313,0.45,
1721887178.303,0.44,
1721887178.794,0.44,
1721887179.805,0.43,
1721887181.297,0.43,
1721887182.278,0.43,
1721887182.258,0.43,
1721887183.233,0.43,
1721887184.235,0.42,
1721887185.222,0.42,
1721887185.728,0.42,
1721887186.704,0.42,
1721887187.721,0.42,
1721887188.701,0.42,
1721887189.709,0.41,
1721887190.707,0.41,
1721887191.713,0.41,
1721887193.186,0.41,
1721887193.665,0.41,
1721887195.668,0.42,
1721887196.666,0.42,
1721887197.658,0.42,
1721887198.659,0.42,
1721887199.624,0.42,
1721887201.103,0.42,
1721887201.587,0.42,
1721887203.1,0.42,
1721887204.09,0.4,
1721887204.593,0.4,
1721887206.582,0.39,
1721887207.565,0.4,
1721887208.559,0.4,
1721887209.552,0.41,
1721887210.559,0.41,
1721887211.581,0.41,
1721887213.052,0.4,
1721887214.055,0.4,
1721887214.556,0.4,
1721887215.572,0.4,
1721887216.559,0.4,
1721887217.549,0.4,
1721887218.558,0.41,
1721887219.545,0.41,
1721887220.539,0.42,
1721887221.52,0.43,
1721887222.496,0.43,
1721887223.994,0.43,
1721887224.981,0.43,
1721887225.486,0.43,
1721887226.491,0.43,
1721887227.987,0.43,
1721887228.483,0.43,
1721887229.458,0.43,
1721887230.449,0.43,
1721887231.947,0.43,
1721887232.43,0.43,
1721887233.45,0.43,
1721887234.446,0.43,
1721887235.434,0.43,
1721887236.938,0.43,
1721887237.454,0.43,
1721887249.687,0.37,
1721887250.675,0.37,
1721887252.159,0.37,
1721887252.662,0.37,
1721887254.642,0.37,
1721887255.647,0.37,
1721887256.652,0.37,
1721887257.654,0.4,
1721887259.15,0.41,
1721887259.653,0.41,
1721887261.154,0.41,
1721887261.65,0.41,
1721887263.184,0.4,
1721887263.686,0.4,
1721887264.677,0.41,
1721887265.669,0.41,
1721887266.657,0.41,
1721887267.658,0.42,
1721887268.676,0.42,
1721887269.675,0.42,
1721887270.659,0.43,
1721887271.651,0.44,
1721887272.623,0.45,
1721887273.637,0.45,
1721887275.147,0.46,
1721887275.634,0.46,
1721887276.645,0.49,
1721887277.676,0.5,
1721887278.673,0.5,
1721887280.174,0.5,
1721887280.672,0.51,
1721887281.706,0.52,
1721887282.693,0.54,
1721887283.708,0.54,
1721887284.704,0.54,
1721887285.714,0.54,
1721887287.231,0.54,
1721887286.729,0.54,
1721887289.232,0.54,
1721887288.747,0.55,
1721887289.759,0.55,
1721887290.741,0.55,
1721887291.735,0.55,
1721887292.731,0.55,
1721887293.73,0.55,
1721887295.227,0.55,
1721887295.742,0.54,
1721887297.736,0.54,
1721887300.209,0.53,
1721887300.688,0.52,
1721887302.656,0.52,
1721887305.139,0.52,
1721887305.635,0.51,
1721887307.132,0.49,
1721887308.129,0.49,
1721887309.13,0.49,
1721887309.631,0.49,
1721887310.629,0.47,
1721887311.647,0.47,
1721887313.142,0.47,
1721887315.151,0.46,
1721887315.638,0.45,
1721887316.615,0.44,
1721887317.611,0.43,
1721887318.626,0.42,
1721887320.573,0.42,
1721887321.556,0.42,
1721887322.541,0.41,
1721887323.538,0.42,
1721887325.06,0.41,
1721887325.559,0.41,
1721887327.537,0.4,
1721887328.563,0.4,
1721887330.074,0.4,
1721887330.57,0.4,
1721887332.089,0.4,
1721887332.607,0.4,
1721887334.09,0.4,
1721887334.593,0.4,
1721887336.093,0.4,
1721887336.593,0.4,
1721887337.585,0.4,
1721887339.539,0.4,
1721887340.56,0.39,
1721887341.552,0.39,
1721887342.542,0.39,
1721887344.016,0.39,
1721887344.527,0.39,
1721887345.529,0.39,
1721887347.011,0.39,
1721887347.99,0.39,
1721887347.48,0.39,
1721887348.494,0.4,
1721887349.475,0.4,
1721887351.463,0.38,
1721887352.487,0.38,
1721887353.486,0.38,
1721887354.482,0.38,
1721887355.466,0.39,
1721887356.46,0.39,
1721887357.449,0.41,
1721887358.445,0.42,
1721887359.424,0.43,
1721887360.901,0.44,
1721887361.912,0.44,
1721887362.408,0.44,
1721887363.41,0.44,
1721887364.377,0.44,
1721887365.856,0.44,
1721887366.348,0.44,
1721887367.873,0.44,
1721887368.374,0.44,
1721887369.854,0.44,
1721887370.349,0.44,
1721887371.366,0.44,
1721887372.374,0.44,
1721887373.381,0.44,
1721887376.898,0.44,
1721887378.399,0.45,
1721887379.383,0.46,
1721887380.379,0.46,
1721887381.385,0.47,
1721887382.395,0.47,
1721887383.391,0.47,
1721887384.373,0.47,
1721887385.382,0.47,
1721887386.412,0.48,
1721887387.409,0.47,
1721887388.419,0.47,
1721887389.392,0.47,
1721887390.383,0.47,
1721887391.895,0.48,
1721887392.383,0.48,
1721887393.371,0.47,
1721887394.38,0.47,
1721887395.383,0.47,
1721887396.369,0.46,
1721887397.376,0.46,
1721887398.373,0.46,
1721887399.371,0.46,
1721887400.875,0.46,
1721887401.364,0.46,
1721887402.85,0.46,
1721887403.355,0.46,
1721887404.358,0.46,
1721887405.368,0.46,
1721887406.373,0.45,
1721887407.368,0.45,
1721887408.345,0.45,
1721887409.333,0.45,
1721887410.313,0.45,
1721887411.296,0.45,
1721887412.287,0.45,
1721887413.286,0.45,
1721887414.288,0.45,
1721887416.28,0.45,
1721887417.273,0.45,
1721887418.258,0.45,
1721887420.224,0.45,
1721887421.737,0.45,
1721887422.215,0.45,
1721887423.221,0.45,
1721887424.227,0.45,
1721887425.708,0.45,
1721887427.19,0.45,
1721887428.169,0.45,
1721887429.675,0.45,
1721887430.171,0.48,
1721887431.177,0.48,
1721887432.199,0.48,
1721887434.17,0.48,
1721887435.162,0.48,
1721887436.155,0.48,
1721887437.152,0.48,
1721887438.144,0.48,
1721887439.143,0.48,
1721887440.147,0.48,
1721887441.147,0.48,
1721887442.143,0.48,
1721887443.144,0.48,
1721887444.145,0.48,
1721887445.614,0.48,
1721887446.103,0.62,
1721887447.088,0.62,
1721887448.094,0.62,
1721887449.099,0.62,
1721887450.1,0.62,
1721887452.599,0.71,
1721887453.083,0.71,
1721887454.074,0.72,
1721887455.557,0.72,
1721887456.055,0.72,
1721887457.063,0.72,
1721887458.06,0.72,
1721887459.064,0.72,
1721887460.056,0.72,
1721887461.038,0.72,
1721887462.02,0.72,
1721887463.01,0.72,
1721887464.023,0.72,
1721887465.013,0.72,
1721887466.022,0.72,
1721887467.025,0.72,
1721887471.014,0.72,
1721887472.011,0.72,
1721887473.007,0.72,
1721887473.999,0.72,
1721887474.993,0.72,
1721887476.982,0.72,
1721887478.46,0.72,
1721887478.955,0.72,
1721887479.967,0.72,
1721887480.957,0.72,
1721887481.961,0.72,
1721887482.959,0.72,
1721887483.943,0.72,
1721887484.94,0.7,
1721887485.932,0.69,
1721887487.43,0.69,
1721887488.433,0.69,
1721887488.934,0.69,
1721887491.39,0.69,
1721887491.888,0.56,
1721887493.39,0.55,
1721887494.877,0.54,
1721887495.864,0.54,
1721887497.377,0.54,
1721887498.387,0.53,
1721887499.87,0.52,
1721887501.4,0.51,
1721887501.882,0.49,
1721887503.38,0.49,
1721887503.871,0.47,
1721887505.388,0.47,
1721887505.889,0.47,
1721887507.367,0.47,
1721887507.872,0.47,
1721887508.87,0.47,
1721887509.865,0.47,
1721887511.348,0.47,
1721887511.853,0.47,
1721887512.831,0.47,
1721887514.331,0.47,
1721887514.806,0.47,
1721887515.79,0.47,
1721887516.785,0.47,
1721887517.782,0.47,
1721887518.784,0.47,
1721887519.783,0.47,
1721887520.781,0.47,
1721887522.274,0.48,
1721887523.262,0.48,
1721887523.768,0.48,
1721887525.263,0.48,
1721887526.276,0.48,
1721887526.786,0.48,
1721887527.78,0.48,
1721887528.782,0.48,
1721887530.274,0.52,
1721887531.257,0.52,
1721887533.263,0.52,
1721887534.254,0.52,
1721887535.754,0.52,
1721887536.749,0.52,
1721887538.229,0.52,
1721887538.744,0.52,
1721887539.738,0.52,
1721887540.744,0.58,
1721887541.736,0.58,
1721887544.208,0.58,
1721887545.216,0.58,
1721887546.19,0.58,
1721887546.691,0.57,
1721887547.67,0.57,
1721887548.677,0.57,
1721887549.653,0.57,
1721887551.636,0.57,
1721887553.133,0.57,
1721887553.619,0.58,
1721887554.63,0.58,
1721887555.62,0.58,
1721887556.618,0.58,
1721887557.628,0.58,
1721887558.584,0.58,
1721887559.585,0.58,
1721887562.093,0.58,
1721887563.093,0.58,
1721887570.078,0.58,
1721887570.56,0.58,
1721887572.071,0.6,
1721887573.553,0.6,
1721887574.533,0.6,
1721887575.528,0.61,
1721887576.522,0.61,
1721887577.526,0.61,
1721887580.533,0.61,
1721887581.575,0.61,
1721887582.572,0.61,
1721887583.547,0.61,
1721887584.558,0.61,
1721887585.554,0.38,
1721887586.548,0.38,
1721887587.514,0.41,
1721887588.511,0.41,
1721887589.517,0.41,
1721887591.023,0.4,
1721887592.027,0.4,
1721887592.534,0.38,
1721887593.509,0.38,
1721887593.489,0.38,
1721887595.498,0.38,
1721887597.006,0.38,
1721887598.497,0.38,
1721887599.509,0.38,
1721887600.512,0.38,
1721887602.46,0.37,
1721887604.448,0.35,
1721887605.453,0.35,
1721887606.462,0.35,
1721887607.935,0.35,
1721887608.916,0.35,
1721887609.425,0.35,
1721887610.429,0.35,
1721887611.948,0.35,
1721887612.432,0.35,
1721887613.934,0.35,
1721887614.939,0.35,
1721887615.435,0.35,
1721887616.431,0.35,
1721887617.447,0.36,
1721887619.928,0.36,
1721887621.425,0.36,
1721887622.406,0.36,
1721887623.407,0.36,
1721887624.421,0.36,
1721887626.888,0.34,
1721887627.384,0.34,
1721887628.408,0.34,
1721887629.399,0.34,
1721887630.906,0.34,
1721887631.4,0.34,
1721887632.879,0.34,
1721887633.872,0.34,
1721887634.386,0.34,
1721887635.91,0.34,
1721887636.921,0.34,
1721887638.413,0.34,
1721887639.399,0.34,
1721887641.427,0.34,
1721887640.413,0.34,
1721887642.438,0.34,
1721887643.448,0.34,
1721887644.461,0.34,
1721887645.45,0.34,
1721887646.45,0.34,
1721887647.44,0.34,
1721887648.936,0.34,
1721887649.92,0.34,
1721887650.936,0.34,
1721887651.956,0.34,
1721887653.45,0.34,
1721887654.454,0.34,
1721887655.936,0.34,
1721887656.427,0.34,
1721887657.424,0.34,
1721887658.933,0.34,
1721887659.413,0.34,
1721887660.43,0.34,
1721887661.423,0.34,
1721887662.421,0.34,
1721887663.429,0.34,
1721887664.431,0.34,
1721887665.449,0.34,
1721887666.929,0.34,
1721887666.42,0.34,
1721887666.405,0.34,
1721887666.397,0.34,
1721887666.901,0.34,
1721887666.408,0.34,
1721887666.408,0.34,
1721887666.884,0.34,
1721887666.375,0.34,
1721887666.872,0.34,
1721887666.361,0.34,
1721887666.827,0.34,
1721887680.313,0.53,
1721887681.793,0.53,
1721887682.291,0.53,
1721887684.777,0.53,
1721887685.272,0.53,
1721887686.268,0.53,
1721887687.757,0.53,
1721887689.278,0.53,
1721887690.275,0.53,
1721887691.275,0.53,
1721887693.299,0.53,
1721887694.29,0.53,
1721887695.295,0.53,
1721887696.305,0.53,
1721887698.292,0.53,
1721887699.274,0.53,
1721887700.757,0.53,
1721887702.738,0.53,
1721887704.226,0.53,
1721887705.199,0.53,
1721887706.186,0.53,
1721887708.187,0.53,
1721887709.185,0.53,
1721887710.186,0.53,
1721887711.16,0.53,
1721887712.16,0.53,
1721887713.154,0.59,
1721887714.155,0.59,
1721887715.653,0.59,
1721887716.139,0.59,
1721887717.631,0.59,
1721887718.105,0.54,
1721887719.101,0.66,
1721887720.119,0.66,
1721887721.1,0.66,
1721887722.117,0.66,
1721887723.126,0.66,
1721887724.118,0.66,
1721887725.139,0.66,
1721887726.121,0.66,
1721887727.118,0.66,
1721887728.098,0.64,
1721887729.073,0.64,
1721887730.064,0.64,
1721887731.555,0.64,
1721887732.059,0.64,
1721887733.052,0.64,
1721887734.546,0.64,
1721887735.033,0.64,
1721887736.991,0.64,
1721887738.468,0.64,
1721887738.947,0.64,
1721887739.922,0.64,
1721887741.421,0.64,
1721887741.908,0.64,
1721887742.896,0.64,
1721887743.908,0.64,
1721887744.904,0.64,
1721887745.897,0.64,
1721887747.397,0.6,
1721887747.896,0.6,
1721887748.899,0.58,
1721887750.871,0.57,
1721887752.379,0.55,
1721887752.864,0.54,
1721887753.851,0.53,
1721887754.839,0.53,
1721887755.849,0.53,
1721887757.354,0.53,
1721887759.859,0.48,
1721887760.856,0.48,
1721887761.847,0.48,
1721887762.843,0.48,
1721887763.831,0.48,
1721887764.822,0.48,
1721887766.311,0.48,
1721887766.82,0.48,
1721887767.816,0.48,
1721887769.316,0.48,
1721887769.813,0.48,
1721887770.832,0.46,
1721887771.823,0.46,
1721887772.845,0.46,
1721887774.348,0.46,
1721887775.368,0.46,
1721887776.855,0.46,
1721887778.849,0.45,
1721887779.861,0.45,
1721887780.855,0.45,
1721887782.847,0.45,
1721887783.832,0.45,
1721887784.826,0.46,
1721887785.802,0.46,
1721887786.778,0.46,
1721887787.78,0.46,
1721887788.752,0.45,
1721887789.743,0.45,
1721887790.737,0.44,
1721887792.727,0.44,
1721887793.712,0.44,
1721887793.736,0.42,
1721887794.738,0.42,
1721887795.757,0.42,
1721887796.746,0.42,
1721887797.735,0.42,
1721887799.714,0.42,
1721887802.195,0.42,
1721887803.688,0.4,
1721887804.708,0.4,
1721887805.694,0.4,
1721887807.198,0.4,
1721887808.2,0.4,
1721887808.697,0.4,
1721887809.695,0.4,
1721887811.16,0.39,
1721887811.634,0.4,
1721887813.118,0.4,
1721887813.622,0.43,
1721887815.102,0.45,
1721887816.103,0.45,
1721887816.602,0.43,
1721887817.597,0.42,
1721887818.574,0.42,
1721887819.57,0.42,
1721887820.558,0.43,
1721887821.57,0.45,
1721887824.052,0.45,
1721887824.538,0.45,
1721887825.541,0.45,
1721887827.032,0.46,
1721887829.032,0.45,
1721887830.026,0.45,
1721887831.855,0.42,
1721887832.343,0.42,
1721887833.334,0.42,
1721887834.823,0.42,
1721887835.348,0.42,
1721887836.338,0.42,
1721887838.834,0.42,
1721887839.329,0.42,
1721887840.337,0.42,
1721887841.328,0.42,
1721887842.302,0.42,
1721887843.319,0.38,
1721887844.316,0.38,
1721887845.294,0.38,
1721887846.298,0.38,
1721887847.315,0.38,
1721887848.332,0.35,
1721887850.825,0.35,
1721887853.277,0.35,
1721887854.29,0.35,
1721887855.304,0.35,
1721887856.816,0.35,
1721887857.33,0.35,
1721887858.818,0.35,
1721887859.315,0.34,
1721887860.309,0.34,
1721887861.799,0.34,
1721887862.788,0.34,
1721887863.29,0.34,
1721887864.308,0.34,
1721887865.812,0.34,
1721887866.298,0.34,
1721887867.325,0.34,
1721887868.328,0.34,
1721887869.831,0.34,
1721887870.849,0.34,
1721887871.363,0.34,
1721887872.368,0.34,
1721887873.85,0.34,
1721887875.365,0.34,
1721887877.879,0.34,
1721887878.881,0.33,
1721887879.368,0.33,
1721887880.371,0.33,
1721887881.367,0.33,
1721887882.362,0.33,
1721887882.837,0.33,
1721887883.345,0.33,
1721887884.342,0.33,
1721887885.347,0.33,
1721887886.361,0.33,
1721887887.357,0.33,
1721887889.87,0.33,
1721887889.353,0.33,
1721887890.352,0.33,
1721887891.344,0.33,
1721887893.872,0.33,
1721887895.366,0.33,
1721887896.37,0.34,
1721887897.379,0.34,
1721887898.911,0.35,
1721887899.419,0.35,
1721887900.419,0.34,
1721887901.925,0.34,
1721887902.43,0.34,
1721887903.414,0.34,
1721887904.399,0.34,
1721887906.902,0.34,
1721887907.392,0.34,
1721887908.885,0.34,
1721887909.41,0.34,
1721887910.416,0.34,
1721887911.401,0.34,
1721887912.41,0.34,
1721887913.388,0.34,
1721887914.39,0.34,
1721887915.39,0.34,
1721887916.893,0.34,
1721887917.907,0.34,
1721887918.409,0.3,
1721887919.41,0.3,
1721887920.911,0.3,
1721887921.404,0.29,
1721887922.402,0.29,
1721887923.387,0.29,
1721887924.368,0.3,
1721887924.354,0.3,
1721887925.855,0.3,
1721887928.367,0.28,
1721887929.849,0.28,
1721887929.341,0.28,
