time,spo2
1721884469.047,99,
1721884470.541,99,
1721884471.53,99,
1721884472.041,99,
1721884473.028,99,
1721884474.042,99,
1721884476.046,99,
1721884479.057,99,
1721884480.045,99,
1721884481.02,98,
1721884482.536,98,
1721884483.539,98,
1721884484.543,98,
1721884485.538,98,
1721884486.036,98,
1721884487.535,98,
1721884488.548,98,
1721884490.054,98,
1721884491.53,98,
1721884492.505,98,
1721884493.487,98,
1721884493.988,98,
1721884494.974,98,
1721884496.983,98,
1721884497.987,98,
1721884498.968,98,
1721884499.963,98,
1721884501.469,98,
1721884502.481,98,
1721884502.967,98,
1721884504.466,98,
1721884504.968,98,
1721884507.492,98,
1721884507.991,98,
1721884509.493,98,
1721884509.98,98,
1721884510.986,98,
1721884511.964,98,
1721884512.982,98,
1721884513.978,98,
1721884514.963,98,
1721884516.446,98,
1721884517.455,98,
1721884517.96,98,
1721884518.962,98,
1721884519.932,98,
1721884521.452,98,
1721884521.973,98,
1721884522.969,98,
1721884524.961,98,
1721884526.928,98,
1721884528.414,98,
1721884528.904,98,
1721884529.897,98,
1721884530.89,98,
1721884531.892,98,
1721884532.885,98,
1721884534.373,98,
1721884534.858,98,
1721884535.859,98,
1721884535.847,98,
1721884536.854,98,
1721884537.849,98,
1721884539.869,98,
1721884540.862,98,
1721884540.846,98,
1721884541.811,98,
1721884542.823,98,
1721884544.352,98,
1721884544.857,98,
1721884546.868,98,
1721884548.369,98,
1721884547.855,98,
1721884549.324,98,
1721884549.815,98,
1721884551.81,98,
1721884552.783,98,
1721884554.798,97,
1721884555.768,97,
1721884557.275,97,
1721884557.782,97,
1721884559.289,97,
1721884559.789,97,
1721884560.789,97,
1721884561.79,97,
1721884563.257,97,
1721884563.743,97,
1721884564.731,97,
1721884567.673,97,
1721884568.672,97,
1721884569.691,97,
1721884570.693,97,
1721884571.703,97,
1721884572.686,97,
1721884576.717,97,
1721884577.719,97,
1721884580.249,97,
1721884580.743,97,
1721884581.751,97,
1721884582.752,97,
1721884583.768,97,
1721884584.756,97,
1721884586.73,97,
1721884585.74,97,
1721884587.768,97,
1721884588.782,97,
1721884589.782,97,
1721884590.778,97,
1721884591.774,97,
1721884592.754,97,
1721884594.246,97,
1721884594.745,97,
1721884596.25,97,
1721884596.738,97,
1721884597.722,97,
1721884598.726,97,
1721884599.734,97,
1721884600.698,97,
1721884601.662,97,
1721884602.669,97,
1721884604.163,97,
1721884604.659,97,
1721884606.136,97,
1721884607.642,97,
1721884608.668,97,
1721884609.673,97,
1721884610.685,97,
1721884611.664,97,
1721884612.689,97,
1721884612.689,97,
1721884612.705,97,
1721884612.73,97,
1721884612.711,97,
1721884612.719,97,
1721884613.206,97,
1721884612.709,97,
1721884620.698,99,
1721884621.701,99,
1721884622.692,99,
1721884623.697,99,
1721884624.721,99,
1721884626.699,99,
1721884627.685,99,
1721884630.14,99,
1721884630.646,99,
1721884631.632,99,
1721884632.632,99,
1721884633.617,99,
1721884634.615,99,
1721884635.612,99,
1721884637.1,99,
1721884638.1,99,
1721884639.097,99,
1721884639.59,99,
1721884641.116,99,
1721884642.104,99,
1721884642.6,99,
1721884643.57,99,
1721884645.051,99,
1721884645.55,99,
1721884646.552,99,
1721884647.544,99,
1721884648.541,99,
1721884650.03,99,
1721884650.523,99,
1721884651.016,99,
1721884651.024,99,
1721884650.53,99,
1721884651.047,99,
1721884650.545,99,
1721884650.54,99,
1721884651.029,99,
1721884650.503,99,
1721884650.507,99,
1721884650.499,99,
1721884650.473,99,
1721884650.467,99,
1721884650.46,99,
1721884650.441,99,
1721884650.414,99,
1721884650.382,99,
1721884671.392,97,
1721884672.398,97,
1721884673.387,97,
1721884674.363,97,
1721884676.333,97,
1721884677.846,97,
1721884678.34,97,
1721884679.349,97,
1721884680.349,97,
1721884681.359,98,
1721884682.819,97,
1721884683.31,97,
1721884684.3,97,
1721884685.309,97,
1721884686.332,97,
1721884687.327,97,
1721884688.329,97,
1721884689.317,97,
1721884690.818,97,
1721884692.317,97,
1721884693.334,97,
1721884694.317,97,
1721884695.33,97,
1721884696.342,97,
1721884697.872,97,
1721884698.356,97,
1721884699.347,97,
1721884701.345,97,
1721884703.823,97,
1721884704.325,97,
1721884705.337,97,
1721884706.35,97,
1721884707.352,97,
1721884708.346,98,
1721884709.336,98,
1721884710.313,98,
1721884711.307,98,
1721884713.288,98,
1721884714.291,99,
1721884715.269,99,
1721884716.265,99,
1721884717.242,99,
1721884718.213,99,
1721884719.694,99,
1721884721.192,99,
1721884723.175,99,
1721884724.16,99,
1721884725.154,99,
1721884726.635,99,
1721884727.126,99,
1721884728.129,99,
1721884729.145,99,
1721884730.141,99,
1721884731.146,99,
1721884732.148,99,
1721884733.133,99,
1721884734.114,99,
1721884735.128,99,
1721884736.109,99,
1721884738.078,99,
1721884740.076,99,
1721884742.582,99,
1721884743.591,99,
1721884744.562,99,
1721884745.55,99,
1721884746.041,99,
1721884747.512,99,
1721884748.005,99,
1721884749.007,99,
1721884749.982,99,
1721884750.961,99,
1721884752.94,99,
1721884753.946,99,
1721884755.906,99,
1721884757.808,99,
1721884759.332,99,
1721884759.825,99,
1721884760.816,99,
1721884763.3,99,
1721884763.805,99,
1721884765.284,99,
1721884765.78,99,
1721884766.782,99,
1721884767.775,99,
1721884768.787,99,
1721884770.791,99,
1721884771.818,99,
1721884772.817,99,
1721884773.812,98,
1721884774.807,98,
1721884775.822,98,
1721884777.317,98,
1721884777.833,98,
1721884779.341,98,
1721884779.846,98,
1721884780.845,98,
1721884781.841,98,
1721884782.848,98,
1721884783.849,98,
1721884785.351,98,
1721884786.35,98,
1721884787.366,98,
1721884787.858,98,
1721884788.86,98,
1721884789.854,98,
1721884791.847,98,
1721884792.852,98,
1721884793.843,98,
1721884794.854,98,
1721884796.342,98,
1721884796.84,98,
1721884797.839,98,
1721884799.821,98,
1721884800.823,98,
1721884801.834,97,
1721884803.331,97,
1721884803.833,97,
1721884804.83,97,
1721884805.826,97,
1721884807.321,97,
1721884807.82,97,
1721884808.825,97,
1721884809.815,97,
1721884810.814,97,
1721884812.312,97,
1721884813.32,97,
1721884814.791,97,
1721884815.777,97,
1721884816.779,97,
1721884818.286,97,
1721884818.785,97,
1721884819.801,97,
1721884820.822,97,
1721884821.82,97,
1721884822.791,97,
1721884824.776,97,
1721884826.779,96,
1721884828.271,96,
1721884829.295,96,
1721884829.788,96,
1721884831.305,96,
1721884831.81,96,
1721884832.837,96,
1721884833.826,96,
1721884834.822,96,
1721884835.812,96,
1721884837.288,96,
1721884838.775,96,
1721884839.252,96,
1721884839.738,96,
1721884841.25,96,
1721884841.764,96,
1721884842.765,96,
1721884844.271,99,
1721884845.748,99,
1721884846.742,99,
1721884848.728,99,
1721884852.724,99,
1721884855.165,99,
1721884855.66,99,
1721884856.662,99,
1721884857.655,99,
1721884859.136,99,
1721884859.64,99,
1721884860.648,97,
1721884862.607,97,
1721884864.104,97,
1721884865.096,97,
1721884865.602,97,
1721884867.125,97,
1721884867.628,97,
1721884868.624,97,
1721884869.623,97,
1721884871.104,97,
1721884871.603,97,
1721884872.598,97,
1721884874.078,97,
1721884874.582,97,
1721884877.089,97,
1721884877.597,97,
1721884878.61,97,
1721884879.608,97,
1721884881.102,97,
1721884881.608,97,
1721884883.081,97,
1721884883.577,97,
1721884884.574,97,
1721884885.572,97,
1721884886.588,97,
1721884887.574,97,
1721884889.569,97,
1721884891.045,97,
1721884891.042,97,
1721884890.553,97,
1721884890.548,97,
1721884891.026,97,
1721884891.017,97,
1721884890.509,97,
1721884891.008,97,
1721884890.494,97,
1721884890.474,97,
1721884890.944,97,
1721884890.432,97,
1721884890.423,97,
1721884890.945,97,
1721884890.447,97,
1721884908.447,97,
1721884909.924,97,
1721884910.927,97,
1721884911.409,97,
1721884912.876,97,
1721884913.375,97,
1721884914.862,97,
1721884916.868,97,
1721884917.863,97,
1721884918.848,97,
1721884919.816,97,
1721884920.321,97,
1721884921.302,97,
1721884923.309,97,
1721884924.298,97,
1721884925.294,97,
1721884926.775,97,
1721884927.27,97,
1721884928.763,97,
1721884929.267,97,
1721884930.262,97,
1721884931.772,97,
1721884932.259,97,
1721884933.271,97,
1721884935.271,97,
1721884936.273,97,
1721884937.241,97,
1721884938.243,97,
1721884939.228,97,
1721884940.744,97,
1721884941.734,97,
1721884942.223,97,
1721884943.22,97,
1721884944.212,97,
1721884945.684,97,
1721884946.679,97,
1721884947.7,97,
1721884948.2,97,
1721884949.2,97,
1721884950.189,97,
1721884951.188,98,
1721884953.177,98,
1721884954.157,98,
1721884956.144,98,
1721884957.16,98,
1721884958.645,98,
1721884959.657,98,
1721884960.158,97,
1721884961.173,97,
1721884962.185,97,
1721884964.175,97,
1721884965.176,97,
1721884966.191,97,
1721884967.181,97,
1721884968.182,97,
1721884969.691,97,
1721884970.678,97,
1721884971.18,97,
1721884972.177,97,
1721884973.169,97,
1721884974.159,97,
1721884975.643,97,
1721884976.624,97,
1721884978.103,97,
1721884979.56,97,
1721884980.064,98,
1721884981.054,98,
1721884982.027,98,
1721884984.02,98,
1721884983.523,98,
1721884986.042,98,
1721884987.544,98,
1721884988.039,98,
1721884989.027,98,
1721884990.006,98,
1721884992.498,98,
1721884991.999,98,
1721884993.0,98,
1721884993.995,98,
1721884995.492,98,
1721884996.98,98,
1721884997.976,98,
1721884998.963,98,
1721885000.453,98,
1721885000.944,98,
1721885001.926,98,
1721885003.926,98,
1721885004.919,98,
1721885006.898,98,
1721885008.382,98,
1721885008.881,98,
1721885010.899,98,
1721885012.38,98,
1721885013.888,98,
1721885015.346,98,
1721885015.844,98,
1721885016.824,99,
1721885017.815,99,
1721885018.809,98,
1721885020.293,98,
1721885020.8,98,
1721885022.3,98,
1721885022.803,98,
1721885024.296,98,
1721885024.795,98,
1721885026.275,98,
1721885027.777,98,
1721885030.282,98,
1721885030.785,98,
1721885031.782,98,
1721885032.779,98,
1721885033.771,98,
1721885034.777,98,
1721885035.769,98,
1721885036.783,98,
1721885037.776,98,
1721885038.79,98,
1721885039.77,98,
1721885040.773,98,
1721885040.758,98,
1721885042.253,98,
1721885043.254,98,
1721885043.764,98,
1721885045.267,98,
1721885046.764,100,
1721885046.758,100,
1721885049.239,100,
1721885049.739,100,
1721885050.751,100,
1721885053.262,100,
1721885052.758,100,
1721885053.76,100,
1721885056.721,100,
1721885057.711,100,
1721885058.711,100,
1721885059.725,100,
1721885060.744,100,
1721885061.727,100,
1721885062.717,100,
1721885064.227,100,
1721885065.236,100,
1721885065.74,100,
1721885068.244,100,
1721885069.259,100,
1721885069.739,100,
1721885070.759,100,
1721885071.757,100,
1721885073.78,100,
1721885074.244,100,
1721885075.223,100,
1721885076.706,100,
1721885077.689,100,
1721885077.696,100,
1721885077.69,100,
1721885077.688,100,
1721885077.691,100,
1721885077.68,100,
1721885084.187,96,
1721885084.686,96,
1721885085.667,96,
1721885087.167,96,
1721885088.141,96,
1721885088.666,96,
1721885090.631,96,
1721885091.661,96,
1721885093.157,97,
1721885093.66,97,
1721885094.638,97,
1721885096.124,97,
1721885096.626,97,
1721885097.611,97,
1721885099.147,97,
1721885100.132,97,
1721885101.613,97,
1721885102.57,97,
1721885104.055,97,
1721885104.564,97,
1721885105.548,97,
1721885107.052,97,
1721885107.548,97,
1721885109.045,97,
1721885109.549,97,
1721885110.527,97,
1721885111.51,97,
1721885112.499,97,
1721885113.983,97,
1721885114.484,97,
1721885115.482,97,
1721885117.003,97,
1721885117.505,97,
1721885118.496,97,
1721885119.5,97,
1721885120.491,97,
1721885121.49,97,
1721885124.011,97,
1721885124.505,97,
1721885126.499,100,
1721885127.499,100,
1721885129.006,100,
1721885129.486,100,
1721885130.972,100,
1721885132.983,100,
1721885133.485,100,
1721885134.48,99,
1721885135.97,99,
1721885136.464,99,
1721885137.446,99,
1721885138.452,99,
1721885139.438,99,
1721885140.917,99,
1721885141.424,99,
1721885142.439,99,
1721885143.441,99,
1721885144.454,99,
1721885145.446,99,
1721885146.466,99,
1721885147.464,99,
1721885148.97,99,
1721885149.464,99,
1721885150.96,99,
1721885151.475,99,
1721885153.486,99,
1721885154.999,99,
1721885155.487,99,
1721885156.978,99,
1721885157.966,99,
1721885158.483,98,
1721885159.496,98,
1721885160.48,98,
1721885161.972,98,
1721885162.466,98,
1721885163.962,98,
1721885164.478,98,
1721885165.457,98,
1721885166.934,98,
1721885167.454,97,
1721885168.439,97,
1721885169.928,97,
1721885171.428,97,
1721885172.924,97,
1721885173.922,97,
1721885174.916,97,
1721885176.45,97,
1721885177.452,97,
1721885178.936,97,
1721885179.436,97,
1721885180.417,97,
1721885181.416,97,
1721885182.412,97,
1721885183.413,97,
1721885184.435,98,
1721885185.418,98,
1721885186.903,98,
1721885187.402,98,
1721885188.399,98,
1721885189.893,98,
1721885191.383,98,
1721885192.376,98,
1721885193.362,98,
1721885194.881,98,
1721885195.401,98,
1721885196.381,98,
1721885197.398,98,
1721885199.9,98,
1721885200.901,98,
1721885202.394,98,
1721885203.874,98,
1721885204.377,98,
1721885205.374,98,
1721885206.885,98,
1721885207.381,98,
1721885208.378,98,
1721885209.364,98,
1721885210.861,98,
1721885211.36,98,
1721885212.362,98,
1721885213.365,98,
1721885214.364,98,
1721885216.841,98,
1721885217.337,98,
1721885218.347,98,
1721885219.841,98,
1721885220.331,98,
1721885221.828,100,
1721885222.837,100,
1721885224.816,100,
1721885226.313,100,
1721885228.803,100,
1721885229.316,100,
1721885230.321,100,
1721885232.287,100,
1721885233.29,100,
1721885234.782,100,
1721885235.284,100,
1721885236.277,100,
1721885237.791,100,
1721885238.279,100,
1721885239.269,100,
1721885240.281,100,
1721885241.29,100,
1721885242.301,100,
1721885243.815,100,
1721885245.328,100,
1721885246.309,100,
1721885247.295,100,
1721885248.287,100,
1721885249.288,100,
1721885250.281,100,
1721885251.288,100,
1721885252.295,100,
1721885254.28,100,
1721885254.259,100,
1721885254.259,100,
1721885254.227,100,
1721885254.225,100,
1721885254.225,100,
1721885254.238,100,
1721885254.249,100,
1721885254.227,100,
1721885254.227,100,
1721885254.222,100,
1721885254.211,100,
1721885254.736,100,
1721885254.725,100,
1721885254.216,100,
1721885254.19,100,
1721885254.201,100,
1721885254.194,100,
1721885254.204,100,
1721885254.171,100,
1721885254.683,100,
1721885254.704,100,
1721885254.218,100,
1721885254.687,100,
1721885254.193,100,
1721885254.213,100,
1721885254.208,100,
1721885254.2,100,
1721885254.699,100,
1721885254.185,100,
1721885254.173,100,
1721885254.175,100,
1721885254.172,100,
1721885254.161,100,
1721885254.647,100,
1721885254.648,100,
1721885254.152,100,
1721885254.138,100,
1721885254.15,100,
1721885254.157,100,
1721885254.139,100,
1721885254.133,100,
1721885254.14,100,
1721885254.643,100,
1721885254.671,100,
1721885254.659,100,
1721885254.662,100,
1721885254.149,100,
1721885254.164,100,
1721885254.164,100,
1721885254.179,100,
1721885308.176,100,
1721885309.177,100,
1721885310.142,100,
1721885311.146,100,
1721885312.149,100,
1721885313.168,100,
1721885314.679,100,
1721885315.176,100,
1721885316.17,100,
1721885317.161,100,
1721885318.163,100,
1721885319.141,100,
1721885320.156,100,
1721885321.164,100,
1721885322.171,100,
1721885323.188,100,
1721885324.183,100,
1721885326.664,100,
1721885329.179,100,
1721885330.151,99,
1721885331.155,99,
1721885332.156,99,
1721885333.63,99,
1721885334.144,99,
1721885335.655,99,
1721885336.148,99,
1721885337.152,99,
1721885338.146,99,
1721885339.126,99,
1721885340.111,99,
1721885341.093,99,
1721885342.087,99,
1721885343.08,99,
1721885344.07,99,
1721885345.067,99,
1721885346.095,99,
1721885347.092,99,
1721885348.078,99,
1721885349.08,99,
1721885353.992,99,
1721885355.005,99,
1721885355.981,99,
1721885358.505,99,
1721885358.006,99,
1721885359.014,99,
1721885359.038,99,
1721885362.488,100,
1721885363.004,100,
1721885364.482,100,
1721885365.504,100,
1721885366.008,100,
1721885367.496,100,
1721885367.998,100,
1721885369.488,100,
1721885371.004,100,
1721885372.479,100,
1721885374.501,100,
1721885374.001,100,
1721885375.502,100,
1721885375.999,100,
1721885377.49,100,
1721885377.991,100,
1721885379.51,100,
1721885380.013,100,
1721885382.019,100,
1721885381.02,100,
1721885383.033,100,
1721885385.041,100,
1721885386.533,100,
1721885387.019,100,
1721885390.535,100,
1721885391.037,100,
1721885393.51,100,
1721885394.019,100,
1721885395.007,100,
1721885396.017,100,
1721885397.01,100,
1721885398.482,100,
1721885399.976,100,
1721885400.945,100,
1721885401.953,100,
1721885402.967,100,
1721885403.938,100,
1721885404.959,100,
1721885405.942,100,
1721885406.958,100,
1721885408.463,100,
1721885408.962,100,
1721885410.463,100,
1721885410.955,100,
1721885411.937,100,
1721885412.929,100,
1721885414.434,100,
1721885415.405,100,
1721885415.899,100,
1721885416.899,100,
1721885417.895,100,
1721885419.379,100,
1721885419.89,99,
1721885420.898,99,
1721885421.898,100,
1721885422.92,100,
1721885423.888,100,
1721885424.883,100,
1721885425.861,100,
1721885427.366,100,
1721885428.87,100,
1721885429.846,100,
1721885430.833,99,
1721885432.838,99,
1721885433.834,99,
1721885434.842,99,
1721885435.832,99,
1721885437.327,99,
1721885437.847,99,
1721885438.849,99,
1721885439.858,99,
1721885441.345,99,
1721885442.336,99,
1721885442.833,99,
1721885443.815,99,
1721885444.826,99,
1721885445.838,99,
1721885447.846,99,
1721885448.877,99,
1721885450.385,99,
1721885450.882,99,
1721885453.387,99,
1721885453.88,99,
1721885454.868,99,
1721885455.879,99,
1721885457.386,99,
1721885457.886,99,
1721885459.882,98,
1721885460.849,98,
1721885462.33,98,
1721885463.311,98,
1721885463.816,98,
1721885465.313,98,
1721885465.808,99,
1721885466.798,99,
1721885468.295,99,
1721885469.801,99,
1721885471.286,99,
1721885471.788,99,
1721885472.798,99,
1721885473.824,99,
1721885474.828,99,
1721885476.832,100,
1721885477.842,100,
1721885479.794,100,
1721885480.808,100,
1721885482.291,100,
1721885482.778,100,
1721885483.761,100,
1721885486.224,99,
1721885488.209,99,
1721885488.707,99,
1721885489.698,99,
1721885491.184,99,
1721885492.172,99,
1721885493.652,99,
1721885495.176,99,
1721885497.69,99,
1721885499.176,99,
1721885500.164,99,
1721885501.671,99,
1721885504.634,99,
1721885505.636,99,
1721885507.141,99,
1721885508.649,99,
1721885510.124,99,
1721885511.607,99,
1721885512.601,99,
1721885513.571,99,
1721885515.084,99,
1721885514.579,99,
1721885515.062,99,
1721885514.561,99,
1721885514.563,99,
1721885514.566,99,
1721885520.545,100,
1721885521.548,100,
1721885522.556,100,
1721885523.549,100,
1721885524.539,100,
1721885526.036,100,
1721885526.526,100,
1721885528.021,100,
1721885529.037,100,
1721885529.533,100,
1721885531.014,100,
1721885531.503,100,
1721885532.525,100,
1721885534.014,100,
1721885534.517,100,
1721885536.019,100,
1721885536.524,100,
1721885537.538,100,
1721885539.013,100,
1721885539.504,100,
1721885540.506,100,
1721885541.512,100,
1721885542.516,99,
1721885544.027,99,
1721885544.536,99,
1721885546.035,99,
1721885546.538,99,
1721885547.524,99,
1721885548.507,99,
1721885549.504,99,
1721885550.508,99,
1721885552.507,99,
1721885552.005,99,
1721885553.507,99,
1721885554.502,99,
1721885555.528,99,
1721885556.519,99,
1721885559.037,99,
1721885560.028,99,
1721885560.525,99,
1721885562.006,99,
1721885562.502,99,
1721885564.011,99,
1721885565.009,99,
1721885565.499,99,
1721885566.5,99,
1721885567.489,99,
1721885568.49,99,
1721885569.483,99,
1721885571.503,99,
1721885572.49,99,
1721885573.495,99,
1721885574.492,99,
1721885576.481,99,
1721885577.501,99,
1721885579.0,99,
1721885579.499,99,
1721885580.479,99,
1721885581.502,99,
1721885582.465,99,
1721885583.455,99,
1721885584.461,99,
1721885585.464,99,
1721885586.454,99,
1721885587.451,99,
1721885588.928,99,
1721885589.407,99,
1721885590.418,99,
1721885591.436,99,
1721885592.444,99,
1721885593.437,99,
1721885594.96,99,
1721885596.457,99,
1721885597.465,99,
1721885598.477,99,
1721885599.464,99,
1721885600.46,99,
1721885601.97,99,
1721885603.446,99,
1721885604.945,99,
1721885605.438,99,
1721885606.465,99,
1721885607.459,99,
1721885609.466,99,
1721885608.453,99,
1721885611.499,99,
1721885612.498,100,
1721885613.962,100,
1721885614.46,100,
1721885615.455,100,
1721885616.447,100,
1721885617.445,100,
1721885618.442,100,
1721885619.426,100,
1721885621.416,100,
1721885622.899,100,
1721885623.397,100,
1721885624.386,100,
1721885625.893,100,
1721885626.888,100,
1721885627.38,100,
1721885628.871,100,
1721885629.865,99,
1721885630.372,99,
1721885631.865,99,
1721885632.87,99,
1721885633.879,99,
1721885634.364,99,
1721885635.355,99,
1721885636.868,99,
1721885637.361,99,
1721885638.84,99,
1721885639.358,99,
1721885641.868,99,
1721885642.363,99,
1721885643.373,99,
1721885644.86,99,
1721885645.367,99,
1721885647.867,99,
1721885648.379,99,
1721885649.383,99,
1721885651.393,99,
1721885653.39,99,
1721885654.402,99,
1721885655.399,99,
1721885656.407,99,
1721885657.411,99,
1721885658.899,99,
1721885659.881,99,
1721885660.378,99,
1721885661.854,99,
1721885662.851,99,
1721885663.358,99,
1721885665.363,99,
1721885666.842,99,
1721885667.35,99,
1721885668.364,99,
1721885669.372,99,
1721885670.881,99,
1721885671.379,99,
1721885672.371,99,
1721885673.35,98,
1721885674.847,98,
1721885675.865,98,
1721885676.355,98,
1721885677.841,98,
1721885680.344,97,
1721885681.327,97,
1721885682.329,97,
1721885683.343,97,
1721885684.34,95,
1721885685.347,95,
1721885686.347,95,
1721885687.349,95,
1721885688.857,95,
1721885689.366,95,
1721885690.375,95,
1721885691.372,95,
1721885692.366,95,
1721885693.361,95,
1721885694.34,95,
1721885695.852,95,
1721885697.333,95,
1721885698.347,95,
1721885699.327,95,
1721885700.811,95,
1721885703.285,95,
1721885705.256,95,
1721885706.255,95,
1721885707.251,95,
1721885708.222,95,
1721885709.249,95,
1721885710.247,95,
1721885711.728,95,
1721885712.228,95,
1721885713.205,95,
1721885714.204,95,
1721885715.692,95,
1721885716.681,95,
1721885717.185,95,
1721885718.184,95,
1721885719.187,95,
1721885720.175,95,
1721885721.153,95,
1721885722.15,95,
1721885723.138,95,
1721885725.129,95,
1721885729.061,96,
1721885730.078,96,
1721885731.083,96,
1721885732.083,96,
1721885733.546,96,
1721885734.044,96,
1721885735.059,96,
1721885736.059,96,
1721885737.052,96,
1721885738.526,98,
1721885739.029,98,
1721885740.023,98,
1721885742.018,98,
1721885744.012,98,
1721885745.003,98,
1721885746.513,98,
1721885746.022,98,
1721885747.026,98,
1721885748.037,98,
1721885749.048,98,
1721885750.071,98,
1721885753.084,98,
1721885754.08,98,
1721885755.078,98,
1721885756.055,98,
1721885757.061,98,
1721885758.039,98,
1721885759.04,98,
1721885760.041,98,
1721885761.055,98,
1721885763.536,98,
1721885764.022,98,
1721885765.046,98,
1721885766.045,98,
1721885767.532,98,
1721885769.022,98,
1721885771.497,98,
1721885771.997,100,
1721885772.999,100,
1721885774.485,100,
1721885775.482,100,
1721885780.452,100,
1721885780.95,100,
1721885781.907,100,
1721885783.416,100,
1721885783.92,100,
1721885785.42,100,
1721885786.414,100,
1721885787.4,100,
1721885787.889,100,
1721885788.887,100,
1721885789.883,100,
1721885790.865,100,
1721885791.867,100,
1721885792.863,100,
1721885794.346,100,
1721885794.847,99,
1721885795.846,99,
1721885796.86,99,
1721885797.841,99,
1721885798.838,99,
1721885800.328,99,
1721885801.802,99,
1721885802.816,99,
1721885804.312,99,
1721885804.822,99,
1721885807.346,99,
1721885807.845,99,
1721885808.838,99,
1721885809.841,99,
1721885810.838,99,
1721885811.841,99,
1721885813.85,99,
1721885814.849,99,
1721885816.318,99,
1721885817.336,99,
1721885817.839,99,
1721885818.817,99,
1721885820.305,99,
1721885820.809,99,
1721885820.788,99,
1721885821.79,98,
1721885822.772,98,
1721885823.772,98,
1721885824.762,98,
1721885826.257,98,
1721885826.757,98,
1721885827.765,98,
1721885829.258,98,
1721885830.239,98,
1721885831.247,97,
1721885832.248,97,
1721885832.751,97,
1721885834.726,97,
1721885836.706,97,
1721885835.715,97,
1721885837.684,97,
1721885839.194,97,
1721885839.683,97,
1721885840.658,97,
1721885841.63,97,
1721885842.636,97,
1721885845.13,97,
1721885845.616,97,
1721885846.609,97,
1721885847.616,97,
1721885849.123,97,
1721885849.627,97,
1721885850.638,97,
1721885851.646,97,
1721885853.638,97,
1721885854.641,97,
1721885855.619,97,
1721885856.61,97,
1721885857.6,97,
1721885858.613,97,
1721885860.07,97,
1721885859.581,97,
1721885859.585,97,
1721885860.1,97,
1721885860.097,97,
1721885860.086,97,
1721885860.087,97,
1721885867.563,100,
1721885868.56,100,
1721885869.567,100,
1721885870.562,100,
1721885873.055,100,
1721885873.562,100,
1721885874.555,100,
1721885876.57,100,
1721885878.07,100,
1721885879.052,100,
1721885880.053,100,
1721885880.562,100,
1721885882.579,100,
1721885883.545,100,
1721885885.534,100,
1721885886.529,100,
1721885887.538,100,
1721885888.541,100,
1721885889.52,100,
1721885891.005,100,
1721885891.513,100,
1721885893.483,100,
1721885892.502,100,
1721885894.486,100,
1721885895.479,100,
1721885896.478,100,
1721885897.475,100,
1721885898.468,100,
1721885902.951,100,
1721885903.953,100,
1721885904.465,100,
1721885905.453,100,
1721885906.474,100,
1721885907.466,100,
1721885908.467,100,
1721885909.467,100,
1721885910.45,99,
1721885911.962,99,
1721885912.454,99,
1721885913.953,99,
1721885915.458,99,
1721885917.941,99,
1721885918.43,99,
1721885919.944,99,
1721885920.444,99,
1721885922.437,99,
1721885923.438,99,
1721885925.902,99,
1721885927.4,99,
1721885928.417,99,
1721885929.421,99,
1721885930.42,99,
1721885931.417,99,
1721885932.416,99,
1721885933.431,99,
1721885934.447,99,
1721885935.954,99,
1721885936.448,99,
1721885937.458,99,
1721885938.425,99,
1721885939.458,99,
1721885939.476,99,
1721885939.483,99,
1721885939.484,99,
1721885939.475,99,
1721885939.473,99,
1721885939.479,99,
1721885939.503,99,
1721885939.502,99,
1721885948.498,98,
1721885949.494,98,
1721885950.999,98,
1721885952.005,98,
1721885952.515,98,
1721885953.49,98,
1721885954.484,98,
1721885955.489,98,
1721885957.449,98,
1721885958.417,98,
1721885959.424,98,
1721885960.402,98,
1721885961.391,98,
1721885962.39,99,
1721885963.383,97,
1721885964.403,97,
1721885965.39,97,
1721885966.38,97,
1721885967.376,97,
1721885968.855,97,
1721885969.334,97,
1721885970.321,98,
1721885971.324,98,
1721885972.316,98,
1721885973.327,98,
1721885974.809,98,
1721885975.812,98,
1721885977.31,98,
1721885979.309,98,
1721885980.294,98,
1721885981.771,98,
1721885982.282,98,
1721885983.785,98,
1721885984.264,98,
1721885985.259,98,
1721885986.254,98,
1721885987.733,98,
1721885988.746,98,
1721885989.72,98,
1721885990.227,98,
1721885991.214,98,
1721885992.207,98,
1721885993.225,98,
1721885994.719,98,
1721885995.228,98,
1721885996.212,98,
1721885997.216,98,
1721885998.71,98,
1721885999.706,98,
1721886001.19,98,
1721886004.177,98,
1721886005.151,98,
1721886006.162,98,
1721886007.166,98,
1721886008.153,98,
1721886009.163,98,
1721886010.145,98,
1721886011.137,98,
1721886012.117,98,
1721886013.1,98,
1721886013.099,98,
1721886016.077,97,
1721886017.564,97,
1721886019.054,97,
1721886020.058,97,
1721886021.059,97,
1721886022.052,97,
1721886023.564,97,
1721886024.066,97,
1721886025.059,97,
1721886027.059,97,
1721886028.546,97,
1721886029.569,97,
1721886030.061,97,
1721886031.083,97,
1721886032.087,97,
1721886033.093,97,
1721886034.112,97,
1721886035.091,97,
1721886036.1,97,
1721886037.605,97,
1721886038.09,97,
1721886039.095,97,
1721886040.102,97,
1721886041.093,97,
1721886042.08,97,
1721886043.1,97,
1721886044.085,97,
1721886045.101,97,
1721886046.085,97,
1721886047.56,97,
1721886048.53,97,
1721886049.042,97,
1721886054.013,97,
1721886055.02,97,
1721886056.005,97,
1721886057.008,97,
1721886058.01,97,
1721886058.968,97,
1721886059.985,97,
1721886062.483,97,
1721886062.968,97,
1721886063.968,97,
1721886064.972,97,
1721886066.455,97,
1721886066.972,97,
1721886068.465,97,
1721886069.449,97,
1721886069.954,97,
1721886071.938,97,
1721886073.947,97,
1721886075.443,97,
1721886074.962,97,
1721886074.931,97,
1721886075.425,97,
1721886075.426,97,
1721886074.92,97,
1721886074.92,97,
1721886075.427,97,
1721886074.94,97,
1721886075.445,97,
1721886074.95,97,
1721886074.939,97,
1721886087.951,100,
1721886089.942,100,
1721886090.943,100,
1721886092.44,100,
1721886093.467,98,
1721886093.961,98,
1721886094.971,98,
1721886095.971,98,
1721886096.954,98,
1721886097.978,98,
1721886098.977,98,
1721886099.985,98,
1721886102.457,98,
1721886103.944,98,
1721886104.952,98,
1721886105.94,98,
1721886106.933,98,
1721886107.933,98,
1721886109.439,98,
1721886109.943,98,
1721886110.955,98,
1721886112.955,98,
1721886113.944,98,
1721886114.957,98,
1721886116.439,98,
1721886116.947,98,
1721886117.927,98,
1721886118.929,98,
1721886119.932,98,
1721886122.428,98,
1721886122.922,98,
1721886123.929,98,
1721886124.951,98,
1721886125.965,98,
1721886126.961,98,
1721886127.971,98,
1721886129.99,98,
1721886131.002,98,
1721886132.51,98,
1721886133.006,99,
1721886133.984,99,
1721886135.482,99,
1721886135.99,99,
1721886136.95,99,
1721886137.938,99,
1721886138.961,99,
1721886139.962,99,
1721886140.978,99,
1721886141.988,99,
1721886143.485,99,
1721886144.487,99,
1721886145.488,99,
1721886145.995,99,
1721886146.023,99,
1721886148.01,99,
1721886149.009,99,
1721886149.997,99,
1721886150.996,99,
1721886152.971,99,
1721886153.961,99,
1721886154.969,99,
1721886156.457,99,
1721886156.963,99,
1721886157.96,99,
1721886159.47,99,
1721886159.971,99,
1721886160.972,99,
1721886161.964,99,
1721886162.958,99,
1721886162.96,99,
1721886162.943,99,
1721886166.948,94,
1721886167.927,94,
1721886168.913,94,
1721886169.893,94,
1721886171.417,97,
1721886171.919,95,
1721886172.928,95,
1721886174.434,95,
1721886174.948,96,
1721886175.951,96,
1721886176.933,96,
1721886178.428,96,
1721886179.913,96,
1721886181.411,96,
1721886182.423,96,
1721886182.907,96,
1721886183.893,97,
1721886184.883,97,
1721886186.362,97,
1721886186.853,97,
1721886187.858,97,
1721886188.865,97,
1721886189.831,97,
1721886190.816,97,
1721886191.823,97,
1721886193.305,97,
1721886194.305,97,
1721886194.824,97,
1721886195.814,97,
1721886196.829,97,
1721886197.824,97,
1721886198.837,97,
1721886200.35,97,
1721886200.841,97,
1721886201.857,97,
1721886202.86,97,
1721886204.361,97,
1721886204.87,97,
1721886205.86,97,
1721886206.865,97,
1721886207.854,97,
1721886208.857,97,
1721886209.873,97,
1721886211.365,98,
1721886211.858,99,
1721886212.85,100,
1721886213.859,99,
1721886216.332,99,
1721886217.342,99,
1721886217.842,99,
1721886218.862,100,
1721886219.857,100,
1721886220.854,100,
1721886222.337,100,
1721886222.84,100,
1721886223.831,100,
1721886224.805,100,
1721886226.295,100,
1721886227.309,100,
1721886227.809,100,
1721886229.291,99,
1721886229.823,99,
1721886229.788,99,
1721886233.817,99,
1721886234.816,99,
1721886235.811,99,
1721886235.79,99,
1721886237.802,99,
1721886238.802,99,
1721886239.789,99,
1721886241.296,99,
1721886241.791,99,
1721886241.777,99,
1721886242.751,99,
1721886243.764,99,
1721886244.788,99,
1721886246.791,99,
1721886249.293,99,
1721886248.78,99,
1721886250.79,99,
1721886251.765,99,
1721886253.277,99,
1721886253.777,98,
1721886254.767,98,
1721886255.763,98,
1721886256.746,98,
1721886257.744,97,
1721886258.729,97,
1721886259.736,97,
1721886260.743,97,
1721886261.734,97,
1721886262.736,97,
1721886263.745,97,
1721886264.744,96,
1721886265.744,96,
1721886266.749,96,
1721886267.764,96,
1721886269.781,96,
1721886271.813,96,
1721886272.813,96,
1721886273.829,96,
1721886274.827,96,
1721886276.302,96,
1721886277.287,96,
1721886278.768,96,
1721886279.78,96,
1721886280.774,96,
1721886281.763,96,
1721886282.763,96,
1721886285.287,96,
1721886287.3,96,
1721886286.79,96,
1721886287.772,96,
1721886289.791,96,
1721886291.296,96,
1721886290.783,96,
1721886292.259,96,
1721886292.759,96,
1721886293.765,96,
1721886294.783,96,
1721886295.782,96,
1721886297.791,95,
1721886298.796,95,
1721886300.313,96,
1721886300.808,96,
1721886303.809,96,
1721886304.813,96,
1721886305.806,96,
1721886306.801,96,
1721886306.785,96,
1721886309.297,95,
1721886310.293,95,
1721886310.804,95,
1721886311.785,95,
1721886312.777,95,
1721886313.751,96,
1721886314.726,96,
1721886315.729,96,
1721886317.213,96,
1721886318.725,96,
1721886319.708,96,
1721886320.719,96,
1721886321.721,96,
1721886322.725,96,
1721886324.21,96,
1721886324.712,96,
1721886327.178,96,
1721886328.71,96,
1721886329.709,96,
1721886330.71,96,
1721886332.224,96,
1721886333.7,96,
1721886334.693,96,
1721886336.177,96,
1721886336.674,96,
1721886338.156,96,
1721886338.652,96,
1721886339.653,96,
1721886340.639,96,
1721886341.617,96,
1721886342.604,97,
1721886343.613,97,
1721886344.615,97,
1721886345.615,97,
1721886346.607,97,
1721886347.599,97,
1721886348.605,97,
1721886350.105,97,
1721886350.59,97,
1721886352.095,97,
1721886352.598,97,
1721886353.598,97,
1721886354.58,97,
1721886355.581,97,
1721886357.081,97,
1721886357.574,97,
1721886358.584,97,
1721886359.566,97,
1721886360.577,97,
1721886362.071,97,
1721886362.577,97,
1721886363.587,97,
1721886364.591,97,
1721886366.588,97,
1721886367.585,97,
1721886368.59,97,
1721886369.589,97,
1721886370.583,97,
1721886371.571,97,
1721886372.563,97,
1721886374.056,97,
1721886377.537,98,
1721886378.538,98,
1721886379.545,98,
1721886381.051,98,
1721886381.54,98,
1721886382.542,98,
1721886383.542,98,
1721886384.568,98,
1721886385.573,100,
1721886386.565,100,
1721886387.552,100,
1721886388.552,100,
1721886389.534,100,
1721886390.513,100,
1721886392.029,100,
1721886392.529,100,
1721886394.027,100,
1721886394.519,100,
1721886395.53,100,
1721886396.521,100,
1721886397.529,99,
1721886398.526,99,
1721886399.543,99,
1721886400.547,99,
1721886402.522,99,
1721886404.036,98,
1721886406.021,97,
1721886406.531,97,
1721886407.522,97,
1721886409.546,97,
1721886410.539,97,
1721886411.55,97,
1721886412.55,97,
1721886414.049,97,
1721886414.555,97,
1721886416.051,97,
1721886417.052,97,
1721886418.068,97,
1721886418.568,97,
1721886419.546,97,
1721886421.028,97,
1721886421.528,97,
1721886422.509,97,
1721886423.502,97,
1721886424.503,97,
1721886425.488,97,
1721886426.51,97,
1721886428.019,97,
1721886429.037,97,
1721886429.544,97,
1721886430.554,97,
1721886432.568,97,
1721886434.045,97,
1721886435.547,97,
1721886436.55,97,
1721886437.535,97,
1721886439.025,97,
1721886439.537,97,
1721886440.532,97,
1721886441.544,98,
1721886442.55,98,
1721886443.545,98,
1721886444.545,98,
1721886445.537,98,
1721886447.036,98,
1721886447.532,98,
1721886448.535,98,
1721886449.544,98,
1721886451.02,98,
1721886452.526,98,
1721886453.528,98,
1721886454.561,98,
1721886455.579,98,
1721886456.563,98,
1721886458.057,98,
1721886458.546,98,
1721886459.544,98,
1721886461.046,98,
1721886461.549,98,
1721886463.026,98,
1721886463.523,98,
1721886464.501,100,
1721886465.51,100,
1721886467.021,100,
1721886468.009,99,
1721886468.496,99,
1721886469.532,99,
1721886470.525,98,
1721886471.542,98,
1721886472.529,98,
1721886474.046,98,
1721886474.551,98,
1721886475.553,98,
1721886477.056,98,
1721886478.55,98,
1721886479.559,98,
1721886480.55,98,
1721886481.541,98,
1721886484.043,98,
1721886484.54,98,
1721886486.047,98,
1721886486.544,98,
1721886487.543,98,
1721886488.543,98,
1721886489.567,98,
1721886490.573,98,
1721886491.542,98,
1721886492.55,98,
1721886493.532,98,
1721886494.543,98,
1721886495.542,98,
1721886496.528,98,
1721886497.527,98,
1721886498.527,98,
1721886500.007,98,
1721886502.023,98,
1721886502.514,98,
1721886503.524,98,
1721886504.535,98,
1721886505.521,98,
1721886506.512,98,
1721886508.015,98,
1721886508.526,98,
1721886510.013,98,
1721886510.508,98,
1721886512.541,98,
1721886513.529,98,
1721886515.052,98,
1721886516.054,98,
1721886516.544,98,
1721886518.021,98,
1721886518.531,98,
1721886519.519,98,
1721886520.522,98,
1721886521.539,98,
1721886522.548,97,
1721886523.533,97,
1721886524.547,97,
1721886525.541,96,
1721886527.036,96,
1721886527.531,96,
1721886528.539,96,
1721886529.537,96,
1721886530.537,96,
1721886532.029,96,
1721886532.537,96,
1721886533.542,96,
1721886535.057,96,
1721886535.565,96,
1721886536.561,96,
1721886537.591,96,
1721886539.092,96,
1721886539.586,96,
1721886540.604,97,
1721886541.602,97,
1721886542.597,97,
1721886543.593,97,
1721886544.604,97,
1721886545.581,97,
1721886546.564,97,
1721886547.554,97,
1721886549.07,97,
1721886549.567,97,
1721886551.074,97,
1721886551.572,97,
1721886554.086,97,
1721886555.06,97,
1721886555.555,97,
1721886556.552,97,
1721886557.53,98,
1721886558.505,98,
1721886560.499,98,
1721886561.507,98,
1721886562.521,98,
1721886564.963,98,
1721886566.944,98,
1721886568.462,98,
1721886569.975,98,
1721886570.471,98,
1721886571.455,98,
1721886572.973,98,
1721886573.469,98,
1721886574.449,99,
1721886576.454,99,
1721886578.459,99,
1721886579.453,99,
1721886580.454,99,
1721886581.446,99,
1721886582.93,99,
1721886583.435,99,
1721886584.427,99,
1721886586.412,99,
1721886587.426,99,
1721886588.404,99,
1721886589.381,99,
1721886590.38,99,
1721886591.39,99,
1721886593.37,99,
1721886594.856,99,
1721886595.365,99,
1721886596.352,99,
1721886597.345,99,
1721886598.341,99,
1721886599.364,99,
1721886600.834,99,
1721886601.846,99,
1721886602.338,99,
1721886603.802,99,
1721886604.287,99,
1721886605.286,99,
1721886606.307,99,
1721886607.81,99,
1721886608.302,99,
1721886609.304,99,
1721886610.304,99,
1721886611.322,99,
1721886612.297,99,
1721886613.261,99,
1721886614.254,99,
1721886615.254,99,
1721886616.727,99,
1721886617.225,99,
1721886618.232,99,
1721886619.728,99,
1721886620.217,99,
1721886621.725,99,
1721886622.205,99,
1721886623.181,99,
1721886624.182,98,
1721886625.171,98,
1721886626.154,98,
1721886627.647,98,
1721886628.652,98,
1721886629.164,98,
1721886630.664,98,
1721886632.149,98,
1721886633.147,98,
1721886634.663,98,
1721886635.187,98,
1721886637.18,98,
1721886638.173,98,
1721886639.147,98,
1721886640.655,98,
1721886641.667,98,
1721886642.667,98,
1721886643.167,98,
1721886644.182,98,
1721886645.18,98,
1721886646.653,98,
1721886647.148,99,
1721886648.172,99,
1721886649.203,99,
1721886650.181,99,
1721886651.152,99,
1721886652.651,99,
1721886654.636,99,
1721886655.137,99,
1721886656.11,99,
1721886657.111,99,
1721886658.089,99,
1721886659.1,99,
1721886660.109,99,
1721886661.106,99,
1721886662.577,99,
1721886664.054,98,
1721886665.056,98,
1721886666.059,98,
1721886667.575,98,
1721886668.567,98,
1721886669.068,98,
1721886670.063,98,
1721886671.552,98,
1721886672.058,98,
1721886674.051,98,
1721886677.005,98,
1721886678.989,98,
1721886679.983,98,
1721886680.967,98,
1721886681.953,98,
1721886682.975,98,
1721886683.985,98,
1721886685.005,98,
1721886685.992,98,
1721886687.975,98,
1721886689.965,99,
1721886688.966,98,
1721886691.451,99,
1721886691.939,99,
1721886692.938,99,
1721886693.934,99,
1721886694.942,99,
1721886696.423,99,
1721886696.913,99,
1721886698.413,99,
1721886698.924,99,
1721886699.915,99,
1721886701.404,99,
1721886703.4,99,
1721886703.891,99,
1721886705.912,99,
1721886706.875,99,
1721886707.885,98,
1721886708.89,98,
1721886710.377,98,
1721886711.898,98,
1721886713.381,98,
1721886713.869,98,
1721886715.379,98,
1721886715.89,98,
1721886716.907,98,
1721886717.908,98,
1721886719.429,98,
1721886719.91,98,
1721886720.915,98,
1721886722.418,98,
1721886723.426,98,
1721886724.424,98,
1721886724.934,98,
1721886725.925,98,
1721886727.934,98,
1721886728.942,98,
1721886730.435,98,
1721886730.922,98,
1721886731.923,98,
1721886732.921,98,
1721886733.935,99,
1721886735.44,99,
1721886735.944,99,
1721886736.934,99,
1721886737.928,99,
1721886738.923,99,
1721886739.913,99,
1721886741.435,99,
1721886741.943,99,
1721886743.474,99,
1721886743.978,99,
1721886744.984,99,
1721886745.974,99,
1721886746.976,99,
1721886748.456,99,
1721886748.947,99,
1721886749.932,99,
1721886751.414,99,
1721886751.903,99,
1721886752.912,99,
1721886754.931,98,
1721886755.926,98,
1721886756.927,98,
1721886758.456,98,
1721886758.938,98,
1721886759.94,98,
1721886760.933,98,
1721886761.921,98,
1721886763.405,98,
1721886763.902,98,
1721886764.893,98,
1721886766.403,98,
1721886766.911,98,
1721886768.932,98,
1721886769.93,98,
1721886770.948,98,
1721886771.935,98,
1721886772.951,98,
1721886774.435,98,
1721886775.416,98,
1721886776.405,98,
1721886776.897,98,
1721886777.899,98,
1721886779.399,98,
1721886780.408,98,
1721886781.893,98,
1721886782.885,98,
1721886783.871,98,
1721886785.373,98,
1721886785.859,98,
1721886786.848,98,
1721886787.824,98,
1721886789.33,97,
1721886789.821,97,
1721886791.307,97,
1721886792.3,97,
1721886792.803,97,
1721886793.818,97,
1721886794.819,97,
1721886795.827,97,
1721886796.822,97,
1721886797.821,97,
1721886798.825,97,
1721886799.823,97,
1721886800.837,97,
1721886802.807,97,
1721886804.297,97,
1721886804.794,97,
1721886804.785,97,
1721886807.789,97,
1721886809.3,97,
1721886809.803,97,
1721886810.811,97,
1721886813.811,98,
1721886814.803,97,
1721886815.805,97,
1721886816.81,97,
1721886817.809,97,
1721886819.282,97,
1721886819.789,97,
1721886820.799,97,
1721886821.81,98,
1721886822.793,98,
1721886823.783,98,
1721886823.777,98,
1721886824.747,98,
1721886825.755,98,
1721886827.757,98,
1721886828.76,98,
1721886829.733,98,
1721886830.71,98,
1721886831.707,98,
1721886832.698,98,
1721886833.711,98,
1721886834.692,98,
1721886836.18,98,
1721886836.675,98,
1721886837.659,99,
1721886838.682,99,
1721886839.671,99,
1721886840.659,99,
1721886841.668,99,
1721886842.684,99,
1721886844.205,99,
1721886844.695,99,
1721886845.706,99,
1721886846.705,99,
1721886849.196,99,
1721886849.694,99,
1721886850.703,99,
1721886851.68,99,
1721886852.68,99,
1721886854.172,99,
1721886854.672,99,
1721886855.679,99,
1721886856.661,99,
1721886857.651,99,
1721886859.652,99,
1721886858.649,99,
1721886860.651,99,
1721886861.648,99,
1721886862.637,99,
1721886864.127,99,
1721886864.612,99,
1721886866.585,99,
1721886867.573,99,
1721886869.062,99,
1721886869.575,99,
1721886870.568,99,
1721886872.058,99,
1721886873.054,99,
1721886873.544,99,
1721886874.541,99,
1721886875.532,99,
1721886877.041,99,
1721886877.551,99,
1721886878.533,99,
1721886879.53,99,
1721886880.535,99,
1721886881.531,99,
1721886882.524,99,
1721886884.017,99,
1721886884.514,99,
1721886885.528,99,
1721886887.062,99,
1721886887.564,99,
1721886890.086,99,
1721886890.576,99,
1721886891.581,99,
1721886892.568,99,
1721886894.051,99,
1721886894.544,99,
1721886896.536,99,
1721886898.05,99,
1721886897.545,99,
1721886897.567,99,
1721886902.515,97,
1721886904.524,97,
1721886906.484,97,
1721886907.467,97,
1721886908.48,97,
1721886909.97,97,
1721886910.968,98,
1721886911.467,98,
1721886912.977,98,
1721886913.48,98,
1721886914.465,98,
1721886916.45,98,
1721886915.453,98,
1721886917.436,98,
1721886918.936,98,
1721886919.452,98,
1721886920.462,98,
1721886921.465,98,
1721886922.452,98,
1721886923.449,98,
1721886924.434,98,
1721886925.942,98,
1721886926.44,98,
1721886927.937,98,
1721886928.427,98,
1721886931.887,98,
1721886932.394,98,
1721886933.395,98,
1721886934.396,96,
1721886935.411,96,
1721886936.414,96,
1721886937.398,96,
1721886938.393,96,
1721886939.403,96,
1721886940.417,96,
1721886941.395,96,
1721886942.394,96,
1721886943.901,96,
1721886944.417,96,
1721886945.418,96,
1721886946.9,96,
1721886947.898,96,
1721886948.897,96,
1721886949.393,96,
1721886950.908,96,
1721886951.914,96,
1721886952.409,96,
1721886953.416,96,
1721886954.928,96,
1721886955.429,96,
1721886956.458,96,
1721886957.447,96,
1721886958.407,96,
1721886959.394,96,
1721886960.378,96,
1721886961.397,96,
1721886962.378,96,
1721886963.392,96,
1721886964.392,96,
1721886965.406,96,
1721886966.408,96,
1721886967.41,96,
1721886968.414,96,
1721886969.411,96,
1721886970.91,96,
1721886971.421,96,
1721886973.457,96,
1721886972.432,96,
1721886974.947,96,
1721886976.425,98,
1721886977.932,98,
1721886978.927,98,
1721886979.424,98,
1721886980.445,96,
1721886981.439,96,
1721886982.419,96,
1721886983.416,96,
1721886984.418,96,
1721886985.898,96,
1721886986.398,96,
1721886987.391,96,
1721886988.381,96,
1721886989.387,96,
1721886991.377,96,
1721886992.384,96,
1721886993.382,96,
1721886994.858,96,
1721886996.855,96,
1721886997.345,96,
1721886998.335,96,
1721887000.82,96,
1721887001.323,96,
1721887002.807,96,
1721887003.827,96,
1721887004.326,96,
1721887005.336,96,
1721887006.343,96,
1721887007.369,96,
1721887008.358,96,
1721887009.342,96,
1721887010.816,96,
1721887011.81,96,
1721887012.826,97,
1721887013.313,97,
1721887014.288,97,
1721887015.275,97,
1721887016.275,97,
1721887017.767,97,
1721887018.261,97,
1721887019.755,97,
1721887020.734,97,
1721887021.235,97,
1721887022.244,97,
1721887023.235,97,
1721887024.224,97,
1721887025.22,97,
1721887026.191,97,
1721887027.205,97,
1721887029.196,97,
1721887031.213,97,
1721887033.71,97,
1721887034.699,97,
1721887035.196,97,
1721887036.191,97,
1721887037.183,97,
1721887038.167,97,
1721887039.181,97,
1721887040.148,97,
1721887041.633,97,
1721887042.129,97,
1721887043.102,97,
1721887044.101,97,
1721887045.607,97,
1721887046.095,97,
1721887047.586,97,
1721887048.075,97,
1721887049.061,97,
1721887050.056,97,
1721887051.069,97,
1721887055.004,97,
1721887055.013,97,
1721887057.005,97,
1721887058.007,97,
1721887058.034,97,
1721887059.032,97,
1721887061.536,98,
1721887062.048,98,
1721887063.546,98,
1721887064.049,98,
1721887065.555,98,
1721887066.067,98,
1721887067.064,98,
1721887068.067,98,
1721887069.067,98,
1721887070.069,98,
1721887071.068,98,
1721887072.058,98,
1721887073.539,98,
1721887074.02,98,
1721887075.534,98,
1721887077.04,98,
1721887080.498,98,
1721887081.503,98,
1721887082.473,98,
1721887082.982,98,
1721887084.474,98,
1721887084.968,98,
1721887085.986,98,
1721887086.988,98,
1721887087.98,98,
1721887088.956,98,
1721887089.951,97,
1721887091.454,97,
1721887091.935,98,
1721887092.91,98,
1721887093.914,98,
1721887094.911,98,
1721887095.929,98,
1721887097.452,98,
1721887098.465,98,
1721887098.974,98,
1721887099.947,98,
1721887101.941,98,
1721887103.46,98,
1721887104.965,98,
1721887105.967,98,
1721887106.964,98,
1721887107.965,98,
1721887109.95,98,
1721887110.954,98,
1721887111.944,98,
1721887113.42,98,
1721887113.911,98,
1721887114.899,98,
1721887115.909,98,
1721887116.9,98,
1721887118.391,98,
1721887119.385,98,
1721887119.897,98,
1721887121.37,98,
1721887121.872,97,
1721887123.386,97,
1721887123.896,97,
1721887125.389,97,
1721887126.393,97,
1721887126.896,97,
1721887128.406,97,
1721887129.415,97,
1721887129.936,97,
1721887130.95,97,
1721887131.941,97,
1721887132.953,97,
1721887133.948,97,
1721887134.933,97,
1721887135.948,97,
1721887136.952,97,
1721887137.951,97,
1721887138.933,97,
1721887140.434,97,
1721887140.943,97,
1721887141.945,97,
1721887143.435,97,
1721887144.437,97,
1721887144.943,98,
1721887145.924,98,
1721887146.905,98,
1721887147.912,98,
1721887148.913,98,
1721887149.912,98,
1721887150.918,98,
1721887152.898,98,
1721887154.885,98,
1721887155.902,98,
1721887156.887,98,
1721887158.41,98,
1721887158.917,98,
1721887160.374,98,
1721887160.864,98,
1721887161.872,98,
1721887162.838,98,
1721887163.825,98,
1721887165.334,98,
1721887166.347,99,
1721887166.856,99,
1721887168.807,98,
1721887169.797,98,
1721887171.311,98,
1721887171.812,98,
1721887172.817,98,
1721887173.815,98,
1721887174.819,98,
1721887177.313,98,
1721887178.303,98,
1721887178.794,98,
1721887179.805,98,
1721887181.297,98,
1721887182.278,98,
1721887182.258,98,
1721887183.233,98,
1721887184.235,98,
1721887185.222,98,
1721887185.728,98,
1721887186.704,98,
1721887187.721,97,
1721887188.701,97,
1721887189.709,97,
1721887190.707,97,
1721887191.713,98,
1721887193.186,98,
1721887193.665,98,
1721887195.668,98,
1721887196.666,98,
1721887197.658,98,
1721887198.659,98,
1721887199.624,98,
1721887201.103,98,
1721887201.587,98,
1721887203.1,98,
1721887204.09,98,
1721887204.593,98,
1721887206.582,98,
1721887207.565,98,
1721887208.559,98,
1721887209.552,98,
1721887210.559,98,
1721887211.581,98,
1721887213.052,98,
1721887214.055,98,
1721887214.556,98,
1721887215.572,98,
1721887216.559,98,
1721887217.549,98,
1721887218.558,98,
1721887219.545,97,
1721887220.539,97,
1721887221.52,97,
1721887222.496,97,
1721887223.994,97,
1721887224.981,97,
1721887225.486,97,
1721887226.491,97,
1721887227.987,97,
1721887228.483,97,
1721887229.458,97,
1721887230.449,97,
1721887231.947,97,
1721887232.43,97,
1721887233.45,97,
1721887234.446,97,
1721887235.434,97,
1721887236.938,97,
1721887237.454,97,
1721887249.687,100,
1721887250.675,100,
1721887252.159,100,
1721887252.662,100,
1721887254.642,100,
1721887255.647,100,
1721887256.652,100,
1721887257.654,100,
1721887259.15,100,
1721887259.653,100,
1721887261.154,100,
1721887261.65,100,
1721887263.184,99,
1721887263.686,99,
1721887264.677,99,
1721887265.669,99,
1721887266.657,98,
1721887267.658,98,
1721887268.676,98,
1721887269.675,98,
1721887270.659,97,
1721887271.651,97,
1721887272.623,97,
1721887273.637,97,
1721887275.147,97,
1721887275.634,97,
1721887276.645,97,
1721887277.676,97,
1721887278.673,97,
1721887280.174,97,
1721887280.672,97,
1721887281.706,97,
1721887282.693,97,
1721887283.708,97,
1721887284.704,97,
1721887285.714,97,
1721887287.231,97,
1721887286.729,97,
1721887289.232,97,
1721887288.747,97,
1721887289.759,97,
1721887290.741,97,
1721887291.735,97,
1721887292.731,97,
1721887293.73,97,
1721887295.227,97,
1721887295.742,97,
1721887297.736,97,
1721887300.209,98,
1721887300.688,98,
1721887302.656,98,
1721887305.139,98,
1721887305.635,98,
1721887307.132,98,
1721887308.129,98,
1721887309.13,98,
1721887309.631,98,
1721887310.629,98,
1721887311.647,98,
1721887313.142,98,
1721887315.151,98,
1721887315.638,98,
1721887316.615,98,
1721887317.611,98,
1721887318.626,98,
1721887320.573,98,
1721887321.556,98,
1721887322.541,98,
1721887323.538,98,
1721887325.06,98,
1721887325.559,98,
1721887327.537,98,
1721887328.563,98,
1721887330.074,98,
1721887330.57,98,
1721887332.089,98,
1721887332.607,98,
1721887334.09,98,
1721887334.593,98,
1721887336.093,98,
1721887336.593,98,
1721887337.585,98,
1721887339.539,98,
1721887340.56,98,
1721887341.552,98,
1721887342.542,98,
1721887344.016,98,
1721887344.527,98,
1721887345.529,98,
1721887347.011,98,
1721887347.99,98,
1721887347.48,98,
1721887348.494,98,
1721887349.475,98,
1721887351.463,98,
1721887352.487,98,
1721887353.486,98,
1721887354.482,98,
1721887355.466,98,
1721887356.46,98,
1721887357.449,98,
1721887358.445,98,
1721887359.424,98,
1721887360.901,98,
1721887361.912,98,
1721887362.408,98,
1721887363.41,98,
1721887364.377,98,
1721887365.856,98,
1721887366.348,98,
1721887367.873,98,
1721887368.374,98,
1721887369.854,98,
1721887370.349,98,
1721887371.366,98,
1721887372.374,98,
1721887373.381,98,
1721887376.898,98,
1721887378.399,98,
1721887379.383,98,
1721887380.379,98,
1721887381.385,98,
1721887382.395,98,
1721887383.391,98,
1721887384.373,98,
1721887385.382,98,
1721887386.412,98,
1721887387.409,98,
1721887388.419,98,
1721887389.392,98,
1721887390.383,98,
1721887391.895,98,
1721887392.383,98,
1721887393.371,98,
1721887394.38,98,
1721887395.383,98,
1721887396.369,97,
1721887397.376,97,
1721887398.373,97,
1721887399.371,97,
1721887400.875,97,
1721887401.364,97,
1721887402.85,97,
1721887403.355,97,
1721887404.358,97,
1721887405.368,97,
1721887406.373,97,
1721887407.368,97,
1721887408.345,97,
1721887409.333,97,
1721887410.313,97,
1721887411.296,97,
1721887412.287,97,
1721887413.286,97,
1721887414.288,97,
1721887416.28,97,
1721887417.273,97,
1721887418.258,97,
1721887420.224,97,
1721887421.737,97,
1721887422.215,97,
1721887423.221,97,
1721887424.227,97,
1721887425.708,97,
1721887427.19,97,
1721887428.169,97,
1721887429.675,97,
1721887430.171,100,
1721887431.177,100,
1721887432.199,100,
1721887434.17,100,
1721887435.162,100,
1721887436.155,100,
1721887437.152,100,
1721887438.144,100,
1721887439.143,100,
1721887440.147,100,
1721887441.147,100,
1721887442.143,100,
1721887443.144,100,
1721887444.145,100,
1721887445.614,100,
1721887446.103,100,
1721887447.088,100,
1721887448.094,100,
1721887449.099,100,
1721887450.1,100,
1721887452.599,99,
1721887453.083,99,
1721887454.074,99,
1721887455.557,99,
1721887456.055,99,
1721887457.063,99,
1721887458.06,99,
1721887459.064,99,
1721887460.056,99,
1721887461.038,98,
1721887462.02,98,
1721887463.01,99,
1721887464.023,98,
1721887465.013,98,
1721887466.022,98,
1721887467.025,98,
1721887471.014,98,
1721887472.011,98,
1721887473.007,98,
1721887473.999,98,
1721887474.993,98,
1721887476.982,98,
1721887478.46,98,
1721887478.955,98,
1721887479.967,98,
1721887480.957,98,
1721887481.961,98,
1721887482.959,98,
1721887483.943,98,
1721887484.94,98,
1721887485.932,98,
1721887487.43,98,
1721887488.433,98,
1721887488.934,98,
1721887491.39,98,
1721887491.888,97,
1721887493.39,97,
1721887494.877,97,
1721887495.864,97,
1721887497.377,97,
1721887498.387,97,
1721887499.87,97,
1721887501.4,97,
1721887501.882,97,
1721887503.38,97,
1721887503.871,97,
1721887505.388,97,
1721887505.889,97,
1721887507.367,97,
1721887507.872,97,
1721887508.87,97,
1721887509.865,97,
1721887511.348,97,
1721887511.853,97,
1721887512.831,97,
1721887514.331,97,
1721887514.806,97,
1721887515.79,97,
1721887516.785,97,
1721887517.782,97,
1721887518.784,97,
1721887519.783,97,
1721887520.781,97,
1721887522.274,97,
1721887523.262,97,
1721887523.768,97,
1721887525.263,97,
1721887526.276,97,
1721887526.786,97,
1721887527.78,97,
1721887528.782,97,
1721887530.274,98,
1721887531.257,98,
1721887533.263,98,
1721887534.254,98,
1721887535.754,98,
1721887536.749,98,
1721887538.229,98,
1721887538.744,98,
1721887539.738,98,
1721887540.744,98,
1721887541.736,98,
1721887544.208,98,
1721887545.216,98,
1721887546.19,98,
1721887546.691,98,
1721887547.67,98,
1721887548.677,98,
1721887549.653,98,
1721887551.636,98,
1721887553.133,98,
1721887553.619,98,
1721887554.63,98,
1721887555.62,98,
1721887556.618,99,
1721887557.628,99,
1721887558.584,99,
1721887559.585,99,
1721887562.093,99,
1721887563.093,99,
1721887570.078,99,
1721887570.56,99,
1721887572.071,99,
1721887573.553,99,
1721887574.533,99,
1721887575.528,98,
1721887576.522,98,
1721887577.526,98,
1721887580.533,98,
1721887581.575,98,
1721887582.572,98,
1721887583.547,98,
1721887584.558,98,
1721887585.554,98,
1721887586.548,98,
1721887587.514,96,
1721887588.511,96,
1721887589.517,96,
1721887591.023,96,
1721887592.027,96,
1721887592.534,96,
1721887593.509,96,
1721887593.489,96,
1721887595.498,96,
1721887597.006,96,
1721887598.497,96,
1721887599.509,96,
1721887600.512,96,
1721887602.46,96,
1721887604.448,97,
1721887605.453,98,
1721887606.462,98,
1721887607.935,98,
1721887608.916,98,
1721887609.425,98,
1721887610.429,98,
1721887611.948,98,
1721887612.432,99,
1721887613.934,99,
1721887614.939,99,
1721887615.435,99,
1721887616.431,99,
1721887617.447,98,
1721887619.928,98,
1721887621.425,98,
1721887622.406,98,
1721887623.407,98,
1721887624.421,98,
1721887626.888,98,
1721887627.384,98,
1721887628.408,98,
1721887629.399,98,
1721887630.906,98,
1721887631.4,99,
1721887632.879,98,
1721887633.872,98,
1721887634.386,98,
1721887635.91,99,
1721887636.921,99,
1721887638.413,99,
1721887639.399,99,
1721887641.427,99,
1721887640.413,99,
1721887642.438,99,
1721887643.448,99,
1721887644.461,99,
1721887645.45,99,
1721887646.45,99,
1721887647.44,99,
1721887648.936,99,
1721887649.92,99,
1721887650.936,99,
1721887651.956,99,
1721887653.45,99,
1721887654.454,99,
1721887655.936,99,
1721887656.427,99,
1721887657.424,99,
1721887658.933,99,
1721887659.413,99,
1721887660.43,99,
1721887661.423,99,
1721887662.421,99,
1721887663.429,99,
1721887664.431,99,
1721887665.449,99,
1721887666.929,99,
1721887666.42,99,
1721887666.405,99,
1721887666.397,99,
1721887666.901,99,
1721887666.408,99,
1721887666.408,99,
1721887666.884,99,
1721887666.375,99,
1721887666.872,99,
1721887666.361,99,
1721887666.827,99,
1721887680.313,99,
1721887681.793,99,
1721887682.291,99,
1721887684.777,99,
1721887685.272,99,
1721887686.268,99,
1721887687.757,99,
1721887689.278,99,
1721887690.275,99,
1721887691.275,99,
1721887693.299,99,
1721887694.29,99,
1721887695.295,99,
1721887696.305,99,
1721887698.292,99,
1721887699.274,99,
1721887700.757,99,
1721887702.738,99,
1721887704.226,99,
1721887705.199,99,
1721887706.186,99,
1721887708.187,99,
1721887709.185,99,
1721887710.186,99,
1721887711.16,99,
1721887712.16,99,
1721887713.154,98,
1721887714.155,98,
1721887715.653,98,
1721887716.139,98,
1721887717.631,98,
1721887718.105,99,
1721887719.101,99,
1721887720.119,99,
1721887721.1,99,
1721887722.117,99,
1721887723.126,99,
1721887724.118,99,
1721887725.139,99,
1721887726.121,99,
1721887727.118,99,
1721887728.098,98,
1721887729.073,98,
1721887730.064,98,
1721887731.555,98,
1721887732.059,98,
1721887733.052,98,
1721887734.546,98,
1721887735.033,98,
1721887736.991,98,
1721887738.468,98,
1721887738.947,98,
1721887739.922,98,
1721887741.421,98,
1721887741.908,98,
1721887742.896,98,
1721887743.908,98,
1721887744.904,97,
1721887745.897,97,
1721887747.397,97,
1721887747.896,97,
1721887748.899,97,
1721887750.871,97,
1721887752.379,97,
1721887752.864,97,
1721887753.851,97,
1721887754.839,97,
1721887755.849,97,
1721887757.354,97,
1721887759.859,97,
1721887760.856,97,
1721887761.847,97,
1721887762.843,97,
1721887763.831,97,
1721887764.822,97,
1721887766.311,97,
1721887766.82,97,
1721887767.816,97,
1721887769.316,97,
1721887769.813,97,
1721887770.832,97,
1721887771.823,97,
1721887772.845,97,
1721887774.348,97,
1721887775.368,97,
1721887776.855,97,
1721887778.849,98,
1721887779.861,98,
1721887780.855,98,
1721887782.847,98,
1721887783.832,98,
1721887784.826,98,
1721887785.802,98,
1721887786.778,98,
1721887787.78,98,
1721887788.752,98,
1721887789.743,98,
1721887790.737,98,
1721887792.727,98,
1721887793.712,98,
1721887793.736,98,
1721887794.738,98,
1721887795.757,98,
1721887796.746,98,
1721887797.735,98,
1721887799.714,98,
1721887802.195,98,
1721887803.688,97,
1721887804.708,97,
1721887805.694,97,
1721887807.198,97,
1721887808.2,97,
1721887808.697,97,
1721887809.695,97,
1721887811.16,97,
1721887811.634,97,
1721887813.118,97,
1721887813.622,97,
1721887815.102,97,
1721887816.103,97,
1721887816.602,97,
1721887817.597,97,
1721887818.574,97,
1721887819.57,97,
1721887820.558,97,
1721887821.57,97,
1721887824.052,97,
1721887824.538,97,
1721887825.541,97,
1721887827.032,97,
1721887829.032,97,
1721887830.026,97,
1721887831.855,97,
1721887832.343,97,
1721887833.334,97,
1721887834.823,97,
1721887835.348,97,
1721887836.338,97,
1721887838.834,97,
1721887839.329,97,
1721887840.337,97,
1721887841.328,97,
1721887842.302,97,
1721887843.319,97,
1721887844.316,97,
1721887845.294,97,
1721887846.298,97,
1721887847.315,97,
1721887848.332,97,
1721887850.825,97,
1721887853.277,97,
1721887854.29,97,
1721887855.304,97,
1721887856.816,97,
1721887857.33,97,
1721887858.818,97,
1721887859.315,97,
1721887860.309,97,
1721887861.799,97,
1721887862.788,97,
1721887863.29,97,
1721887864.308,97,
1721887865.812,97,
1721887866.298,97,
1721887867.325,98,
1721887868.328,98,
1721887869.831,98,
1721887870.849,98,
1721887871.363,98,
1721887872.368,98,
1721887873.85,98,
1721887875.365,98,
1721887877.879,98,
1721887878.881,98,
1721887879.368,98,
1721887880.371,98,
1721887881.367,98,
1721887882.362,98,
1721887882.837,98,
1721887883.345,98,
1721887884.342,98,
1721887885.347,98,
1721887886.361,98,
1721887887.357,98,
1721887889.87,98,
1721887889.353,98,
1721887890.352,98,
1721887891.344,98,
1721887893.872,98,
1721887895.366,98,
1721887896.37,98,
1721887897.379,98,
1721887898.911,98,
1721887899.419,98,
1721887900.419,98,
1721887901.925,98,
1721887902.43,98,
1721887903.414,98,
1721887904.399,98,
1721887906.902,98,
1721887907.392,98,
1721887908.885,98,
1721887909.41,98,
1721887910.416,98,
1721887911.401,98,
1721887912.41,98,
1721887913.388,98,
1721887914.39,98,
1721887915.39,98,
1721887916.893,98,
1721887917.907,98,
1721887918.409,98,
1721887919.41,98,
1721887920.911,97,
1721887921.404,97,
1721887922.402,97,
1721887923.387,97,
1721887924.368,97,
1721887924.354,97,
1721887925.855,97,
1721887928.367,97,
1721887929.849,97,
1721887929.341,97,
