time,heart_rate
1721884469.047,72,
1721884470.541,71,
1721884471.53,72,
1721884472.041,73,
1721884473.028,73,
1721884474.042,72,
1721884476.046,73,
1721884479.057,71,
1721884480.045,71,
1721884481.02,71,
1721884482.536,71,
1721884483.539,72,
1721884484.543,73,
1721884485.538,73,
1721884486.036,74,
1721884487.535,75,
1721884488.548,76,
1721884490.054,76,
1721884491.53,75,
1721884492.505,74,
1721884493.487,73,
1721884493.988,72,
1721884494.974,73,
1721884496.983,75,
1721884497.987,76,
1721884498.968,77,
1721884499.963,77,
1721884501.469,77,
1721884502.481,77,
1721884502.967,77,
1721884504.466,77,
1721884504.968,76,
1721884507.492,73,
1721884507.991,72,
1721884509.493,73,
1721884509.98,74,
1721884510.986,75,
1721884511.964,76,
1721884512.982,76,
1721884513.978,76,
1721884514.963,76,
1721884516.446,76,
1721884517.455,75,
1721884517.96,73,
1721884518.962,73,
1721884519.932,73,
1721884521.452,74,
1721884521.973,75,
1721884522.969,75,
1721884524.961,72,
1721884526.928,75,
1721884528.414,77,
1721884528.904,79,
1721884529.897,79,
1721884530.89,78,
1721884531.892,78,
1721884532.885,77,
1721884534.373,76,
1721884534.858,75,
1721884535.859,72,
1721884536.847,70,
1721884537.854,69,
1721884538.849,70,
1721884539.869,70,
1721884540.862,72,
1721884541.846,73,
1721884542.811,75,
1721884543.823,76,
1721884545.352,76,
1721884545.857,76,
1721884546.868,75,
1721884548.369,73,
1721884548.855,72,
1721884550.324,73,
1721884550.815,74,
1721884552.81,72,
1721884553.783,71,
1721884555.798,72,
1721884556.768,74,
1721884558.275,77,
1721884558.782,77,
1721884560.289,76,
1721884560.789,74,
1721884561.789,72,
1721884562.79,71,
1721884564.257,71,
1721884564.743,71,
1721884565.731,73,
1721884568.673,81,
1721884569.672,79,
1721884570.691,79,
1721884571.693,75,
1721884572.703,74,
1721884573.686,75,
1721884577.717,82,
1721884578.719,83,
1721884581.249,83,
1721884581.743,83,
1721884582.751,83,
1721884583.752,83,
1721884584.768,83,
1721884585.756,82,
1721884587.73,79,
1721884586.74,80,
1721884588.768,79,
1721884589.782,79,
1721884590.782,78,
1721884591.778,78,
1721884592.774,78,
1721884593.754,78,
1721884595.246,79,
1721884595.745,79,
1721884597.25,78,
1721884597.738,78,
1721884598.722,79,
1721884599.726,78,
1721884600.734,78,
1721884601.698,78,
1721884602.662,84,
1721884603.669,86,
1721884605.163,89,
1721884605.659,89,
1721884607.136,89,
1721884608.642,87,
1721884609.668,86,
1721884610.673,85,
1721884611.685,84,
1721884612.664,84,
1721884613.689,84,
1721884614.689,84,
1721884615.705,87,
1721884616.73,89,
1721884617.711,87,
1721884618.719,88,
1721884620.206,87,
1721884620.709,86,
1721884621.698,84,
1721884622.701,83,
1721884623.692,82,
1721884624.697,81,
1721884625.721,81,
1721884627.699,80,
1721884628.685,80,
1721884631.14,80,
1721884631.646,80,
1721884632.632,81,
1721884633.632,81,
1721884634.617,80,
1721884635.615,80,
1721884636.612,80,
1721884638.1,86,
1721884639.1,82,
1721884640.097,87,
1721884640.59,88,
1721884642.116,89,
1721884643.104,87,
1721884643.6,87,
1721884644.57,87,
1721884646.051,87,
1721884646.55,87,
1721884647.552,90,
1721884648.544,92,
1721884649.541,94,
1721884651.03,95,
1721884652.523,94,
1721884654.016,93,
1721884655.024,92,
1721884656.53,93,
1721884658.047,92,
1721884658.545,92,
1721884659.54,92,
1721884661.029,88,
1721884662.503,86,
1721884663.507,85,
1721884664.499,86,
1721884665.473,87,
1721884666.467,87,
1721884667.46,88,
1721884669.441,87,
1721884670.414,87,
1721884671.382,87,
1721884672.392,87,
1721884673.398,87,
1721884674.387,87,
1721884675.363,87,
1721884677.333,90,
1721884678.846,91,
1721884678.34,91,
1721884680.349,91,
1721884681.349,90,
1721884681.359,90,
1721884683.819,89,
1721884684.31,86,
1721884684.3,86,
1721884686.309,83,
1721884687.332,82,
1721884687.327,82,
1721884689.329,82,
1721884690.317,82,
1721884690.818,82,
1721884693.317,81,
1721884693.334,81,
1721884695.317,81,
1721884696.33,81,
1721884696.342,81,
1721884698.872,84,
1721884699.356,82,
1721884699.347,82,
1721884702.345,87,
1721884704.823,89,
1721884705.325,84,
1721884705.337,84,
1721884707.35,86,
1721884708.352,86,
1721884708.346,86,
1721884710.336,87,
1721884711.313,87,
1721884711.307,87,
1721884714.288,86,
1721884714.291,86,
1721884715.269,85,
1721884717.265,81,
1721884717.242,81,
1721884718.213,81,
1721884719.694,80,
1721884721.192,80,
1721884723.175,78,
1721884724.16,78,
1721884725.154,78,
1721884726.635,78,
1721884727.126,78,
1721884728.129,79,
1721884729.145,78,
1721884730.141,79,
1721884731.146,78,
1721884732.148,77,
1721884733.133,77,
1721884734.114,76,
1721884735.128,76,
1721884736.109,76,
1721884738.078,76,
1721884740.076,82,
1721884742.582,84,
1721884743.591,85,
1721884744.562,86,
1721884745.55,86,
1721884746.041,87,
1721884747.512,87,
1721884748.005,86,
1721884749.007,86,
1721884749.982,86,
1721884750.961,86,
1721884752.94,86,
1721884753.946,84,
1721884755.906,82,
1721884757.808,80,
1721884759.332,79,
1721884759.825,79,
1721884760.816,80,
1721884763.3,80,
1721884763.805,80,
1721884765.284,79,
1721884765.78,78,
1721884766.782,78,
1721884767.775,77,
1721884768.787,77,
1721884770.791,77,
1721884771.818,77,
1721884772.817,77,
1721884773.812,77,
1721884774.807,76,
1721884775.822,76,
1721884777.317,76,
1721884777.833,76,
1721884779.341,76,
1721884779.846,76,
1721884780.845,76,
1721884781.841,77,
1721884782.848,78,
1721884783.849,77,
1721884785.351,79,
1721884786.35,79,
1721884787.366,78,
1721884787.858,78,
1721884788.86,77,
1721884789.854,76,
1721884791.847,76,
1721884792.852,76,
1721884793.843,76,
1721884794.854,76,
1721884796.342,76,
1721884796.84,76,
1721884797.839,76,
1721884799.821,84,
1721884800.823,83,
1721884801.834,83,
1721884803.331,84,
1721884803.833,84,
1721884804.83,84,
1721884805.826,84,
1721884807.321,93,
1721884807.82,97,
1721884808.825,99,
1721884809.815,101,
1721884810.814,101,
1721884812.312,102,
1721884813.32,102,
1721884814.791,100,
1721884815.777,99,
1721884816.779,95,
1721884818.286,97,
1721884818.785,92,
1721884819.801,91,
1721884820.822,91,
1721884821.82,91,
1721884822.791,94,
1721884824.776,98,
1721884826.779,100,
1721884828.271,102,
1721884829.295,102,
1721884829.788,103,
1721884831.305,104,
1721884831.81,104,
1721884832.837,104,
1721884833.826,103,
1721884834.822,102,
1721884835.812,101,
1721884837.288,100,
1721884838.775,99,
1721884840.252,99,
1721884840.738,98,
1721884842.25,103,
1721884842.764,105,
1721884843.765,105,
1721884845.271,107,
1721884846.748,106,
1721884847.742,107,
1721884849.728,106,
1721884853.724,105,
1721884856.165,104,
1721884856.66,104,
1721884857.662,104,
1721884858.655,104,
1721884860.136,110,
1721884860.64,114,
1721884861.648,116,
1721884863.607,120,
1721884865.104,122,
1721884866.096,125,
1721884866.602,127,
1721884868.125,128,
1721884868.628,128,
1721884869.624,127,
1721884870.623,124,
1721884872.104,125,
1721884872.603,125,
1721884873.598,125,
1721884875.078,124,
1721884875.582,124,
1721884878.089,117,
1721884878.597,115,
1721884879.61,113,
1721884880.608,113,
1721884882.102,113,
1721884882.608,112,
1721884884.081,113,
1721884884.577,112,
1721884885.574,111,
1721884886.572,111,
1721884887.588,111,
1721884888.574,109,
1721884890.569,106,
1721884892.045,107,
1721884893.042,106,
1721884893.553,106,
1721884894.548,107,
1721884896.026,109,
1721884897.017,110,
1721884897.509,109,
1721884899.008,109,
1721884899.494,107,
1721884901.474,104,
1721884904.944,104,
1721884905.432,103,
1721884906.423,103,
1721884907.945,103,
1721884908.447,103,
1721884909.447,103,
1721884910.924,103,
1721884911.927,103,
1721884912.409,103,
1721884913.876,103,
1721884914.375,103,
1721884915.862,103,
1721884917.868,103,
1721884918.863,107,
1721884919.848,110,
1721884920.816,114,
1721884921.321,116,
1721884922.302,113,
1721884924.309,111,
1721884925.298,110,
1721884926.294,108,
1721884927.775,106,
1721884927.27,106,
1721884929.763,106,
1721884930.267,108,
1721884930.262,108,
1721884932.772,111,
1721884933.259,111,
1721884933.271,111,
1721884936.271,112,
1721884936.273,112,
1721884938.241,114,
1721884939.243,113,
1721884939.228,113,
1721884941.744,113,
1721884942.734,113,
1721884942.223,113,
1721884944.22,118,
1721884945.212,118,
1721884945.684,118,
1721884946.679,118,
1721884948.7,116,
1721884948.2,116,
1721884949.2,116,
1721884951.189,116,
1721884951.188,116,
1721884954.177,113,
1721884954.157,113,
1721884957.144,113,
1721884957.16,113,
1721884958.645,112,
1721884960.657,110,
1721884960.158,110,
1721884961.173,111,
1721884963.185,111,
1721884964.175,111,
1721884966.176,108,
1721884966.191,108,
1721884967.181,106,
1721884969.182,102,
1721884969.691,102,
1721884970.678,102,
1721884972.18,102,
1721884972.177,102,
1721884973.169,102,
1721884975.159,102,
1721884975.643,102,
1721884976.624,102,
1721884978.103,101,
1721884979.56,100,
1721884980.064,99,
1721884981.054,98,
1721884982.027,98,
1721884984.02,98,
1721884983.523,98,
1721884986.042,99,
1721884987.544,98,
1721884988.039,98,
1721884989.027,97,
1721884990.006,96,
1721884992.498,96,
1721884991.999,96,
1721884993.0,94,
1721884993.995,95,
1721884995.492,95,
1721884996.98,95,
1721884997.976,94,
1721884998.963,96,
1721885000.453,95,
1721885000.944,95,
1721885001.926,97,
1721885003.926,96,
1721885004.919,96,
1721885006.898,91,
1721885008.382,89,
1721885008.881,85,
1721885010.899,84,
1721885012.38,83,
1721885013.888,83,
1721885015.346,83,
1721885015.844,88,
1721885016.824,85,
1721885017.815,85,
1721885018.809,85,
1721885020.293,85,
1721885020.8,85,
1721885022.3,86,
1721885022.803,89,
1721885024.296,90,
1721885024.795,91,
1721885026.275,90,
1721885027.777,98,
1721885030.282,102,
1721885030.785,104,
1721885031.782,105,
1721885032.779,106,
1721885033.771,107,
1721885034.777,109,
1721885035.769,109,
1721885036.783,109,
1721885037.776,109,
1721885038.79,108,
1721885039.77,108,
1721885040.773,109,
1721885041.758,109,
1721885043.253,109,
1721885044.254,108,
1721885044.764,107,
1721885046.267,106,
1721885046.764,106,
1721885047.758,106,
1721885050.239,106,
1721885050.739,106,
1721885051.751,106,
1721885053.262,107,
1721885053.758,106,
1721885054.76,107,
1721885057.721,104,
1721885058.711,102,
1721885059.711,100,
1721885060.725,99,
1721885061.744,97,
1721885062.727,95,
1721885063.717,94,
1721885065.227,92,
1721885066.236,91,
1721885066.74,92,
1721885069.244,92,
1721885070.259,92,
1721885070.739,91,
1721885071.759,91,
1721885072.757,91,
1721885073.78,91,
1721885075.244,91,
1721885076.223,91,
1721885077.706,94,
1721885078.689,95,
1721885079.696,96,
1721885080.69,96,
1721885081.688,96,
1721885082.691,95,
1721885083.68,100,
1721885085.187,103,
1721885085.686,106,
1721885086.667,108,
1721885088.167,106,
1721885089.141,111,
1721885089.666,108,
1721885091.631,108,
1721885092.661,108,
1721885094.157,108,
1721885094.66,108,
1721885095.638,108,
1721885097.124,108,
1721885097.626,108,
1721885098.611,108,
1721885100.147,108,
1721885101.132,108,
1721885102.613,109,
1721885103.57,110,
1721885105.055,111,
1721885105.564,112,
1721885106.548,112,
1721885108.052,111,
1721885108.548,112,
1721885110.045,112,
1721885110.549,111,
1721885111.527,111,
1721885112.51,110,
1721885113.499,109,
1721885114.983,110,
1721885115.484,110,
1721885116.482,109,
1721885118.003,109,
1721885118.505,109,
1721885119.496,110,
1721885120.5,108,
1721885121.491,108,
1721885122.49,106,
1721885125.011,107,
1721885125.505,107,
1721885127.499,106,
1721885128.499,106,
1721885130.006,105,
1721885130.486,105,
1721885131.972,105,
1721885133.983,87,
1721885134.485,84,
1721885135.48,84,
1721885136.97,84,
1721885137.464,83,
1721885138.446,83,
1721885139.452,82,
1721885140.438,81,
1721885141.917,79,
1721885142.424,79,
1721885143.439,80,
1721885144.441,79,
1721885145.454,79,
1721885146.446,79,
1721885147.466,79,
1721885148.464,79,
1721885149.97,80,
1721885150.464,83,
1721885151.96,86,
1721885152.475,88,
1721885154.486,86,
1721885155.999,84,
1721885156.487,82,
1721885157.978,81,
1721885158.966,80,
1721885159.483,80,
1721885160.496,80,
1721885161.48,80,
1721885162.972,81,
1721885163.466,81,
1721885164.962,80,
1721885165.478,80,
1721885166.457,79,
1721885167.934,78,
1721885168.454,78,
1721885169.439,78,
1721885170.928,78,
1721885172.428,82,
1721885173.924,80,
1721885174.922,80,
1721885175.916,76,
1721885177.45,75,
1721885178.452,75,
1721885179.936,75,
1721885180.436,75,
1721885181.417,75,
1721885182.416,75,
1721885183.412,77,
1721885184.413,76,
1721885185.435,75,
1721885186.418,73,
1721885187.903,72,
1721885188.402,71,
1721885189.399,71,
1721885190.893,71,
1721885192.383,73,
1721885193.376,75,
1721885194.362,78,
1721885195.881,80,
1721885196.401,81,
1721885197.381,81,
1721885198.398,80,
1721885200.9,85,
1721885201.901,87,
1721885203.394,90,
1721885204.874,91,
1721885205.377,91,
1721885206.374,91,
1721885207.885,90,
1721885208.381,90,
1721885209.378,90,
1721885210.364,90,
1721885211.861,90,
1721885212.36,91,
1721885213.362,91,
1721885214.365,90,
1721885215.364,89,
1721885217.841,88,
1721885218.337,88,
1721885219.347,88,
1721885220.841,88,
1721885221.331,88,
1721885222.828,88,
1721885223.837,88,
1721885225.816,95,
1721885227.313,98,
1721885229.803,100,
1721885230.316,101,
1721885231.321,101,
1721885233.287,101,
1721885233.29,101,
1721885235.782,99,
1721885236.284,98,
1721885236.277,98,
1721885238.791,95,
1721885239.279,93,
1721885239.269,93,
1721885241.281,93,
1721885242.29,93,
1721885243.301,93,
1721885244.815,93,
1721885246.328,96,
1721885247.309,93,
1721885248.295,95,
1721885248.287,95,
1721885250.288,95,
1721885251.281,94,
1721885251.288,94,
1721885253.295,90,
1721885254.28,88,
1721885256.259,86,
1721885257.259,86,
1721885257.227,86,
1721885259.225,85,
1721885260.225,86,
1721885260.238,86,
1721885262.249,85,
1721885263.227,85,
1721885263.227,85,
1721885265.222,85,
1721885266.211,85,
1721885266.736,85,
1721885268.725,86,
1721885269.216,86,
1721885270.19,87,
1721885272.201,90,
1721885272.194,90,
1721885274.204,93,
1721885276.171,87,
1721885278.683,83,
1721885278.704,83,
1721885280.218,80,
1721885281.687,79,
1721885281.193,79,
1721885283.213,79,
1721885284.208,79,
1721885284.2,79,
1721885285.699,79,
1721885287.185,79,
1721885287.173,79,
1721885288.175,82,
1721885290.172,84,
1721885290.161,84,
1721885291.647,85,
1721885293.648,86,
1721885293.152,86,
1721885294.138,86,
1721885296.15,83,
1721885296.157,83,
1721885297.139,84,
1721885299.133,83,
1721885299.14,83,
1721885300.643,83,
1721885302.671,84,
1721885302.659,84,
1721885303.662,84,
1721885305.149,82,
1721885305.164,82,
1721885306.164,82,
1721885308.179,82,
1721885308.176,82,
1721885309.177,82,
1721885311.142,80,
1721885311.146,80,
1721885312.149,81,
1721885314.168,82,
1721885314.679,82,
1721885315.176,82,
1721885317.17,80,
1721885317.161,80,
1721885318.163,80,
1721885320.141,83,
1721885320.156,83,
1721885321.164,84,
1721885323.171,84,
1721885323.188,84,
1721885324.183,84,
1721885326.664,82,
1721885329.179,82,
1721885330.151,82,
1721885332.155,82,
1721885332.156,82,
1721885333.63,82,
1721885335.144,81,
1721885335.655,81,
1721885336.148,80,
1721885338.152,78,
1721885338.146,78,
1721885339.126,77,
1721885341.111,77,
1721885341.093,77,
1721885342.087,77,
1721885343.08,77,
1721885344.07,77,
1721885345.067,77,
1721885346.095,77,
1721885347.092,77,
1721885348.078,77,
1721885349.08,77,
1721885353.992,83,
1721885355.005,83,
1721885355.981,88,
1721885358.505,90,
1721885358.006,93,
1721885359.014,90,
1721885360.038,93,
1721885362.488,91,
1721885363.004,91,
1721885364.482,91,
1721885365.504,90,
1721885366.008,90,
1721885367.496,90,
1721885367.998,90,
1721885369.488,90,
1721885371.004,90,
1721885372.479,90,
1721885374.501,89,
1721885374.001,87,
1721885375.502,86,
1721885375.999,85,
1721885377.49,85,
1721885377.991,85,
1721885379.51,85,
1721885380.013,84,
1721885382.019,84,
1721885381.02,84,
1721885383.033,83,
1721885385.041,82,
1721885386.533,82,
1721885387.019,82,
1721885390.535,87,
1721885391.037,88,
1721885393.51,90,
1721885394.019,89,
1721885395.007,89,
1721885396.017,88,
1721885397.01,88,
1721885398.482,87,
1721885399.976,86,
1721885400.945,86,
1721885401.953,86,
1721885402.967,86,
1721885403.938,86,
1721885404.959,87,
1721885405.942,86,
1721885406.958,86,
1721885408.463,85,
1721885408.962,85,
1721885410.463,86,
1721885410.955,87,
1721885411.937,88,
1721885412.929,88,
1721885414.434,88,
1721885415.405,87,
1721885415.899,86,
1721885416.899,85,
1721885417.895,86,
1721885419.379,86,
1721885419.89,87,
1721885420.898,87,
1721885421.898,87,
1721885422.92,86,
1721885423.888,86,
1721885424.883,86,
1721885425.861,86,
1721885427.366,86,
1721885428.87,86,
1721885429.846,88,
1721885430.833,89,
1721885432.838,91,
1721885433.834,92,
1721885434.842,93,
1721885435.832,94,
1721885437.327,93,
1721885437.847,93,
1721885438.849,93,
1721885439.858,89,
1721885441.345,87,
1721885442.336,86,
1721885442.833,86,
1721885443.815,86,
1721885444.826,87,
1721885445.838,88,
1721885447.846,87,
1721885448.877,87,
1721885450.385,85,
1721885450.882,85,
1721885453.387,86,
1721885453.88,87,
1721885454.868,89,
1721885455.879,90,
1721885457.386,91,
1721885457.886,91,
1721885459.882,90,
1721885460.849,90,
1721885462.33,89,
1721885463.311,89,
1721885463.816,89,
1721885465.313,88,
1721885465.808,89,
1721885466.798,89,
1721885468.295,89,
1721885469.801,88,
1721885471.286,87,
1721885471.788,87,
1721885472.798,87,
1721885473.824,87,
1721885474.828,88,
1721885476.832,88,
1721885477.842,88,
1721885479.794,86,
1721885480.808,85,
1721885482.291,84,
1721885482.778,83,
1721885483.761,83,
1721885487.224,82,
1721885489.209,85,
1721885489.707,86,
1721885490.698,85,
1721885492.184,85,
1721885493.172,85,
1721885494.652,85,
1721885496.176,85,
1721885498.69,87,
1721885500.176,88,
1721885501.164,87,
1721885502.671,87,
1721885505.634,89,
1721885506.636,91,
1721885508.141,92,
1721885509.649,94,
1721885511.124,95,
1721885512.607,96,
1721885513.601,98,
1721885514.571,99,
1721885516.084,100,
1721885516.579,101,
1721885518.062,101,
1721885518.561,101,
1721885519.563,102,
1721885520.566,102,
1721885521.545,102,
1721885522.548,101,
1721885523.556,100,
1721885524.549,99,
1721885525.539,99,
1721885527.036,99,
1721885527.526,98,
1721885529.021,99,
1721885530.037,98,
1721885530.533,98,
1721885532.014,98,
1721885532.503,98,
1721885533.525,98,
1721885535.014,91,
1721885535.517,89,
1721885537.019,87,
1721885537.524,86,
1721885538.538,87,
1721885540.013,87,
1721885540.504,89,
1721885541.506,90,
1721885542.512,89,
1721885543.516,89,
1721885545.027,86,
1721885545.536,83,
1721885547.035,81,
1721885547.538,80,
1721885548.524,79,
1721885549.507,79,
1721885550.504,80,
1721885551.508,81,
1721885553.507,81,
1721885553.005,81,
1721885554.507,80,
1721885555.502,80,
1721885556.528,80,
1721885557.519,80,
1721885560.037,80,
1721885561.028,80,
1721885561.525,80,
1721885563.006,80,
1721885563.502,80,
1721885565.011,81,
1721885566.009,80,
1721885566.499,81,
1721885567.5,81,
1721885568.489,82,
1721885569.49,82,
1721885570.483,81,
1721885572.503,82,
1721885573.49,80,
1721885574.495,81,
1721885575.492,79,
1721885577.481,79,
1721885578.501,81,
1721885580.0,79,
1721885580.499,79,
1721885581.479,79,
1721885582.502,85,
1721885583.465,81,
1721885584.455,85,
1721885585.461,84,
1721885586.464,84,
1721885587.454,83,
1721885588.451,82,
1721885589.928,82,
1721885590.407,81,
1721885591.418,82,
1721885592.436,82,
1721885593.444,82,
1721885594.437,81,
1721885595.96,81,
1721885597.457,78,
1721885598.465,77,
1721885599.477,76,
1721885600.464,76,
1721885601.46,77,
1721885602.97,78,
1721885604.446,77,
1721885605.945,77,
1721885606.438,77,
1721885607.465,77,
1721885608.459,77,
1721885610.466,82,
1721885609.453,77,
1721885612.499,78,
1721885613.498,80,
1721885614.962,78,
1721885615.46,77,
1721885616.455,77,
1721885617.447,77,
1721885618.445,77,
1721885619.442,77,
1721885620.426,82,
1721885622.416,87,
1721885623.899,87,
1721885624.397,87,
1721885625.386,86,
1721885626.893,84,
1721885627.888,83,
1721885628.38,84,
1721885629.871,83,
1721885630.865,83,
1721885631.372,87,
1721885632.865,88,
1721885633.87,86,
1721885634.879,91,
1721885635.364,86,
1721885636.355,86,
1721885637.868,85,
1721885638.361,85,
1721885639.84,86,
1721885640.358,86,
1721885642.868,87,
1721885643.363,87,
1721885644.373,86,
1721885645.86,86,
1721885646.367,85,
1721885648.867,83,
1721885649.379,83,
1721885650.383,82,
1721885652.393,82,
1721885654.39,82,
1721885655.402,85,
1721885656.399,83,
1721885657.407,83,
1721885658.411,82,
1721885659.899,81,
1721885660.881,81,
1721885661.378,82,
1721885662.854,83,
1721885663.851,84,
1721885664.358,85,
1721885666.363,84,
1721885667.842,84,
1721885668.35,84,
1721885669.364,84,
1721885670.372,85,
1721885671.881,85,
1721885672.379,85,
1721885673.371,84,
1721885674.35,83,
1721885675.847,82,
1721885676.865,82,
1721885677.355,83,
1721885678.841,84,
1721885681.344,83,
1721885682.327,82,
1721885683.329,82,
1721885684.343,81,
1721885685.34,81,
1721885686.347,81,
1721885687.347,81,
1721885688.349,81,
1721885689.857,80,
1721885690.366,81,
1721885691.375,81,
1721885692.372,82,
1721885693.366,82,
1721885694.361,82,
1721885695.34,82,
1721885696.852,83,
1721885698.333,84,
1721885699.347,85,
1721885700.327,84,
1721885701.811,84,
1721885704.285,86,
1721885706.256,87,
1721885707.255,87,
1721885707.251,87,
1721885709.222,87,
1721885710.249,86,
1721885710.247,86,
1721885712.728,86,
1721885713.228,87,
1721885713.205,87,
1721885715.204,87,
1721885716.692,87,
1721885716.681,87,
1721885717.185,87,
1721885719.184,87,
1721885719.187,87,
1721885720.175,87,
1721885722.153,87,
1721885722.15,87,
1721885723.138,87,
1721885725.129,87,
1721885729.061,84,
1721885730.078,84,
1721885731.083,83,
1721885732.083,83,
1721885733.546,83,
1721885734.044,83,
1721885735.059,83,
1721885736.059,81,
1721885737.052,81,
1721885738.526,81,
1721885739.029,82,
1721885740.023,82,
1721885742.018,82,
1721885744.012,82,
1721885745.003,82,
1721885746.513,84,
1721885746.022,85,
1721885747.026,88,
1721885748.037,89,
1721885749.048,90,
1721885750.071,91,
1721885753.084,90,
1721885754.08,92,
1721885755.078,90,
1721885756.055,90,
1721885757.061,90,
1721885758.039,90,
1721885759.04,90,
1721885760.041,86,
1721885761.055,84,
1721885763.536,82,
1721885764.022,81,
1721885765.046,81,
1721885766.045,81,
1721885767.532,81,
1721885769.022,83,
1721885771.497,88,
1721885771.997,85,
1721885772.999,90,
1721885774.485,91,
1721885775.482,94,
1721885780.452,87,
1721885780.95,86,
1721885781.907,86,
1721885783.416,86,
1721885783.92,87,
1721885785.42,87,
1721885786.414,87,
1721885787.4,86,
1721885787.889,89,
1721885788.887,90,
1721885789.883,92,
1721885790.865,90,
1721885791.867,90,
1721885792.863,90,
1721885794.346,85,
1721885794.847,83,
1721885795.846,81,
1721885796.86,80,
1721885797.841,79,
1721885798.838,80,
1721885800.328,80,
1721885801.802,82,
1721885802.816,83,
1721885804.312,82,
1721885804.822,82,
1721885807.346,80,
1721885807.845,79,
1721885808.838,79,
1721885809.841,78,
1721885810.838,78,
1721885811.841,78,
1721885813.85,78,
1721885814.849,82,
1721885816.318,84,
1721885817.336,88,
1721885817.839,90,
1721885818.817,91,
1721885820.305,91,
1721885820.809,91,
1721885821.788,90,
1721885822.79,90,
1721885823.772,90,
1721885824.772,89,
1721885825.762,89,
1721885827.257,88,
1721885827.757,86,
1721885828.765,86,
1721885830.258,85,
1721885831.239,85,
1721885832.247,85,
1721885833.248,85,
1721885833.751,84,
1721885835.726,82,
1721885837.706,81,
1721885836.715,81,
1721885838.684,81,
1721885840.194,82,
1721885840.683,83,
1721885841.658,82,
1721885842.63,82,
1721885843.636,80,
1721885846.13,78,
1721885846.616,77,
1721885847.609,77,
1721885848.616,77,
1721885850.123,77,
1721885850.627,77,
1721885851.638,79,
1721885852.646,80,
1721885854.638,80,
1721885855.641,80,
1721885856.619,80,
1721885857.61,80,
1721885858.6,81,
1721885859.613,82,
1721885862.07,84,
1721885862.581,84,
1721885863.585,83,
1721885865.1,83,
1721885866.097,82,
1721885867.086,81,
1721885868.087,80,
1721885868.563,79,
1721885869.56,78,
1721885870.567,78,
1721885871.562,78,
1721885874.055,82,
1721885874.562,82,
1721885875.555,81,
1721885877.57,79,
1721885879.07,78,
1721885880.052,78,
1721885881.053,79,
1721885881.562,81,
1721885883.579,81,
1721885884.545,81,
1721885886.534,86,
1721885887.529,86,
1721885888.538,86,
1721885889.541,85,
1721885890.52,85,
1721885892.005,85,
1721885892.513,85,
1721885894.483,85,
1721885893.502,85,
1721885895.486,85,
1721885896.479,85,
1721885897.478,90,
1721885898.475,87,
1721885899.468,87,
1721885903.951,81,
1721885904.953,80,
1721885905.465,80,
1721885906.453,80,
1721885907.474,80,
1721885908.466,85,
1721885909.467,86,
1721885910.467,88,
1721885911.45,88,
1721885912.962,89,
1721885913.454,88,
1721885914.953,87,
1721885916.458,84,
1721885918.941,81,
1721885919.43,81,
1721885920.944,81,
1721885921.444,81,
1721885923.437,81,
1721885924.438,81,
1721885926.902,79,
1721885928.4,81,
1721885929.417,81,
1721885930.421,81,
1721885931.42,80,
1721885932.417,79,
1721885933.416,79,
1721885934.431,80,
1721885935.447,81,
1721885936.954,80,
1721885937.448,80,
1721885938.458,80,
1721885939.425,85,
1721885940.458,87,
1721885941.476,85,
1721885942.483,85,
1721885943.484,83,
1721885944.475,81,
1721885945.473,80,
1721885946.479,80,
1721885947.503,80,
1721885948.502,80,
1721885949.498,80,
1721885950.494,83,
1721885951.999,84,
1721885953.005,84,
1721885953.515,83,
1721885954.49,83,
1721885955.484,83,
1721885956.489,82,
1721885958.449,80,
1721885959.417,79,
1721885960.424,79,
1721885961.402,79,
1721885962.391,79,
1721885963.39,80,
1721885964.383,82,
1721885965.403,82,
1721885966.39,83,
1721885967.38,82,
1721885968.376,81,
1721885969.855,81,
1721885970.334,80,
1721885971.321,79,
1721885971.324,79,
1721885973.316,78,
1721885974.327,78,
1721885974.809,78,
1721885976.812,80,
1721885977.31,81,
1721885980.309,81,
1721885980.294,81,
1721885982.771,80,
1721885983.282,79,
1721885983.785,79,
1721885985.264,79,
1721885986.259,79,
1721885986.254,79,
1721885988.733,80,
1721885989.746,81,
1721885989.72,81,
1721885990.227,79,
1721885992.214,76,
1721885992.207,76,
1721885993.225,75,
1721885995.719,75,
1721885995.228,75,
1721885996.212,74,
1721885998.216,74,
1721885998.71,74,
1721885999.706,84,
1721886001.19,84,
1721886004.177,86,
1721886005.151,87,
1721886007.162,89,
1721886007.166,89,
1721886008.153,89,
1721886010.163,90,
1721886010.145,90,
1721886011.137,89,
1721886012.117,89,
1721886014.1,89,
1721886015.099,89,
1721886016.077,87,
1721886017.564,86,
1721886019.054,86,
1721886020.058,88,
1721886021.059,89,
1721886022.052,89,
1721886023.564,90,
1721886024.066,90,
1721886025.059,89,
1721886027.059,90,
1721886028.546,90,
1721886029.569,89,
1721886030.061,89,
1721886031.083,86,
1721886032.087,85,
1721886033.093,83,
1721886034.112,84,
1721886035.091,83,
1721886036.1,84,
1721886037.605,85,
1721886038.09,87,
1721886039.095,88,
1721886040.102,87,
1721886041.093,88,
1721886042.08,86,
1721886043.1,85,
1721886044.085,84,
1721886045.101,83,
1721886046.085,82,
1721886047.56,82,
1721886048.53,82,
1721886049.042,83,
1721886054.013,87,
1721886055.02,87,
1721886056.005,87,
1721886057.008,86,
1721886058.01,86,
1721886058.968,83,
1721886059.985,82,
1721886062.483,81,
1721886062.968,81,
1721886063.968,81,
1721886064.972,80,
1721886066.455,81,
1721886066.972,81,
1721886068.465,82,
1721886069.449,81,
1721886069.954,81,
1721886071.938,81,
1721886073.947,81,
1721886075.443,81,
1721886076.962,81,
1721886077.931,81,
1721886079.425,81,
1721886080.426,81,
1721886080.92,81,
1721886081.92,81,
1721886083.427,81,
1721886083.94,81,
1721886085.445,81,
1721886085.95,81,
1721886086.939,81,
1721886087.951,81,
1721886089.942,81,
1721886090.943,81,
1721886092.44,86,
1721886093.467,88,
1721886093.961,90,
1721886094.971,91,
1721886095.971,93,
1721886096.954,95,
1721886097.978,96,
1721886098.977,98,
1721886099.985,99,
1721886102.457,98,
1721886103.944,95,
1721886104.952,94,
1721886105.94,92,
1721886106.933,91,
1721886107.933,92,
1721886109.439,91,
1721886109.943,91,
1721886110.955,91,
1721886112.955,94,
1721886113.944,95,
1721886114.957,96,
1721886116.439,96,
1721886116.947,96,
1721886117.927,96,
1721886118.929,95,
1721886119.932,94,
1721886122.428,90,
1721886122.922,88,
1721886123.929,87,
1721886124.951,86,
1721886125.965,86,
1721886126.961,85,
1721886127.971,85,
1721886129.99,85,
1721886131.002,85,
1721886132.51,86,
1721886133.006,85,
1721886133.984,87,
1721886135.482,88,
1721886135.99,89,
1721886136.95,89,
1721886137.938,91,
1721886138.961,91,
1721886139.962,92,
1721886140.978,91,
1721886141.988,91,
1721886143.485,91,
1721886144.487,87,
1721886145.488,86,
1721886145.995,85,
1721886146.023,85,
1721886148.01,84,
1721886149.009,84,
1721886149.997,84,
1721886150.996,85,
1721886152.971,86,
1721886153.961,86,
1721886154.969,85,
1721886156.457,86,
1721886156.963,85,
1721886157.96,85,
1721886159.47,85,
1721886159.971,86,
1721886160.972,85,
1721886161.964,85,
1721886162.958,85,
1721886163.96,81,
1721886164.943,81,
1721886166.948,80,
1721886167.927,81,
1721886168.913,80,
1721886169.893,83,
1721886171.417,81,
1721886171.919,87,
1721886172.928,83,
1721886174.434,82,
1721886174.948,80,
1721886175.951,80,
1721886176.933,79,
1721886178.428,80,
1721886179.913,82,
1721886181.411,83,
1721886182.423,83,
1721886182.907,83,
1721886183.893,82,
1721886184.883,81,
1721886186.362,81,
1721886186.853,81,
1721886187.858,81,
1721886188.865,82,
1721886189.831,82,
1721886190.816,80,
1721886191.823,80,
1721886193.305,80,
1721886194.305,80,
1721886194.824,80,
1721886195.814,81,
1721886196.829,81,
1721886197.824,83,
1721886198.837,84,
1721886200.35,84,
1721886200.841,83,
1721886201.857,84,
1721886202.86,83,
1721886204.361,83,
1721886204.87,83,
1721886205.86,80,
1721886206.865,81,
1721886207.854,80,
1721886208.857,80,
1721886209.873,81,
1721886211.365,82,
1721886211.858,84,
1721886212.85,82,
1721886213.859,88,
1721886216.332,83,
1721886217.342,81,
1721886217.842,80,
1721886218.862,78,
1721886219.857,77,
1721886220.854,76,
1721886222.337,76,
1721886222.84,78,
1721886223.831,80,
1721886224.805,80,
1721886226.295,81,
1721886227.309,80,
1721886227.809,81,
1721886229.291,81,
1721886229.823,81,
1721886230.788,81,
1721886233.817,80,
1721886234.816,80,
1721886235.811,80,
1721886236.79,80,
1721886237.802,80,
1721886238.802,79,
1721886239.789,79,
1721886241.296,79,
1721886241.791,79,
1721886242.777,79,
1721886243.751,79,
1721886244.764,79,
1721886245.788,77,
1721886246.791,77,
1721886249.293,77,
1721886249.78,77,
1721886251.79,78,
1721886252.765,79,
1721886254.277,80,
1721886254.777,82,
1721886255.767,83,
1721886256.763,82,
1721886257.746,82,
1721886258.744,81,
1721886259.729,80,
1721886260.736,79,
1721886261.743,79,
1721886262.734,79,
1721886263.736,80,
1721886264.745,81,
1721886265.744,81,
1721886266.744,83,
1721886267.749,84,
1721886268.764,84,
1721886270.781,86,
1721886271.813,86,
1721886272.813,86,
1721886273.829,86,
1721886274.827,86,
1721886276.302,86,
1721886278.287,87,
1721886279.768,90,
1721886280.78,90,
1721886281.774,89,
1721886282.763,92,
1721886283.763,92,
1721886286.287,96,
1721886287.3,97,
1721886287.79,98,
1721886288.772,98,
1721886289.791,97,
1721886291.296,97,
1721886291.783,97,
1721886293.259,97,
1721886293.759,97,
1721886294.765,97,
1721886295.783,96,
1721886296.782,97,
1721886297.791,97,
1721886298.796,97,
1721886300.313,96,
1721886300.808,96,
1721886303.809,90,
1721886304.813,90,
1721886305.806,90,
1721886306.801,92,
1721886307.785,92,
1721886309.297,93,
1721886310.293,93,
1721886310.804,93,
1721886311.785,93,
1721886313.777,95,
1721886314.751,96,
1721886315.726,96,
1721886316.729,95,
1721886318.213,95,
1721886319.725,95,
1721886320.708,95,
1721886321.719,95,
1721886322.721,95,
1721886323.725,95,
1721886325.21,96,
1721886325.712,95,
1721886328.178,95,
1721886329.71,94,
1721886330.709,93,
1721886331.71,92,
1721886333.224,92,
1721886334.7,94,
1721886335.693,95,
1721886337.177,95,
1721886337.674,95,
1721886339.156,95,
1721886339.652,95,
1721886340.653,95,
1721886341.639,95,
1721886342.617,95,
1721886343.604,94,
1721886344.613,95,
1721886345.615,95,
1721886346.615,95,
1721886347.607,95,
1721886348.599,95,
1721886349.605,94,
1721886351.105,93,
1721886351.59,92,
1721886353.095,91,
1721886353.598,91,
1721886354.598,91,
1721886355.58,91,
1721886356.581,92,
1721886358.081,91,
1721886358.574,91,
1721886359.584,91,
1721886360.566,91,
1721886361.577,90,
1721886363.071,90,
1721886363.577,89,
1721886364.587,89,
1721886365.591,89,
1721886367.588,89,
1721886368.585,89,
1721886369.59,91,
1721886370.589,90,
1721886371.583,90,
1721886372.571,89,
1721886373.563,88,
1721886375.056,88,
1721886378.537,87,
1721886379.538,86,
1721886380.545,85,
1721886382.051,85,
1721886382.54,85,
1721886383.542,85,
1721886384.542,85,
1721886385.568,83,
1721886386.573,83,
1721886387.565,82,
1721886388.552,82,
1721886389.552,82,
1721886390.534,82,
1721886391.513,80,
1721886393.029,79,
1721886393.529,77,
1721886395.027,75,
1721886395.519,74,
1721886396.53,74,
1721886397.521,75,
1721886398.529,76,
1721886399.526,77,
1721886400.543,76,
1721886401.547,76,
1721886403.522,76,
1721886405.036,76,
1721886407.021,73,
1721886407.531,73,
1721886408.522,73,
1721886410.546,73,
1721886411.539,73,
1721886412.55,77,
1721886413.55,80,
1721886415.049,81,
1721886415.555,79,
1721886417.051,79,
1721886418.052,78,
1721886419.068,78,
1721886419.568,78,
1721886420.546,78,
1721886422.028,78,
1721886422.528,78,
1721886423.509,78,
1721886424.502,78,
1721886425.503,82,
1721886426.488,80,
1721886427.51,81,
1721886429.019,81,
1721886430.037,80,
1721886430.544,79,
1721886431.554,78,
1721886433.568,76,
1721886435.045,75,
1721886436.547,74,
1721886437.55,74,
1721886438.535,74,
1721886440.025,74,
1721886440.537,84,
1721886441.532,80,
1721886442.544,80,
1721886443.55,81,
1721886444.545,80,
1721886445.545,80,
1721886446.537,80,
1721886448.036,81,
1721886448.532,81,
1721886449.535,82,
1721886450.544,81,
1721886452.02,84,
1721886453.526,84,
1721886454.528,84,
1721886455.561,84,
1721886456.579,81,
1721886457.563,79,
1721886459.057,79,
1721886459.546,79,
1721886460.544,79,
1721886462.046,82,
1721886462.549,83,
1721886464.026,81,
1721886464.523,81,
1721886465.501,79,
1721886466.51,78,
1721886468.021,76,
1721886469.009,76,
1721886469.496,75,
1721886470.532,76,
1721886471.525,78,
1721886472.542,79,
1721886473.529,79,
1721886475.046,80,
1721886475.551,80,
1721886476.553,81,
1721886478.056,80,
1721886479.55,78,
1721886480.559,79,
1721886481.55,79,
1721886482.541,80,
1721886485.043,82,
1721886485.54,83,
1721886487.047,85,
1721886487.544,86,
1721886488.543,86,
1721886489.543,85,
1721886490.567,84,
1721886491.573,83,
1721886492.542,83,
1721886493.55,82,
1721886494.532,82,
1721886495.543,82,
1721886496.542,82,
1721886497.528,80,
1721886498.527,81,
1721886499.527,80,
1721886501.007,79,
1721886503.023,78,
1721886503.514,79,
1721886504.524,79,
1721886505.535,79,
1721886506.521,80,
1721886507.512,80,
1721886509.015,80,
1721886509.526,80,
1721886511.013,79,
1721886511.508,78,
1721886513.541,79,
1721886514.529,79,
1721886516.052,80,
1721886517.054,81,
1721886517.544,81,
1721886519.021,82,
1721886519.531,82,
1721886520.519,82,
1721886521.522,81,
1721886522.539,84,
1721886523.548,85,
1721886524.533,87,
1721886525.547,88,
1721886526.541,88,
1721886528.036,90,
1721886528.531,91,
1721886529.539,92,
1721886530.537,93,
1721886531.537,94,
1721886533.029,94,
1721886533.537,95,
1721886534.542,95,
1721886536.057,94,
1721886536.565,93,
1721886537.561,93,
1721886538.591,91,
1721886540.092,89,
1721886540.586,88,
1721886541.604,86,
1721886542.602,87,
1721886543.597,86,
1721886544.593,87,
1721886545.604,86,
1721886546.581,85,
1721886547.564,84,
1721886548.554,83,
1721886550.07,83,
1721886550.567,83,
1721886552.074,83,
1721886552.572,83,
1721886555.086,87,
1721886556.06,88,
1721886556.555,90,
1721886557.552,91,
1721886558.53,92,
1721886559.505,93,
1721886561.499,92,
1721886562.507,88,
1721886563.521,87,
1721886565.963,84,
1721886567.944,82,
1721886569.462,82,
1721886570.975,83,
1721886571.471,84,
1721886572.455,85,
1721886573.973,86,
1721886574.469,86,
1721886575.449,87,
1721886577.454,88,
1721886579.459,89,
1721886580.453,89,
1721886581.454,89,
1721886582.446,89,
1721886583.93,88,
1721886584.435,88,
1721886585.427,88,
1721886587.412,85,
1721886588.426,84,
1721886589.404,83,
1721886590.381,84,
1721886591.38,85,
1721886592.39,85,
1721886594.37,86,
1721886595.856,85,
1721886596.365,86,
1721886597.352,86,
1721886598.345,86,
1721886599.341,87,
1721886600.364,87,
1721886601.834,87,
1721886602.846,87,
1721886603.338,87,
1721886604.802,85,
1721886604.287,85,
1721886606.286,84,
1721886607.307,84,
1721886607.81,84,
1721886609.302,85,
1721886610.304,84,
1721886610.304,84,
1721886612.322,85,
1721886613.297,85,
1721886613.261,85,
1721886615.254,85,
1721886616.254,84,
1721886616.727,84,
1721886617.225,84,
1721886619.232,84,
1721886619.728,84,
1721886620.217,84,
1721886622.725,84,
1721886622.205,84,
1721886623.181,85,
1721886625.182,85,
1721886625.171,85,
1721886626.154,85,
1721886628.647,84,
1721886628.652,84,
1721886629.164,83,
1721886631.664,82,
1721886632.149,82,
1721886634.147,81,
1721886634.663,81,
1721886635.187,81,
1721886637.18,81,
1721886638.173,81,
1721886640.147,81,
1721886640.655,81,
1721886641.667,81,
1721886643.667,81,
1721886643.167,81,
1721886644.182,80,
1721886646.18,76,
1721886646.653,76,
1721886647.148,76,
1721886649.172,78,
1721886649.203,78,
1721886650.181,80,
1721886652.152,80,
1721886652.651,80,
1721886655.636,79,
1721886655.137,79,
1721886656.11,79,
1721886657.111,78,
1721886658.089,78,
1721886659.1,77,
1721886660.109,77,
1721886661.106,76,
1721886662.577,77,
1721886664.054,78,
1721886665.056,78,
1721886666.059,77,
1721886667.575,75,
1721886668.567,74,
1721886669.068,73,
1721886670.063,73,
1721886671.552,74,
1721886672.058,75,
1721886674.051,74,
1721886677.005,74,
1721886678.989,77,
1721886679.983,79,
1721886680.967,80,
1721886681.953,80,
1721886682.975,80,
1721886683.985,80,
1721886685.005,79,
1721886685.992,78,
1721886687.975,75,
1721886689.965,74,
1721886688.966,73,
1721886691.451,75,
1721886691.939,76,
1721886692.938,77,
1721886693.934,77,
1721886694.942,77,
1721886696.423,78,
1721886696.913,78,
1721886698.413,78,
1721886698.924,78,
1721886699.915,79,
1721886701.404,79,
1721886703.4,81,
1721886703.891,82,
1721886705.912,84,
1721886706.875,85,
1721886707.885,86,
1721886708.89,86,
1721886710.377,86,
1721886711.898,85,
1721886713.381,84,
1721886713.869,83,
1721886715.379,83,
1721886715.89,82,
1721886716.907,82,
1721886717.908,82,
1721886719.429,82,
1721886719.91,82,
1721886720.915,82,
1721886722.418,81,
1721886723.426,82,
1721886724.424,82,
1721886724.934,82,
1721886725.925,82,
1721886727.934,81,
1721886728.942,81,
1721886730.435,81,
1721886730.922,81,
1721886731.923,81,
1721886732.921,81,
1721886733.935,81,
1721886735.44,83,
1721886735.944,84,
1721886736.934,84,
1721886737.928,85,
1721886738.923,85,
1721886739.913,86,
1721886741.435,86,
1721886741.943,85,
1721886743.474,84,
1721886743.978,83,
1721886744.984,82,
1721886745.974,81,
1721886746.976,81,
1721886748.456,81,
1721886748.947,79,
1721886749.932,80,
1721886751.414,79,
1721886751.903,79,
1721886752.912,82,
1721886754.931,82,
1721886755.926,82,
1721886756.927,83,
1721886758.456,83,
1721886758.938,85,
1721886759.94,86,
1721886760.933,87,
1721886761.921,86,
1721886763.405,86,
1721886763.902,83,
1721886764.893,83,
1721886766.403,82,
1721886766.911,82,
1721886768.932,82,
1721886769.93,81,
1721886770.948,81,
1721886771.935,82,
1721886772.951,82,
1721886774.435,83,
1721886775.416,84,
1721886776.405,84,
1721886776.897,84,
1721886777.899,84,
1721886779.399,83,
1721886780.408,83,
1721886781.893,85,
1721886782.885,86,
1721886783.871,87,
1721886785.373,86,
1721886785.859,86,
1721886786.848,85,
1721886787.824,84,
1721886789.33,84,
1721886789.821,83,
1721886791.307,83,
1721886792.3,83,
1721886792.803,85,
1721886793.818,86,
1721886794.819,87,
1721886795.827,88,
1721886796.822,88,
1721886797.821,88,
1721886798.825,87,
1721886799.823,86,
1721886800.837,87,
1721886802.807,87,
1721886804.297,88,
1721886804.794,88,
1721886805.785,88,
1721886807.789,89,
1721886809.3,89,
1721886809.803,88,
1721886810.811,86,
1721886813.811,84,
1721886814.803,85,
1721886815.805,86,
1721886816.81,87,
1721886817.809,88,
1721886819.282,89,
1721886819.789,89,
1721886820.799,87,
1721886821.81,87,
1721886822.793,86,
1721886823.783,85,
1721886824.777,85,
1721886825.747,84,
1721886826.755,83,
1721886828.757,82,
1721886829.76,82,
1721886830.733,82,
1721886831.71,82,
1721886832.707,80,
1721886833.698,80,
1721886834.711,80,
1721886835.692,80,
1721886837.18,80,
1721886837.675,80,
1721886838.659,80,
1721886839.682,80,
1721886840.671,80,
1721886841.659,79,
1721886842.668,79,
1721886843.684,79,
1721886845.205,78,
1721886845.695,78,
1721886846.706,77,
1721886847.705,76,
1721886850.196,76,
1721886850.694,76,
1721886851.703,76,
1721886852.68,85,
1721886853.68,85,
1721886855.172,83,
1721886855.672,83,
1721886856.679,76,
1721886857.661,80,
1721886858.651,75,
1721886860.652,75,
1721886859.649,75,
1721886861.651,75,
1721886862.648,74,
1721886863.637,75,
1721886865.127,77,
1721886865.612,76,
1721886867.585,81,
1721886868.573,81,
1721886870.062,81,
1721886870.575,81,
1721886871.568,80,
1721886873.058,80,
1721886874.054,80,
1721886874.544,79,
1721886875.541,79,
1721886876.532,79,
1721886878.041,80,
1721886878.551,81,
1721886879.533,81,
1721886880.53,81,
1721886881.535,81,
1721886882.531,80,
1721886883.524,80,
1721886885.017,81,
1721886885.514,82,
1721886886.528,81,
1721886888.062,86,
1721886888.564,87,
1721886891.086,89,
1721886891.576,89,
1721886892.581,89,
1721886893.568,88,
1721886895.051,86,
1721886895.544,84,
1721886897.536,82,
1721886899.05,81,
1721886899.545,81,
1721886900.567,81,
1721886903.515,83,
1721886905.524,82,
1721886907.484,78,
1721886908.467,77,
1721886909.48,75,
1721886910.97,74,
1721886911.968,73,
1721886912.467,73,
1721886913.977,74,
1721886914.48,75,
1721886915.465,76,
1721886917.45,75,
1721886916.453,76,
1721886918.436,75,
1721886919.936,79,
1721886920.452,77,
1721886921.462,83,
1721886922.465,82,
1721886923.452,84,
1721886924.449,83,
1721886925.434,83,
1721886926.942,83,
1721886927.44,84,
1721886928.937,84,
1721886929.427,85,
1721886932.887,82,
1721886933.394,81,
1721886934.395,80,
1721886935.396,79,
1721886936.411,78,
1721886937.414,77,
1721886938.398,77,
1721886939.393,78,
1721886940.403,78,
1721886941.417,79,
1721886942.395,79,
1721886943.394,78,
1721886944.901,78,
1721886945.417,78,
1721886946.418,77,
1721886947.9,77,
1721886948.898,77,
1721886949.897,76,
1721886950.393,76,
1721886951.908,76,
1721886952.914,76,
1721886953.409,76,
1721886954.416,81,
1721886955.928,78,
1721886956.429,82,
1721886957.458,81,
1721886958.447,82,
1721886959.407,83,
1721886960.394,84,
1721886961.378,84,
1721886962.397,84,
1721886963.378,83,
1721886964.392,81,
1721886965.392,81,
1721886966.406,81,
1721886967.408,81,
1721886968.41,81,
1721886969.414,83,
1721886970.411,84,
1721886971.91,86,
1721886972.421,84,
1721886974.457,84,
1721886973.432,85,
1721886975.947,83,
1721886977.425,80,
1721886978.932,79,
1721886979.927,79,
1721886980.424,79,
1721886981.445,80,
1721886982.439,80,
1721886983.419,81,
1721886984.416,81,
1721886985.418,81,
1721886986.898,81,
1721886987.398,81,
1721886988.391,80,
1721886989.381,80,
1721886990.387,80,
1721886992.377,80,
1721886993.384,80,
1721886994.382,79,
1721886995.858,79,
1721886997.855,79,
1721886998.345,81,
1721886999.335,82,
1721887000.82,81,
1721887002.323,81,
1721887003.807,81,
1721887003.827,81,
1721887005.326,83,
1721887006.336,84,
1721887007.343,84,
1721887008.369,84,
1721887009.358,83,
1721887010.342,83,
1721887011.816,82,
1721887012.81,82,
1721887012.826,82,
1721887014.313,81,
1721887015.288,81,
1721887015.275,81,
1721887017.275,80,
1721887018.767,79,
1721887018.261,79,
1721887020.755,78,
1721887021.734,78,
1721887021.235,78,
1721887023.244,78,
1721887024.235,78,
1721887024.224,78,
1721887025.22,78,
1721887027.191,77,
1721887027.205,77,
1721887030.196,76,
1721887031.213,78,
1721887033.71,80,
1721887034.699,81,
1721887036.196,79,
1721887036.191,79,
1721887037.183,79,
1721887039.167,79,
1721887039.181,79,
1721887040.148,79,
1721887042.633,79,
1721887042.129,79,
1721887043.102,79,
1721887044.101,84,
1721887045.607,85,
1721887046.095,86,
1721887047.586,84,
1721887048.075,83,
1721887049.061,82,
1721887050.056,80,
1721887051.069,79,
1721887055.004,79,
1721887055.013,82,
1721887057.005,82,
1721887058.007,82,
1721887058.034,82,
1721887059.032,82,
1721887061.536,81,
1721887062.048,80,
1721887063.546,79,
1721887064.049,79,
1721887065.555,79,
1721887066.067,79,
1721887067.064,82,
1721887068.067,82,
1721887069.067,82,
1721887070.069,82,
1721887071.068,82,
1721887072.058,82,
1721887073.539,82,
1721887074.02,82,
1721887075.534,82,
1721887077.04,82,
1721887080.498,82,
1721887081.503,83,
1721887082.473,83,
1721887082.982,83,
1721887084.474,83,
1721887084.968,82,
1721887085.986,83,
1721887086.988,84,
1721887087.98,85,
1721887088.956,86,
1721887089.951,87,
1721887091.454,87,
1721887091.935,88,
1721887092.91,89,
1721887093.914,89,
1721887094.911,90,
1721887095.929,89,
1721887097.452,88,
1721887098.465,88,
1721887098.974,87,
1721887099.947,86,
1721887101.941,87,
1721887103.46,87,
1721887104.965,87,
1721887105.967,86,
1721887106.964,86,
1721887107.965,86,
1721887109.95,87,
1721887110.954,87,
1721887111.944,86,
1721887113.42,87,
1721887113.911,87,
1721887114.899,87,
1721887115.909,87,
1721887116.9,87,
1721887118.391,87,
1721887119.385,87,
1721887119.897,87,
1721887121.37,86,
1721887121.872,86,
1721887123.386,86,
1721887123.896,86,
1721887125.389,86,
1721887126.393,88,
1721887126.896,88,
1721887128.406,90,
1721887129.415,91,
1721887129.936,92,
1721887130.95,91,
1721887131.941,90,
1721887132.953,88,
1721887133.948,87,
1721887134.933,86,
1721887135.948,85,
1721887136.952,85,
1721887137.951,85,
1721887138.933,84,
1721887140.434,84,
1721887140.943,83,
1721887141.945,81,
1721887143.435,80,
1721887144.437,80,
1721887144.943,80,
1721887145.924,80,
1721887146.905,81,
1721887147.912,81,
1721887148.913,82,
1721887149.912,82,
1721887150.918,81,
1721887152.898,80,
1721887154.885,79,
1721887155.902,79,
1721887156.887,79,
1721887158.41,79,
1721887158.917,79,
1721887160.374,78,
1721887160.864,79,
1721887161.872,79,
1721887162.838,78,
1721887163.825,78,
1721887165.334,82,
1721887166.347,79,
1721887166.856,80,
1721887168.807,79,
1721887169.797,80,
1721887171.311,80,
1721887171.812,80,
1721887172.817,81,
1721887173.815,82,
1721887174.819,82,
1721887177.313,83,
1721887178.303,83,
1721887178.794,82,
1721887179.805,81,
1721887181.297,80,
1721887182.278,79,
1721887183.258,79,
1721887184.233,78,
1721887185.235,79,
1721887186.222,80,
1721887186.728,81,
1721887187.704,82,
1721887188.721,81,
1721887189.701,80,
1721887190.709,79,
1721887191.707,78,
1721887192.713,78,
1721887194.186,78,
1721887194.665,78,
1721887196.668,78,
1721887197.666,79,
1721887198.658,79,
1721887199.659,80,
1721887200.624,81,
1721887202.103,81,
1721887202.587,82,
1721887204.1,82,
1721887205.09,81,
1721887205.593,81,
1721887207.582,79,
1721887208.565,79,
1721887209.559,78,
1721887210.552,79,
1721887211.559,78,
1721887212.581,81,
1721887214.052,82,
1721887215.055,83,
1721887215.556,83,
1721887216.572,82,
1721887217.559,82,
1721887218.549,82,
1721887219.558,82,
1721887220.545,83,
1721887221.539,85,
1721887222.52,86,
1721887223.496,88,
1721887224.994,89,
1721887225.981,89,
1721887226.486,89,
1721887227.491,89,
1721887228.987,89,
1721887229.483,89,
1721887230.458,88,
1721887231.449,88,
1721887232.947,88,
1721887233.43,90,
1721887234.45,91,
1721887235.446,92,
1721887236.434,92,
1721887237.938,91,
1721887238.454,91,
1721887254.642,89,
1721887255.647,88,
1721887256.652,88,
1721887257.654,88,
1721887259.15,88,
1721887259.653,88,
1721887261.154,88,
1721887261.65,88,
1721887263.184,89,
1721887263.686,90,
1721887264.677,89,
1721887265.669,89,
1721887266.657,88,
1721887267.658,88,
1721887268.676,88,
1721887269.675,89,
1721887270.659,90,
1721887271.651,91,
1721887272.623,91,
1721887273.637,91,
1721887275.147,90,
1721887275.634,89,
1721887276.645,88,
1721887277.676,88,
1721887278.673,87,
1721887280.174,86,
1721887280.672,86,
1721887281.706,86,
1721887282.693,86,
1721887283.708,86,
1721887284.704,87,
1721887285.714,88,
1721887287.231,89,
1721887286.729,90,
1721887289.232,91,
1721887288.747,92,
1721887289.759,93,
1721887290.741,93,
1721887291.735,93,
1721887292.731,94,
1721887293.73,94,
1721887295.227,95,
1721887295.742,95,
1721887297.736,96,
1721887300.209,95,
1721887300.688,94,
1721887302.656,91,
1721887305.139,88,
1721887305.635,87,
1721887307.132,87,
1721887308.129,87,
1721887309.13,87,
1721887309.631,87,
1721887310.629,86,
1721887311.647,85,
1721887313.142,84,
1721887315.151,82,
1721887315.638,81,
1721887316.615,81,
1721887317.611,81,
1721887318.626,81,
1721887320.573,82,
1721887321.556,82,
1721887322.541,83,
1721887323.538,83,
1721887325.06,83,
1721887325.559,83,
1721887327.537,84,
1721887328.563,85,
1721887330.074,85,
1721887330.57,86,
1721887332.089,86,
1721887332.607,85,
1721887334.09,85,
1721887334.593,85,
1721887336.093,85,
1721887336.593,84,
1721887337.585,84,
1721887339.539,83,
1721887340.56,82,
1721887341.552,82,
1721887342.542,82,
1721887344.016,83,
1721887344.527,84,
1721887345.529,85,
1721887347.011,85,
1721887347.99,84,
1721887348.48,83,
1721887349.494,81,
1721887350.475,80,
1721887352.463,79,
1721887353.487,79,
1721887354.486,79,
1721887355.482,80,
1721887356.466,81,
1721887357.46,82,
1721887358.449,82,
1721887359.445,82,
1721887360.424,82,
1721887361.901,81,
1721887362.912,81,
1721887363.408,80,
1721887364.41,80,
1721887365.377,80,
1721887366.856,81,
1721887367.348,82,
1721887368.873,83,
1721887369.374,84,
1721887370.854,84,
1721887371.349,83,
1721887372.366,81,
1721887373.374,79,
1721887374.381,80,
1721887377.898,79,
1721887379.399,77,
1721887380.383,77,
1721887381.379,77,
1721887382.385,78,
1721887383.395,78,
1721887384.391,79,
1721887385.373,79,
1721887386.382,80,
1721887387.412,80,
1721887388.409,81,
1721887389.419,82,
1721887390.392,82,
1721887391.383,82,
1721887392.895,82,
1721887393.383,82,
1721887394.371,82,
1721887395.38,83,
1721887396.383,84,
1721887397.369,85,
1721887398.376,85,
1721887399.373,86,
1721887400.371,86,
1721887401.875,86,
1721887402.364,86,
1721887403.85,86,
1721887404.355,86,
1721887405.358,86,
1721887406.368,87,
1721887407.373,87,
1721887408.368,88,
1721887409.345,88,
1721887410.333,88,
1721887411.313,88,
1721887412.296,86,
1721887413.287,85,
1721887414.286,85,
1721887415.288,85,
1721887417.28,85,
1721887418.273,84,
1721887419.258,84,
1721887421.224,83,
1721887422.737,82,
1721887423.215,82,
1721887424.221,82,
1721887425.227,82,
1721887426.708,82,
1721887428.19,82,
1721887429.169,82,
1721887430.675,87,
1721887431.171,89,
1721887432.177,91,
1721887433.199,93,
1721887435.17,97,
1721887436.162,99,
1721887437.155,100,
1721887438.152,102,
1721887439.144,104,
1721887440.143,102,
1721887441.147,102,
1721887442.147,102,
1721887443.143,102,
1721887444.144,102,
1721887445.145,100,
1721887446.614,99,
1721887447.103,100,
1721887448.088,96,
1721887449.094,95,
1721887450.099,93,
1721887451.1,93,
1721887453.599,92,
1721887454.083,92,
1721887455.074,91,
1721887456.557,92,
1721887457.055,92,
1721887458.063,92,
1721887459.06,92,
1721887460.064,92,
1721887461.056,91,
1721887462.038,91,
1721887463.02,91,
1721887464.01,90,
1721887464.023,90,
1721887466.013,88,
1721887467.022,87,
1721887467.025,87,
1721887472.014,85,
1721887473.011,87,
1721887473.007,87,
1721887474.999,95,
1721887475.993,95,
1721887477.982,94,
1721887479.46,89,
1721887478.955,89,
1721887480.967,87,
1721887481.957,87,
1721887481.961,87,
1721887483.959,91,
1721887484.943,94,
1721887484.94,94,
1721887486.932,97,
1721887488.43,96,
1721887488.433,96,
1721887489.934,91,
1721887491.39,88,
1721887491.888,87,
1721887494.39,84,
1721887494.877,83,
1721887496.864,81,
1721887497.377,81,
1721887498.387,81,
1721887499.87,79,
1721887501.4,78,
1721887502.882,76,
1721887503.38,76,
1721887503.871,76,
1721887506.388,76,
1721887505.889,76,
1721887507.367,78,
1721887508.872,79,
1721887508.87,79,
1721887509.865,80,
1721887512.348,80,
1721887511.853,80,
1721887512.831,80,
1721887514.331,80,
1721887514.806,80,
1721887515.79,81,
1721887516.785,82,
1721887517.782,81,
1721887518.784,84,
1721887519.783,86,
1721887520.781,84,
1721887522.274,87,
1721887523.262,88,
1721887523.768,87,
1721887525.263,86,
1721887526.276,85,
1721887526.786,83,
1721887527.78,83,
1721887528.782,82,
1721887530.274,81,
1721887531.257,81,
1721887533.263,80,
1721887534.254,81,
1721887535.754,81,
1721887536.749,81,
1721887538.229,80,
1721887538.744,79,
1721887539.738,79,
1721887540.744,79,
1721887541.736,79,
1721887544.208,80,
1721887545.216,79,
1721887546.19,83,
1721887546.691,80,
1721887547.67,86,
1721887548.677,87,
1721887549.653,89,
1721887551.636,89,
1721887553.133,89,
1721887553.619,86,
1721887554.63,84,
1721887555.62,85,
1721887556.618,84,
1721887557.628,84,
1721887558.584,84,
1721887559.585,83,
1721887562.093,81,
1721887563.093,80,
1721887570.078,78,
1721887570.56,80,
1721887572.071,80,
1721887573.553,79,
1721887574.533,78,
1721887575.528,76,
1721887576.522,76,
1721887577.526,76,
1721887580.533,78,
1721887581.575,78,
1721887582.572,77,
1721887583.547,77,
1721887584.558,76,
1721887585.554,75,
1721887586.548,74,
1721887587.514,74,
1721887588.511,75,
1721887589.517,76,
1721887591.023,78,
1721887592.027,81,
1721887592.534,81,
1721887593.509,82,
1721887594.489,83,
1721887595.498,83,
1721887597.006,83,
1721887598.497,85,
1721887599.509,85,
1721887600.512,86,
1721887603.46,87,
1721887605.448,86,
1721887606.453,86,
1721887607.462,85,
1721887608.935,84,
1721887609.916,84,
1721887610.425,84,
1721887611.429,84,
1721887612.948,84,
1721887613.432,83,
1721887614.934,82,
1721887615.939,81,
1721887616.435,80,
1721887617.431,79,
1721887618.447,79,
1721887620.928,78,
1721887622.425,79,
1721887623.406,79,
1721887624.407,80,
1721887625.421,80,
1721887627.888,81,
1721887628.384,82,
1721887629.408,82,
1721887630.399,81,
1721887631.906,85,
1721887632.4,86,
1721887633.879,88,
1721887634.872,86,
1721887635.386,87,
1721887636.91,87,
1721887637.921,87,
1721887639.413,87,
1721887640.399,87,
1721887642.427,85,
1721887641.413,86,
1721887643.438,83,
1721887644.448,80,
1721887645.461,79,
1721887646.45,78,
1721887647.45,79,
1721887648.44,80,
1721887649.936,82,
1721887650.92,82,
1721887651.936,83,
1721887652.956,83,
1721887654.45,82,
1721887655.454,82,
1721887656.936,84,
1721887657.427,82,
1721887658.424,82,
1721887659.933,82,
1721887660.413,83,
1721887661.43,82,
1721887662.423,82,
1721887663.421,82,
1721887664.429,83,
1721887665.431,84,
1721887666.449,85,
1721887667.929,86,
1721887668.42,87,
1721887669.405,87,
1721887670.397,87,
1721887671.901,87,
1721887672.408,87,
1721887673.408,87,
1721887674.884,88,
1721887675.375,90,
1721887677.872,92,
1721887678.361,93,
1721887679.827,94,
1721887681.313,94,
1721887682.793,94,
1721887683.291,94,
1721887685.777,94,
1721887686.272,93,
1721887687.268,92,
1721887688.757,91,
1721887690.278,90,
1721887691.275,89,
1721887692.275,89,
1721887694.299,89,
1721887695.29,88,
1721887696.295,88,
1721887697.305,87,
1721887699.292,88,
1721887700.274,89,
1721887701.757,88,
1721887703.738,91,
1721887705.226,89,
1721887706.199,85,
1721887707.186,84,
1721887709.187,83,
1721887710.185,82,
1721887711.186,82,
1721887712.16,87,
1721887713.16,89,
1721887714.154,91,
1721887715.155,89,
1721887716.653,89,
1721887717.139,88,
1721887718.631,87,
1721887719.105,86,
1721887720.101,85,
1721887721.119,85,
1721887722.1,85,
1721887723.117,85,
1721887724.126,88,
1721887725.118,89,
1721887726.139,90,
1721887727.121,89,
1721887728.118,88,
1721887729.098,86,
1721887730.073,84,
1721887731.064,81,
1721887732.555,80,
1721887733.059,78,
1721887734.052,78,
1721887735.546,78,
1721887736.033,80,
1721887736.991,78,
1721887739.468,79,
1721887739.947,80,
1721887739.922,80,
1721887741.421,79,
1721887742.908,77,
1721887742.896,77,
1721887743.908,77,
1721887745.904,76,
1721887745.897,76,
1721887747.397,77,
1721887748.896,79,
1721887748.899,79,
1721887751.871,82,
1721887752.379,82,
1721887752.864,83,
1721887754.851,82,
1721887754.839,82,
1721887755.849,81,
1721887758.354,78,
1721887760.859,77,
1721887760.856,77,
1721887761.847,77,
1721887763.843,74,
1721887763.831,74,
1721887764.822,72,
1721887766.311,72,
1721887766.82,72,
1721887767.816,73,
1721887769.316,73,
1721887769.813,72,
1721887770.832,73,
1721887771.823,73,
1721887772.845,74,
1721887774.348,75,
1721887776.368,76,
1721887776.855,76,
1721887778.849,77,
1721887779.861,77,
1721887781.855,77,
1721887782.847,77,
1721887784.832,77,
1721887784.826,77,
1721887785.802,78,
1721887786.778,78,
1721887787.78,78,
1721887788.752,79,
1721887789.743,79,
1721887790.737,79,
1721887792.727,79,
1721887793.712,78,
1721887793.736,77,
1721887794.738,77,
1721887795.757,77,
1721887796.746,77,
1721887797.735,78,
1721887799.714,79,
1721887802.195,80,
1721887803.688,80,
1721887804.708,81,
1721887805.694,80,
1721887807.198,80,
1721887808.2,80,
1721887808.697,80,
1721887809.695,80,
1721887811.16,80,
1721887811.634,80,
1721887813.118,81,
1721887813.622,80,
1721887815.102,79,
1721887816.103,78,
1721887816.602,77,
1721887817.597,76,
1721887818.574,75,
1721887819.57,76,
1721887820.558,78,
1721887821.57,79,
1721887824.052,81,
1721887824.538,81,
1721887825.541,81,
1721887827.032,80,
1721887829.032,78,
1721887830.026,78,
1721887831.855,78,
1721887833.343,79,
1721887834.334,79,
1721887835.823,79,
1721887836.348,78,
1721887837.338,78,
1721887839.834,78,
1721887840.329,78,
1721887841.337,81,
1721887842.328,82,
1721887843.302,85,
1721887844.319,86,
1721887845.316,84,
1721887846.294,84,
1721887847.298,83,
1721887848.315,82,
1721887849.332,82,
1721887851.825,84,
1721887854.277,84,
1721887855.29,84,
1721887856.304,84,
1721887857.816,83,
1721887858.33,83,
1721887859.818,82,
1721887860.315,82,
1721887861.309,82,
1721887862.799,82,
1721887863.788,82,
1721887864.29,84,
1721887865.308,85,
1721887866.812,85,
1721887867.298,85,
1721887868.325,84,
1721887869.328,83,
1721887870.831,83,
1721887871.849,83,
1721887872.363,83,
1721887873.368,83,
1721887874.85,83,
1721887875.365,83,
1721887877.879,82,
1721887878.881,81,
1721887879.368,81,
1721887880.371,81,
1721887881.367,81,
1721887882.362,83,
1721887883.837,83,
1721887884.345,83,
1721887885.342,83,
1721887886.347,83,
1721887887.361,83,
1721887888.357,84,
1721887889.87,84,
1721887890.353,84,
1721887891.352,84,
1721887892.344,84,
1721887894.872,83,
1721887895.366,83,
1721887896.37,82,
1721887897.379,83,
1721887898.911,83,
1721887899.419,83,
1721887900.419,84,
1721887901.925,85,
1721887902.43,86,
1721887903.414,87,
1721887904.399,86,
1721887906.902,84,
1721887907.392,83,
1721887908.885,83,
1721887909.41,84,
1721887910.416,87,
1721887911.401,88,
1721887912.41,91,
1721887913.388,92,
1721887914.39,90,
1721887915.39,86,
1721887916.893,88,
1721887917.907,85,
1721887918.409,85,
1721887919.41,85,
1721887920.911,86,
1721887921.404,87,
1721887922.402,88,
1721887923.387,88,
1721887924.368,90,
1721887925.354,88,
1721887926.855,91,
1721887928.367,93,
1721887929.849,92,
1721887930.341,91,
