time,acc_deviation
1721884420.101,2.01,
1721884421.096,1.42,
1721884422.115,1.42,
1721884423.641,0.84,
1721884424.621,4.42,
1721884425.126,4.42,
1721884427.105,4.33,
1721884428.591,4.33,
1721884429.094,6.43,
1721884430.096,3.58,
1721884431.571,3.58,
1721884433.068,12.27,
1721884434.566,5.54,
1721884435.063,20.08,
1721884436.544,23.24,
1721884437.043,19.25,
1721884438.034,11.03,
1721884439.507,3.88,
1721884441.019,4.12,
1721884442.004,5.0,
1721884442.976,9.28,
1721884444.011,8.08,
1721884445.013,4.15,
1721884446.021,2.62,
1721884447.004,18.81,
1721884447.992,4.4,
1721884449.493,3.38,
1721884449.983,5.68,
1721884452.477,2.6799999999999997,
1721884455.02,12.0,
1721884456.019,2.9699999999999998,
1721884457.006,1.24,
1721884458.013,3.4,
1721884459.029,28.44,
1721884460.026,3.44,
1721884461.544,4.73,
1721884462.541,0.11,
1721884463.032,0.25,
1721884464.551,0.22,
1721884465.06,0.16,
1721884466.061,0.18,
1721884467.064,0.17,
1721884468.042,0.17,
1721884469.047,0.21,
1721884470.541,0.15,
1721884471.53,0.17,
1721884472.041,0.17,
1721884473.028,0.2,
1721884474.042,0.24,
1721884476.046,0.17,
1721884479.057,0.19,
1721884480.045,0.15,
1721884481.02,0.15,
1721884482.536,0.16,
1721884483.539,0.17,
1721884484.543,0.18,
1721884485.538,0.19,
1721884486.036,0.24,
1721884487.535,0.15,
1721884488.548,0.18,
1721884490.054,0.9,
1721884491.53,0.16,
1721884492.505,0.21,
1721884493.487,0.29,
1721884493.988,0.24,
1721884494.974,0.48,
1721884496.983,0.3,
1721884497.987,0.19,
1721884498.968,0.16,
1721884499.963,0.18,
1721884501.469,0.17,
1721884502.481,0.2,
1721884502.967,0.18,
1721884504.466,0.22,
1721884504.968,0.17,
1721884507.492,0.21,
1721884507.991,0.19,
1721884509.493,0.21,
1721884509.98,0.17,
1721884510.986,0.31,
1721884511.964,0.77,
1721884512.982,0.79,
1721884513.978,1.39,
1721884514.963,1.24,
1721884516.446,0.58,
1721884517.455,1.77,
1721884517.96,1.25,
1721884518.962,1.34,
1721884519.932,1.57,
1721884521.452,0.89,
1721884521.973,0.44,
1721884522.969,0.15,
1721884524.961,0.18,
1721884526.928,0.18,
1721884528.414,0.2,
1721884528.904,0.16,
1721884529.897,0.12,
1721884530.89,0.15,
1721884531.892,0.16,
1721884532.885,0.17,
1721884534.373,0.17,
1721884534.858,0.17,
1721884535.859,0.14,
1721884536.847,0.17,
1721884537.854,0.11,
1721884538.849,0.12,
1721884539.869,0.15,
1721884540.862,0.11,
1721884541.846,0.17,
1721884542.811,0.13,
1721884543.823,0.22,
1721884545.352,0.17,
1721884545.857,0.12,
1721884546.868,0.15,
1721884548.369,0.26,
1721884548.855,0.16,
1721884550.324,0.18,
1721884550.815,0.15,
1721884552.81,0.14,
1721884553.783,0.14,
1721884555.798,0.1,
1721884556.768,0.13,
1721884558.275,0.18,
1721884558.782,0.17,
1721884560.289,0.21,
1721884560.789,0.18,
1721884561.789,0.19,
1721884562.79,0.2,
1721884564.257,0.17,
1721884564.743,0.17,
1721884565.731,0.2,
1721884568.673,0.17,
1721884569.672,0.17,
1721884570.691,0.18,
1721884571.693,0.15,
1721884572.703,0.22,
1721884573.686,0.15,
1721884577.717,0.16,
1721884578.719,0.12,
1721884581.249,0.17,
1721884581.743,0.13,
1721884582.751,0.85,
1721884583.752,0.54,
1721884584.768,1.94,
1721884585.756,0.64,
1721884587.73,0.58,
1721884586.74,0.81,
1721884588.768,1.11,
1721884589.782,0.89,
1721884590.782,0.5,
1721884591.778,0.61,
1721884592.774,0.55,
1721884593.754,1.51,
1721884595.246,0.84,
1721884595.745,1.45,
1721884597.25,0.56,
1721884597.738,1.71,
1721884598.722,1.01,
1721884599.726,0.49,
1721884600.734,0.67,
1721884601.698,0.9,
1721884602.662,0.49,
1721884603.669,1.06,
1721884605.163,0.88,
1721884605.659,0.56,
1721884607.136,1.02,
1721884608.642,0.7,
1721884609.668,1.56,
1721884610.673,0.68,
1721884611.685,0.62,
1721884612.664,0.38,
1721884613.689,0.15,
1721884614.689,0.18,
1721884615.705,0.16,
1721884616.73,0.14,
1721884617.711,0.33,
1721884618.719,0.16,
1721884620.206,1.5,
1721884620.709,0.82,
1721884621.698,1.45,
1721884622.701,1.0,
1721884623.692,0.87,
1721884624.697,1.53,
1721884625.721,1.85,
1721884627.699,1.73,
1721884628.685,1.82,
1721884631.14,0.59,
1721884631.646,0.86,
1721884632.632,1.4,
1721884633.632,1.82,
1721884634.617,1.4,
1721884635.615,0.66,
1721884636.612,1.77,
1721884638.1,1.25,
1721884639.1,0.72,
1721884640.097,0.99,
1721884640.59,0.77,
1721884642.116,0.95,
1721884643.104,1.14,
1721884643.6,1.73,
1721884644.57,1.41,
1721884646.051,0.73,
1721884646.55,0.28,
1721884647.552,0.18,
1721884648.544,0.18,
1721884649.541,2.0,
1721884651.03,1.67,
1721884652.523,1.58,
1721884654.016,1.09,
1721884655.024,1.69,
1721884656.53,0.86,
1721884658.047,0.73,
1721884658.545,1.12,
1721884659.54,0.28,
1721884661.029,1.51,
1721884662.503,1.12,
1721884663.507,0.93,
1721884664.499,1.24,
1721884665.473,0.89,
1721884666.467,0.64,
1721884667.46,1.32,
1721884669.441,0.21,
1721884670.414,1.2,
1721884671.382,0.8,
1721884672.392,1.09,
1721884673.398,1.43,
1721884674.387,1.04,
1721884675.363,1.26,
1721884677.333,1.4,
1721884678.846,1.04,
1721884679.34,0.33,
1721884680.349,0.17,
1721884681.349,0.42,
1721884682.359,0.71,
1721884683.819,0.73,
1721884684.31,0.8,
1721884685.3,1.63,
1721884686.309,1.05,
1721884687.332,0.28,
1721884688.327,0.89,
1721884689.329,0.83,
1721884690.317,1.07,
1721884691.818,1.17,
1721884693.317,0.38,
1721884694.334,1.0,
1721884695.317,1.22,
1721884696.33,1.99,
1721884697.342,0.99,
1721884698.872,1.2,
1721884699.356,0.99,
1721884700.347,1.87,
1721884702.345,1.99,
1721884704.823,1.32,
1721884705.325,0.91,
1721884706.337,0.5,
1721884707.35,2.3,
1721884708.352,0.91,
1721884709.346,0.47,
1721884710.336,0.77,
1721884711.313,0.21,
1721884712.307,0.22,
1721884714.288,1.16,
1721884715.291,1.45,
1721884716.269,1.45,
1721884717.265,0.91,
1721884718.242,0.54,
1721884719.213,0.54,
1721884720.694,1.4,
1721884722.192,1.46,
1721884724.175,0.36,
1721884725.16,0.36,
1721884726.154,0.49,
1721884727.635,0.86,
1721884728.126,0.86,
1721884729.129,0.66,
1721884730.145,1.62,
1721884731.141,1.62,
1721884732.146,0.82,
1721884733.148,0.89,
1721884734.133,0.89,
1721884735.114,0.99,
1721884736.128,0.39,
1721884737.109,0.39,
1721884738.078,0.25,
1721884740.076,0.73,
1721884742.582,0.59,
1721884743.591,0.35,
1721884744.562,0.33,
1721884745.55,0.32,
1721884746.041,1.14,
1721884747.512,1.36,
1721884748.005,1.57,
1721884749.007,1.38,
1721884749.982,0.73,
1721884750.961,0.75,
1721884752.94,0.76,
1721884753.946,2.32,
1721884755.906,0.9,
1721884757.808,0.99,
1721884759.332,0.92,
1721884759.825,1.37,
1721884760.816,2.25,
1721884763.3,1.51,
1721884763.805,1.22,
1721884765.284,0.53,
1721884765.78,2.2,
1721884766.782,1.39,
1721884767.775,1.67,
1721884768.787,1.06,
1721884770.791,0.21,
1721884771.818,0.17,
1721884772.817,0.19,
1721884773.812,0.17,
1721884774.807,0.18,
1721884775.822,0.15,
1721884777.317,0.12,
1721884777.833,0.19,
1721884779.341,0.18,
1721884779.846,0.16,
1721884780.845,1.24,
1721884781.841,4.17,
1721884782.848,3.46,
1721884783.849,5.45,
1721884785.351,4.93,
1721884786.35,4.14,
1721884787.366,5.1,
1721884787.858,2.24,
1721884788.86,2.6799999999999997,
1721884789.854,3.35,
1721884791.847,5.08,
1721884792.852,5.17,
1721884793.843,7.95,
1721884794.854,4.66,
1721884796.342,2.13,
1721884796.84,2.31,
1721884797.839,2.81,
1721884799.821,2.63,
1721884800.823,1.8399999999999999,
1721884801.834,1.6400000000000001,
1721884803.331,2.3200000000000003,
1721884803.833,0.55,
1721884804.83,2.06,
1721884805.826,1.9,
1721884807.321,1.32,
1721884807.82,1.81,
1721884808.825,2.55,
1721884809.815,2.27,
1721884810.814,3.17,
1721884812.312,3.54,
1721884813.32,2.87,
1721884814.791,1.55,
1721884815.777,2.98,
1721884816.779,1.3,
1721884818.286,2.51,
1721884818.785,2.6,
1721884819.801,2.7,
1721884820.822,1.48,
1721884821.82,1.68,
1721884822.791,0.82,
1721884824.776,2.53,
1721884826.779,2.8600000000000003,
1721884828.271,1.01,
1721884829.295,2.46,
1721884829.788,2.5,
1721884831.305,1.49,
1721884831.81,0.32,
1721884832.837,0.67,
1721884833.826,0.79,
1721884834.822,1.04,
1721884835.812,1.25,
1721884837.288,1.53,
1721884838.775,1.64,
1721884840.252,1.55,
1721884840.738,1.99,
1721884842.25,1.69,
1721884842.764,1.09,
1721884843.765,1.35,
1721884845.271,2.84,
1721884846.748,1.78,
1721884847.742,3.06,
1721884849.728,2.62,
1721884853.724,5.4399999999999995,
1721884856.165,2.37,
1721884856.66,1.24,
1721884857.662,0.69,
1721884858.655,0.57,
1721884860.136,2.71,
1721884860.64,2.02,
1721884861.648,2.4299999999999997,
1721884863.607,2.17,
1721884865.104,1.7,
1721884866.096,1.21,
1721884866.602,1.23,
1721884868.125,2.28,
1721884868.628,2.34,
1721884869.624,1.8900000000000001,
1721884870.623,1.69,
1721884872.104,1.22,
1721884872.603,2.49,
1721884873.598,2.47,
1721884875.078,1.41,
1721884875.582,1.64,
1721884878.089,2.7199999999999998,
1721884878.597,1.86,
1721884879.61,2.04,
1721884880.608,1.41,
1721884882.102,0.28,
1721884882.608,0.67,
1721884884.081,2.39,
1721884884.577,1.88,
1721884885.574,2.4,
1721884886.572,1.68,
1721884887.588,1.74,
1721884888.574,2.04,
1721884890.569,1.9300000000000002,
1721884892.045,3.33,
1721884893.042,3.42,
1721884893.553,2.1399999999999997,
1721884894.548,2.48,
1721884896.026,2.51,
1721884897.017,4.58,
1721884897.509,4.4399999999999995,
1721884899.008,1.15,
1721884899.494,3.71,
1721884901.474,1.62,
1721884904.944,1.98,
1721884905.432,1.6800000000000002,
1721884906.423,2.96,
1721884907.945,2.13,
1721884908.447,2.3,
1721884909.447,2.31,
1721884910.924,2.92,
1721884911.927,1.94,
1721884912.409,1.98,
1721884913.876,0.94,
1721884914.375,2.83,
1721884915.862,3.54,
1721884917.868,1.21,
1721884918.863,0.4,
1721884919.848,1.17,
1721884920.816,0.27,
1721884921.321,0.8,
1721884922.302,0.33,
1721884924.309,0.42,
1721884925.298,0.43,
1721884926.294,0.66,
1721884927.775,0.3,
1721884928.27,1.54,
1721884929.763,1.25,
1721884930.267,0.58,
1721884931.262,0.38,
1721884932.772,0.31,
1721884933.259,0.41,
1721884934.271,2.01,
1721884936.271,0.76,
1721884937.273,0.46,
1721884938.241,0.31,
1721884939.243,0.34,
1721884940.228,0.54,
1721884941.744,0.28,
1721884942.734,0.27,
1721884943.223,0.3,
1721884944.22,0.24,
1721884945.212,0.37,
1721884946.684,0.18,
1721884947.679,0.18,
1721884948.7,0.18,
1721884949.2,0.2,
1721884950.2,0.22,
1721884951.189,0.27,
1721884952.188,0.23,
1721884954.177,0.23,
1721884955.157,0.49,
1721884957.144,0.26,
1721884958.16,0.3,
1721884959.645,0.3,
1721884960.657,0.23,
1721884961.158,0.29,
1721884962.173,0.29,
1721884963.185,2.19,
1721884965.175,1.87,
1721884966.176,0.27,
1721884967.191,0.37,
1721884968.181,0.37,
1721884969.182,0.97,
1721884970.691,2.09,
1721884971.678,2.09,
1721884972.18,0.49,
1721884973.177,1.47,
1721884974.169,1.47,
1721884975.159,0.8,
1721884976.643,0.32,
1721884977.624,0.32,
1721884979.103,0.84,
1721884980.56,0.84,
1721884981.064,0.43,
1721884982.054,0.49,
1721884983.027,0.49,
1721884985.02,2.01,
1721884984.523,3.54,
1721884987.042,2.4699999999999998,
1721884988.544,1.69,
1721884989.039,1.69,
1721884990.027,3.69,
1721884991.006,4.24,
1721884992.498,4.24,
1721884992.999,3.34,
1721884994.0,2.31,
1721884994.995,2.31,
1721884996.492,2.33,
1721884996.98,1.46,
1721884997.976,0.9,
1721884998.963,0.92,
1721885000.453,1.03,
1721885000.944,3.16,
1721885001.926,1.8199999999999998,
1721885003.926,0.96,
1721885004.919,1.57,
1721885006.898,4.3,
1721885008.382,1.67,
1721885008.881,1.58,
1721885010.899,1.88,
1721885012.38,4.47,
1721885013.888,0.43,
1721885015.346,0.28,
1721885015.844,0.37,
1721885016.824,0.28,
1721885017.815,0.2,
1721885018.809,0.26,
1721885020.293,0.34,
1721885020.8,0.31,
1721885022.3,1.95,
1721885022.803,0.53,
1721885024.296,0.99,
1721885024.795,0.38,
1721885026.275,0.27,
1721885027.777,0.37,
1721885030.282,0.26,
1721885030.785,0.22,
1721885031.782,0.23,
1721885032.779,0.28,
1721885033.771,0.27,
1721885034.777,0.35,
1721885035.769,0.23,
1721885036.783,0.3,
1721885037.776,1.93,
1721885038.79,0.87,
1721885039.77,0.75,
1721885040.773,2.01,
1721885041.758,0.5,
1721885043.253,0.3,
1721885044.254,0.24,
1721885044.764,0.18,
1721885046.267,0.18,
1721885046.764,0.2,
1721885047.758,0.3,
1721885050.239,0.48,
1721885050.739,0.32,
1721885051.751,0.19,
1721885053.262,0.18,
1721885053.758,0.29,
1721885054.76,2.45,
1721885057.721,2.3,
1721885058.711,1.13,
1721885059.711,3.41,
1721885060.725,1.07,
1721885061.744,3.42,
1721885062.727,5.34,
1721885063.717,3.87,
1721885065.227,2.14,
1721885066.236,2.7199999999999998,
1721885066.74,2.03,
1721885069.244,2.15,
1721885070.259,3.12,
1721885070.739,1.0,
1721885071.759,1.41,
1721885072.757,1.86,
1721885073.78,2.06,
1721885075.244,1.78,
1721885076.223,3.19,
1721885077.706,0.7,
1721885078.689,1.35,
1721885079.696,0.93,
1721885080.69,1.55,
1721885081.688,2.1399999999999997,
1721885082.691,1.93,
1721885083.68,0.17,
1721885085.187,0.29,
1721885085.686,0.57,
1721885086.667,6.6,
1721885088.167,0.92,
1721885089.141,1.95,
1721885089.666,0.66,
1721885091.631,0.33,
1721885092.661,0.21,
1721885094.157,0.22,
1721885094.66,0.17,
1721885095.638,0.26,
1721885097.124,1.55,
1721885097.626,1.69,
1721885098.611,0.97,
1721885100.147,0.34,
1721885101.132,2.35,
1721885102.613,1.66,
1721885103.57,2.1399999999999997,
1721885105.055,2.4,
1721885105.564,2.06,
1721885106.548,1.61,
1721885108.052,2.95,
1721885108.548,2.01,
1721885110.045,3.15,
1721885110.549,1.54,
1721885111.527,1.37,
1721885112.51,3.75,
1721885113.499,3.86,
1721885114.983,2.83,
1721885115.484,2.35,
1721885116.482,2.19,
1721885118.003,0.73,
1721885118.505,2.02,
1721885119.496,2.28,
1721885120.5,1.92,
1721885121.491,0.93,
1721885122.49,0.85,
1721885125.011,0.29,
1721885125.505,0.22,
1721885127.499,0.28,
1721885128.499,0.39,
1721885130.006,0.51,
1721885130.486,0.39,
1721885131.972,0.19,
1721885133.983,0.21,
1721885134.485,1.86,
1721885135.48,0.98,
1721885136.97,1.48,
1721885137.464,0.99,
1721885138.446,0.38,
1721885139.452,0.29,
1721885140.438,0.34,
1721885141.917,0.27,
1721885142.424,0.31,
1721885143.439,0.39,
1721885144.441,0.28,
1721885145.454,0.34,
1721885146.446,0.28,
1721885147.466,0.33,
1721885148.464,0.33,
1721885149.97,0.22,
1721885150.464,0.22,
1721885151.96,0.3,
1721885152.475,0.27,
1721885154.486,0.23,
1721885155.999,0.28,
1721885156.487,0.2,
1721885157.978,0.28,
1721885158.966,0.28,
1721885159.483,0.31,
1721885160.496,0.24,
1721885161.48,0.26,
1721885162.972,0.31,
1721885163.466,0.28,
1721885164.962,0.22,
1721885165.478,0.28,
1721885166.457,0.41,
1721885167.934,0.19,
1721885168.454,0.28,
1721885169.439,0.81,
1721885170.928,0.52,
1721885172.428,0.54,
1721885173.924,0.14,
1721885174.922,0.21,
1721885175.916,0.45,
1721885177.45,0.16,
1721885178.452,0.14,
1721885179.936,0.16,
1721885180.436,0.26,
1721885181.417,0.18,
1721885182.416,0.12,
1721885183.412,0.29,
1721885184.413,0.19,
1721885185.435,2.54,
1721885186.418,1.02,
1721885187.903,0.33,
1721885188.402,0.38,
1721885189.399,0.94,
1721885190.893,1.26,
1721885192.383,0.26,
1721885193.376,0.19,
1721885194.362,1.16,
1721885195.881,0.82,
1721885196.401,0.97,
1721885197.381,1.26,
1721885198.398,0.26,
1721885200.9,1.15,
1721885201.901,0.97,
1721885203.394,0.22,
1721885204.874,1.21,
1721885205.377,1.55,
1721885206.374,1.9,
1721885207.885,1.0,
1721885208.381,1.34,
1721885209.378,1.35,
1721885210.364,1.13,
1721885211.861,0.86,
1721885212.36,0.76,
1721885213.362,1.56,
1721885214.365,0.96,
1721885215.364,1.59,
1721885217.841,1.23,
1721885218.337,0.78,
1721885219.347,0.6,
1721885220.841,0.31,
1721885221.331,0.45,
1721885222.828,0.4,
1721885223.837,0.4,
1721885225.816,1.6,
1721885227.313,0.98,
1721885229.803,1.14,
1721885230.316,1.39,
1721885231.321,0.85,
1721885233.287,0.72,
1721885234.29,0.43,
1721885235.782,1.0,
1721885236.284,0.59,
1721885237.277,2.05,
1721885238.791,0.74,
1721885239.279,1.08,
1721885240.269,1.29,
1721885241.281,1.03,
1721885242.29,0.28,
1721885243.301,0.24,
1721885244.815,0.23,
1721885246.328,0.24,
1721885247.309,0.19,
1721885248.295,0.21,
1721885249.287,2.01,
1721885250.288,0.96,
1721885251.281,1.05,
1721885252.288,2.26,
1721885253.295,1.05,
1721885255.28,1.04,
1721885256.259,0.61,
1721885257.259,0.29,
1721885258.227,0.94,
1721885259.225,0.62,
1721885260.225,0.41,
1721885261.238,1.5,
1721885262.249,0.81,
1721885263.227,1.15,
1721885264.227,0.97,
1721885265.222,1.35,
1721885266.211,0.88,
1721885267.736,0.28,
1721885268.725,1.59,
1721885269.216,1.46,
1721885271.19,0.91,
1721885272.201,1.62,
1721885273.194,1.42,
1721885274.204,0.83,
1721885277.171,0.87,
1721885278.683,0.9,
1721885279.704,0.93,
1721885280.218,0.94,
1721885281.687,0.63,
1721885282.193,0.3,
1721885283.213,0.18,
1721885284.208,0.23,
1721885285.2,0.88,
1721885286.699,1.01,
1721885287.185,1.68,
1721885288.173,1.05,
1721885289.175,1.05,
1721885290.172,0.77,
1721885291.161,0.79,
1721885292.647,0.79,
1721885293.648,0.44,
1721885294.152,0.58,
1721885295.138,0.58,
1721885296.15,1.1400000000000001,
1721885297.157,2.44,
1721885298.139,2.44,
1721885299.133,1.07,
1721885300.14,0.37,
1721885301.643,0.37,
1721885302.671,0.5,
1721885303.659,0.27,
1721885304.662,0.27,
1721885305.149,0.23,
1721885306.164,0.25,
1721885307.164,0.25,
1721885308.179,0.33,
1721885309.176,0.31,
1721885310.177,0.31,
1721885311.142,0.23,
1721885312.146,0.46,
1721885313.149,0.46,
1721885314.168,1.31,
1721885315.679,0.92,
1721885316.176,0.92,
1721885317.17,0.94,
1721885318.161,0.96,
1721885319.163,0.96,
1721885320.141,1.03,
1721885321.156,1.88,
1721885322.164,1.88,
1721885323.171,0.96,
1721885324.188,0.66,
1721885325.183,0.66,
1721885327.664,0.2,
1721885330.179,0.65,
1721885331.151,0.65,
1721885332.155,1.37,
1721885333.156,0.94,
1721885334.63,0.94,
1721885335.144,0.93,
1721885336.655,0.81,
1721885337.148,0.81,
1721885338.152,0.77,
1721885339.146,0.95,
1721885340.126,0.95,
1721885341.111,0.69,
1721885342.093,0.77,
1721885343.087,0.77,
1721885344.08,0.33,
1721885345.07,1.52,
1721885346.067,1.52,
1721885347.095,0.86,
1721885348.092,1.65,
1721885349.078,1.65,
1721885350.08,0.49,
1721885354.992,0.67,
1721885356.005,0.28,
1721885356.981,0.42,
1721885358.505,1.65,
1721885359.006,0.83,
1721885360.014,0.39,
1721885361.038,0.39,
1721885363.488,1.26,
1721885364.004,1.26,
1721885365.482,0.84,
1721885366.504,0.54,
1721885367.008,0.54,
1721885368.496,0.56,
1721885368.998,0.25,
1721885370.488,0.25,
1721885372.004,0.21,
1721885373.479,0.21,
1721885374.501,0.18,
1721885375.001,0.53,
1721885376.502,0.53,
1721885376.999,0.64,
1721885378.49,1.41,
1721885378.991,1.41,
1721885380.51,0.67,
1721885381.013,0.9,
1721885383.019,1.42,
1721885382.02,0.9,
1721885384.033,0.54,
1721885386.041,0.4,
1721885387.533,0.21,
1721885388.019,0.21,
1721885391.535,0.16,
1721885392.037,0.91,
1721885394.51,2.34,
1721885395.019,0.68,
1721885396.007,1.83,
1721885397.017,1.83,
1721885398.01,0.59,
1721885399.482,0.29,
1721885399.976,0.29,
1721885400.945,0.18,
1721885401.953,0.34,
1721885402.967,0.18,
1721885403.938,0.22,
1721885404.959,1.51,
1721885405.942,1.41,
1721885406.958,1.09,
1721885408.463,0.95,
1721885408.962,0.76,
1721885410.463,1.18,
1721885410.955,0.53,
1721885411.937,0.47,
1721885412.929,1.28,
1721885414.434,0.94,
1721885415.405,1.2,
1721885415.899,0.82,
1721885416.899,0.74,
1721885417.895,0.34,
1721885419.379,1.31,
1721885419.89,0.76,
1721885420.898,0.51,
1721885421.898,0.96,
1721885422.92,0.57,
1721885423.888,0.31,
1721885424.883,0.76,
1721885425.861,0.84,
1721885427.366,0.26,
1721885428.87,1.31,
1721885429.846,1.41,
1721885430.833,0.5,
1721885432.838,0.99,
1721885433.834,0.45,
1721885434.842,1.21,
1721885435.832,0.87,
1721885437.327,0.15,
1721885437.847,0.51,
1721885438.849,1.43,
1721885439.858,1.48,
1721885441.345,0.92,
1721885442.336,0.68,
1721885442.833,0.97,
1721885443.815,0.99,
1721885444.826,0.86,
1721885445.838,0.73,
1721885447.846,1.37,
1721885448.877,0.59,
1721885450.385,0.68,
1721885450.882,1.42,
1721885453.387,0.42,
1721885453.88,1.08,
1721885454.868,0.84,
1721885455.879,0.77,
1721885457.386,0.38,
1721885457.886,0.67,
1721885459.882,1.28,
1721885460.849,0.59,
1721885462.33,0.9,
1721885463.311,0.74,
1721885463.816,0.67,
1721885465.313,0.57,
1721885465.808,0.15,
1721885466.798,0.49,
1721885468.295,0.2,
1721885469.801,0.19,
1721885471.286,0.17,
1721885471.788,0.18,
1721885472.798,0.14,
1721885473.824,0.2,
1721885474.828,0.39,
1721885476.832,1.4,
1721885477.842,2.28,
1721885479.794,1.5,
1721885480.808,0.64,
1721885482.291,0.59,
1721885482.778,0.34,
1721885483.761,0.56,
1721885487.224,1.17,
1721885489.209,0.63,
1721885489.707,0.25,
1721885490.698,0.25,
1721885492.184,1.0,
1721885493.172,0.88,
1721885494.652,0.54,
1721885496.176,0.21,
1721885498.69,0.96,
1721885500.176,1.44,
1721885501.164,0.32,
1721885502.671,1.03,
1721885505.634,0.83,
1721885506.636,0.69,
1721885508.141,1.68,
1721885509.649,1.16,
1721885511.124,0.71,
1721885512.607,1.18,
1721885513.601,0.66,
1721885514.571,1.8,
1721885516.084,1.7,
1721885516.579,1.08,
1721885518.062,1.03,
1721885518.561,0.35,
1721885519.563,0.43,
1721885520.566,0.19,
1721885521.545,0.26,
1721885522.548,0.24,
1721885523.556,0.31,
1721885524.549,0.26,
1721885525.539,0.59,
1721885527.036,1.83,
1721885527.526,1.9,
1721885529.021,1.04,
1721885530.037,1.3,
1721885530.533,0.6,
1721885532.014,0.76,
1721885532.503,0.63,
1721885533.525,0.16,
1721885535.014,1.21,
1721885535.517,1.7,
1721885537.019,1.2,
1721885537.524,0.26,
1721885538.538,0.15,
1721885540.013,0.17,
1721885540.504,0.15,
1721885541.506,0.21,
1721885542.512,0.2,
1721885543.516,0.18,
1721885545.027,0.12,
1721885545.536,0.15,
1721885547.035,0.23,
1721885547.538,0.19,
1721885548.524,1.41,
1721885549.507,1.08,
1721885550.504,0.89,
1721885551.508,1.05,
1721885553.507,0.64,
1721885553.005,0.84,
1721885554.507,0.65,
1721885555.502,0.61,
1721885556.528,0.39,
1721885557.519,1.9,
1721885560.037,0.92,
1721885561.028,0.65,
1721885561.525,0.48,
1721885563.006,0.31,
1721885563.502,0.2,
1721885565.011,0.58,
1721885566.009,0.76,
1721885566.499,0.48,
1721885567.5,0.33,
1721885568.489,0.62,
1721885569.49,0.6,
1721885570.483,0.53,
1721885572.503,0.64,
1721885573.49,0.83,
1721885574.495,0.58,
1721885575.492,0.56,
1721885577.481,0.42,
1721885578.501,0.3,
1721885580.0,0.2,
1721885580.499,0.27,
1721885581.479,0.22,
1721885582.502,0.23,
1721885583.465,0.26,
1721885584.455,0.25,
1721885585.461,0.17,
1721885586.464,0.19,
1721885587.454,0.19,
1721885588.451,0.15,
1721885589.928,0.14,
1721885590.407,0.15,
1721885591.418,0.62,
1721885592.436,1.75,
1721885593.444,1.18,
1721885594.437,1.43,
1721885595.96,2.47,
1721885597.457,0.85,
1721885598.465,1.26,
1721885599.477,0.98,
1721885600.464,0.98,
1721885601.46,0.53,
1721885602.97,0.69,
1721885604.446,1.2,
1721885605.945,1.15,
1721885606.438,0.7,
1721885607.465,1.46,
1721885608.459,1.31,
1721885610.466,0.64,
1721885609.453,1.11,
1721885612.499,0.57,
1721885613.498,1.0,
1721885614.962,1.04,
1721885615.46,1.0,
1721885616.455,0.79,
1721885617.447,0.53,
1721885618.445,0.82,
1721885619.442,0.88,
1721885620.426,0.89,
1721885622.416,1.34,
1721885623.899,0.88,
1721885624.397,1.23,
1721885625.386,1.47,
1721885626.893,1.1,
1721885627.888,0.9,
1721885628.38,0.8,
1721885629.871,1.47,
1721885630.865,1.06,
1721885631.372,1.1,
1721885632.865,0.61,
1721885633.87,0.44,
1721885634.879,0.24,
1721885635.364,0.31,
1721885636.355,1.09,
1721885637.868,0.5,
1721885638.361,0.48,
1721885639.84,0.12,
1721885640.358,1.31,
1721885642.868,0.73,
1721885643.363,1.43,
1721885644.373,0.79,
1721885645.86,0.6,
1721885646.367,0.87,
1721885648.867,0.54,
1721885649.379,0.89,
1721885650.383,0.68,
1721885652.393,1.01,
1721885654.39,0.62,
1721885655.402,1.12,
1721885656.399,0.98,
1721885657.407,0.89,
1721885658.411,0.26,
1721885659.899,0.25,
1721885660.881,1.08,
1721885661.378,0.28,
1721885662.854,0.92,
1721885663.851,1.03,
1721885664.358,1.28,
1721885666.363,0.8,
1721885667.842,0.5,
1721885668.35,0.87,
1721885669.364,0.4,
1721885670.372,0.19,
1721885671.881,2.53,
1721885672.379,1.41,
1721885673.371,0.23,
1721885674.35,0.15,
1721885675.847,0.22,
1721885676.865,0.49,
1721885677.355,0.6,
1721885678.841,0.48,
1721885681.344,0.29,
1721885682.327,0.56,
1721885683.329,0.95,
1721885684.343,0.45,
1721885685.34,0.86,
1721885686.347,0.58,
1721885687.347,1.23,
1721885688.349,1.36,
1721885689.857,0.46,
1721885690.366,1.24,
1721885691.375,1.11,
1721885692.372,0.82,
1721885693.366,0.46,
1721885694.361,0.23,
1721885695.34,0.27,
1721885696.852,0.18,
1721885698.333,0.84,
1721885699.347,1.03,
1721885700.327,0.79,
1721885701.811,0.91,
1721885704.285,0.91,
1721885706.256,1.22,
1721885707.255,1.01,
1721885708.251,0.71,
1721885709.222,0.92,
1721885710.249,0.73,
1721885711.247,0.82,
1721885712.728,0.67,
1721885713.228,0.52,
1721885714.205,0.39,
1721885715.204,0.62,
1721885716.692,0.44,
1721885717.681,0.77,
1721885718.185,0.77,
1721885719.184,0.33,
1721885720.187,0.19,
1721885721.175,0.19,
1721885722.153,0.94,
1721885723.15,0.81,
1721885724.138,0.81,
1721885726.129,0.52,
1721885730.061,0.19,
1721885731.078,0.22,
1721885732.083,0.5,
1721885733.083,0.5,
1721885734.546,0.8,
1721885735.044,0.53,
1721885736.059,0.53,
1721885737.059,0.38,
1721885738.052,0.26,
1721885739.526,0.26,
1721885740.029,0.19,
1721885741.023,0.17,
1721885743.018,1.62,
1721885744.012,1.09,
1721885745.003,1.01,
1721885746.513,1.24,
1721885747.022,0.32,
1721885748.026,0.32,
1721885749.037,0.93,
1721885750.048,0.63,
1721885751.071,0.63,
1721885754.084,1.39,
1721885755.08,0.87,
1721885756.078,0.86,
1721885757.055,0.86,
1721885758.061,0.65,
1721885759.039,1.25,
1721885760.04,1.25,
1721885761.041,1.96,
1721885762.055,1.52,
1721885764.536,1.13,
1721885765.022,0.2,
1721885766.046,1.93,
1721885767.045,1.55,
1721885768.532,0.68,
1721885770.022,0.62,
1721885771.497,0.82,
1721885771.997,0.86,
1721885772.999,1.06,
1721885774.485,0.95,
1721885775.482,0.55,
1721885780.452,0.17,
1721885780.95,1.44,
1721885781.907,1.6,
1721885783.416,0.62,
1721885783.92,0.83,
1721885785.42,0.33,
1721885786.414,0.23,
1721885787.4,0.23,
1721885787.889,0.89,
1721885788.887,0.36,
1721885789.883,1.37,
1721885790.865,1.5,
1721885791.867,1.43,
1721885792.863,0.53,
1721885794.346,0.96,
1721885794.847,1.51,
1721885795.846,1.35,
1721885796.86,1.29,
1721885797.841,1.11,
1721885798.838,0.96,
1721885800.328,1.01,
1721885801.802,0.63,
1721885802.816,1.75,
1721885804.312,1.33,
1721885804.822,2.88,
1721885807.346,1.02,
1721885807.845,0.73,
1721885808.838,0.68,
1721885809.841,0.63,
1721885810.838,0.3,
1721885811.841,0.56,
1721885813.85,0.17,
1721885814.849,0.62,
1721885816.318,0.97,
1721885817.336,0.73,
1721885817.839,0.18,
1721885818.817,0.17,
1721885820.305,0.29,
1721885820.809,1.34,
1721885821.788,0.73,
1721885822.79,0.41,
1721885823.772,0.16,
1721885824.772,0.74,
1721885825.762,0.58,
1721885827.257,0.44,
1721885827.757,0.33,
1721885828.765,0.43,
1721885830.258,0.26,
1721885831.239,0.2,
1721885832.247,0.22,
1721885833.248,0.29,
1721885833.751,0.62,
1721885835.726,0.42,
1721885837.706,0.46,
1721885836.715,0.26,
1721885838.684,0.37,
1721885840.194,0.26,
1721885840.683,0.16,
1721885841.658,0.53,
1721885842.63,0.9,
1721885843.636,0.77,
1721885846.13,0.41,
1721885846.616,0.21,
1721885847.609,0.53,
1721885848.616,0.91,
1721885850.123,1.11,
1721885850.627,1.12,
1721885851.638,0.61,
1721885852.646,0.71,
1721885854.638,0.41,
1721885855.641,0.43,
1721885856.619,0.32,
1721885857.61,1.25,
1721885858.6,0.83,
1721885859.613,0.84,
1721885862.07,1.06,
1721885862.581,0.23,
1721885863.585,0.17,
1721885865.1,0.24,
1721885866.097,0.18,
1721885867.086,0.19,
1721885868.087,0.68,
1721885868.563,1.68,
1721885869.56,1.41,
1721885870.567,0.33,
1721885871.562,1.32,
1721885874.055,0.58,
1721885874.562,0.64,
1721885875.555,0.34,
1721885877.57,0.31,
1721885879.07,0.19,
1721885880.052,0.72,
1721885881.053,1.06,
1721885881.562,1.05,
1721885883.579,1.34,
1721885884.545,1.27,
1721885886.534,0.71,
1721885887.529,0.55,
1721885888.538,0.28,
1721885889.541,0.31,
1721885890.52,1.83,
1721885892.005,1.48,
1721885892.513,0.56,
1721885894.483,0.84,
1721885893.502,1.23,
1721885895.486,0.84,
1721885896.479,1.29,
1721885897.478,1.0,
1721885898.475,0.83,
1721885899.468,0.78,
1721885903.951,0.46,
1721885904.953,0.27,
1721885905.465,0.45,
1721885906.453,1.13,
1721885907.474,0.89,
1721885908.466,1.1400000000000001,
1721885909.467,1.26,
1721885910.467,1.07,
1721885911.45,1.62,
1721885912.962,1.16,
1721885913.454,0.36,
1721885914.953,0.33,
1721885916.458,0.62,
1721885918.941,0.43,
1721885919.43,0.32,
1721885920.944,0.18,
1721885921.444,0.17,
1721885923.437,0.82,
1721885924.438,0.41,
1721885926.902,0.73,
1721885928.4,0.78,
1721885929.417,0.21,
1721885930.421,2.3,
1721885931.42,0.8,
1721885932.417,1.45,
1721885933.416,1.94,
1721885934.431,1.39,
1721885935.447,1.1,
1721885936.954,0.88,
1721885937.448,0.78,
1721885938.458,1.02,
1721885939.425,0.79,
1721885940.458,0.63,
1721885941.476,0.62,
1721885942.483,1.03,
1721885943.484,0.89,
1721885944.475,0.81,
1721885945.473,0.21,
1721885946.479,0.19,
1721885947.503,0.28,
1721885948.502,0.67,
1721885949.498,0.6,
1721885950.494,0.49,
1721885951.999,0.14,
1721885953.005,0.49,
1721885953.515,0.96,
1721885954.49,0.56,
1721885955.484,0.39,
1721885956.489,0.25,
1721885958.449,0.23,
1721885959.417,0.35,
1721885960.424,0.74,
1721885961.402,0.58,
1721885962.391,0.97,
1721885963.39,1.05,
1721885964.383,0.72,
1721885965.403,0.82,
1721885966.39,0.73,
1721885967.38,0.37,
1721885968.376,0.26,
1721885969.855,0.41,
1721885970.334,0.32,
1721885971.321,0.36,
1721885972.324,0.73,
1721885973.316,0.37,
1721885974.327,0.42,
1721885975.809,0.69,
1721885976.812,0.54,
1721885978.31,0.61,
1721885980.309,0.75,
1721885981.294,0.2,
1721885982.771,0.33,
1721885983.282,0.24,
1721885984.785,0.38,
1721885985.264,0.24,
1721885986.259,0.2,
1721885987.254,0.67,
1721885988.733,0.29,
1721885989.746,0.17,
1721885990.72,0.23,
1721885991.227,0.2,
1721885992.214,0.24,
1721885993.207,0.57,
1721885994.225,0.57,
1721885995.719,0.73,
1721885996.228,0.78,
1721885997.212,0.78,
1721885998.216,0.58,
1721885999.71,1.28,
1721886000.706,1.28,
1721886002.19,0.76,
1721886005.177,0.23,
1721886006.151,0.23,
1721886007.162,1.1,
1721886008.166,0.24,
1721886009.153,0.24,
1721886010.163,0.27,
1721886011.145,1.53,
1721886012.137,1.53,
1721886013.117,1.17,
1721886015.1,0.24,
1721886016.099,0.28,
1721886017.077,0.29,
1721886018.564,0.29,
1721886020.054,0.19,
1721886021.058,0.19,
1721886022.059,0.22,
1721886023.052,0.51,
1721886024.564,0.51,
1721886025.066,0.87,
1721886026.059,0.61,
1721886028.059,0.91,
1721886029.546,0.42,
1721886030.569,0.42,
1721886031.061,0.22,
1721886032.083,0.23,
1721886033.087,0.23,
1721886034.093,0.38,
1721886035.112,0.24,
1721886036.091,0.24,
1721886037.1,0.21,
1721886038.605,0.99,
1721886039.09,0.99,
1721886040.095,0.19,
1721886041.102,0.19,
1721886042.093,0.19,
1721886043.08,0.23,
1721886044.1,0.29,
1721886045.085,0.29,
1721886046.101,0.26,
1721886047.085,0.25,
1721886048.56,0.25,
1721886049.53,0.22,
1721886050.042,0.22,
1721886054.013,0.22,
1721886055.02,0.19,
1721886056.005,0.22,
1721886057.008,0.52,
1721886058.01,0.27,
1721886058.968,1.64,
1721886059.985,3.37,
1721886062.483,2.42,
1721886062.968,6.73,
1721886063.968,3.69,
1721886064.972,1.85,
1721886066.455,3.74,
1721886066.972,4.0,
1721886068.465,4.0,
1721886069.449,3.34,
1721886069.954,1.15,
1721886071.938,1.95,
1721886073.947,2.84,
1721886075.443,3.87,
1721886076.962,1.46,
1721886077.931,2.57,
1721886079.425,2.13,
1721886080.426,0.61,
1721886080.92,0.36,
1721886081.92,0.36,
1721886083.427,0.37,
1721886083.94,0.6,
1721886085.445,1.51,
1721886085.95,0.78,
1721886086.939,0.71,
1721886087.951,0.48,
1721886089.942,0.29,
1721886090.943,1.12,
1721886092.44,1.28,
1721886093.467,0.64,
1721886093.961,0.73,
1721886094.971,0.5,
1721886095.971,1.04,
1721886096.954,1.27,
1721886097.978,1.69,
1721886098.977,2.29,
1721886099.985,1.1,
1721886102.457,1.19,
1721886103.944,1.11,
1721886104.952,1.47,
1721886105.94,0.54,
1721886106.933,0.67,
1721886107.933,0.35,
1721886109.439,0.15,
1721886109.943,0.16,
1721886110.955,0.45,
1721886112.955,1.58,
1721886113.944,0.34,
1721886114.957,0.35,
1721886116.439,0.38,
1721886116.947,0.19,
1721886117.927,0.17,
1721886118.929,0.51,
1721886119.932,0.48,
1721886122.428,0.85,
1721886122.922,1.0,
1721886123.929,1.05,
1721886124.951,1.52,
1721886125.965,1.21,
1721886126.961,0.9,
1721886127.971,0.7,
1721886129.99,0.32,
1721886131.002,0.23,
1721886132.51,0.23,
1721886133.006,0.68,
1721886133.984,2.6,
1721886135.482,0.87,
1721886135.99,0.73,
1721886136.95,0.19,
1721886137.938,0.28,
1721886138.961,0.23,
1721886139.962,0.64,
1721886140.978,0.46,
1721886141.988,0.42,
1721886143.485,0.5,
1721886144.487,0.87,
1721886145.488,0.64,
1721886145.995,0.19,
1721886147.023,0.24,
1721886148.01,0.26,
1721886149.009,0.17,
1721886149.997,0.17,
1721886150.996,0.28,
1721886152.971,0.33,
1721886153.961,0.17,
1721886154.969,0.2,
1721886156.457,0.19,
1721886156.963,0.31,
1721886157.96,0.46,
1721886159.47,0.3,
1721886159.971,0.42,
1721886160.972,0.43,
1721886161.964,0.28,
1721886162.958,0.3,
1721886163.96,0.21,
1721886164.943,0.41,
1721886166.948,0.46,
1721886167.927,0.54,
1721886168.913,0.56,
1721886169.893,0.27,
1721886171.417,0.46,
1721886171.919,0.5,
1721886172.928,0.24,
1721886174.434,0.21,
1721886174.948,0.23,
1721886175.951,0.18,
1721886176.933,0.19,
1721886178.428,0.28,
1721886179.913,0.16,
1721886181.411,0.13,
1721886182.423,0.53,
1721886182.907,1.54,
1721886183.893,0.86,
1721886184.883,0.7,
1721886186.362,0.21,
1721886186.853,0.33,
1721886187.858,0.16,
1721886188.865,0.23,
1721886189.831,1.24,
1721886190.816,0.76,
1721886191.823,0.78,
1721886193.305,0.67,
1721886194.305,0.18,
1721886194.824,1.45,
1721886195.814,1.12,
1721886196.829,0.84,
1721886197.824,2.52,
1721886198.837,1.39,
1721886200.35,1.06,
1721886200.841,2.54,
1721886201.857,1.35,
1721886202.86,1.96,
1721886204.361,0.74,
1721886204.87,2.28,
1721886205.86,1.87,
1721886206.865,0.34,
1721886207.854,0.22,
1721886208.857,0.33,
1721886209.873,0.38,
1721886211.365,0.28,
1721886211.858,0.37,
1721886212.85,0.34,
1721886213.859,0.35,
1721886216.332,1.12,
1721886217.342,0.24,
1721886217.842,0.15,
1721886218.862,1.46,
1721886219.857,0.3,
1721886220.854,0.57,
1721886222.337,0.5,
1721886222.84,0.24,
1721886223.831,0.43,
1721886224.805,0.26,
1721886226.295,0.21,
1721886227.309,0.68,
1721886227.809,0.27,
1721886229.291,1.61,
1721886229.823,1.1,
1721886230.788,1.42,
1721886233.817,0.53,
1721886234.816,0.32,
1721886235.811,0.72,
1721886236.79,0.49,
1721886237.802,0.57,
1721886238.802,0.21,
1721886239.789,0.23,
1721886241.296,0.61,
1721886241.791,0.37,
1721886242.777,0.28,
1721886243.751,0.24,
1721886244.764,0.3,
1721886245.788,0.3,
1721886246.791,0.26,
1721886249.293,0.2,
1721886249.78,0.25,
1721886251.79,0.1,
1721886252.765,0.22,
1721886254.277,0.2,
1721886254.777,0.21,
1721886255.767,0.17,
1721886256.763,0.19,
1721886257.746,0.13,
1721886258.744,0.16,
1721886259.729,0.2,
1721886260.736,0.14,
1721886261.743,0.17,
1721886262.734,0.14,
1721886263.736,0.21,
1721886264.745,0.18,
1721886265.744,0.22,
1721886266.744,0.18,
1721886267.749,0.27,
1721886268.764,0.19,
1721886270.781,0.19,
1721886271.813,0.18,
1721886272.813,0.22,
1721886273.829,0.2,
1721886274.827,0.27,
1721886276.302,0.53,
1721886278.287,0.17,
1721886279.768,0.2,
1721886280.78,0.15,
1721886281.774,0.25,
1721886282.763,0.2,
1721886283.763,0.14,
1721886286.287,0.2,
1721886287.3,0.16,
1721886287.79,0.2,
1721886288.772,0.13,
1721886289.791,0.13,
1721886291.296,0.18,
1721886291.783,0.14,
1721886293.259,0.17,
1721886293.759,0.18,
1721886294.765,0.24,
1721886295.783,0.24,
1721886296.782,0.15,
1721886297.791,0.19,
1721886298.796,0.23,
1721886300.313,0.19,
1721886300.808,0.14,
1721886303.809,0.14,
1721886304.813,0.26,
1721886305.806,0.24,
1721886306.801,0.15,
1721886307.785,0.15,
1721886309.297,0.16,
1721886310.293,0.23,
1721886310.804,0.17,
1721886311.785,0.17,
1721886313.777,0.17,
1721886314.751,0.25,
1721886315.726,0.22,
1721886316.729,0.19,
1721886318.213,0.17,
1721886319.725,0.21,
1721886320.708,0.16,
1721886321.719,0.27,
1721886322.721,0.2,
1721886323.725,0.21,
1721886325.21,0.26,
1721886325.712,0.23,
1721886328.178,0.21,
1721886329.71,0.26,
1721886330.709,0.2,
1721886331.71,0.2,
1721886333.224,0.2,
1721886334.7,0.2,
1721886335.693,0.15,
1721886337.177,0.24,
1721886337.674,0.21,
1721886339.156,0.17,
1721886339.652,0.19,
1721886340.653,0.18,
1721886341.639,0.24,
1721886342.617,0.14,
1721886343.604,0.24,
1721886344.613,0.25,
1721886345.615,0.26,
1721886346.615,0.21,
1721886347.607,0.2,
1721886348.599,0.15,
1721886349.605,0.18,
1721886351.105,0.23,
1721886351.59,0.17,
1721886353.095,0.21,
1721886353.598,0.37,
1721886354.598,0.31,
1721886355.58,0.56,
1721886356.581,1.47,
1721886358.081,0.59,
1721886358.574,0.99,
1721886359.584,1.28,
1721886360.566,0.77,
1721886361.577,0.8,
1721886363.071,0.7,
1721886363.577,0.22,
1721886364.587,0.18,
1721886365.591,0.17,
1721886367.588,0.22,
1721886368.585,0.19,
1721886369.59,0.88,
1721886370.589,1.47,
1721886371.583,1.04,
1721886372.571,0.26,
1721886373.563,0.22,
1721886375.056,0.28,
1721886378.537,0.2,
1721886379.538,0.27,
1721886380.545,0.31,
1721886382.051,0.25,
1721886382.54,0.56,
1721886383.542,0.16,
1721886384.542,1.5,
1721886385.568,0.16,
1721886386.573,0.27,
1721886387.565,0.23,
1721886388.552,0.16,
1721886389.552,0.17,
1721886390.534,0.19,
1721886391.513,0.22,
1721886393.029,0.7,
1721886393.529,0.15,
1721886395.027,0.15,
1721886395.519,0.27,
1721886396.53,0.22,
1721886397.521,0.18,
1721886398.529,1.53,
1721886399.526,2.48,
1721886400.543,0.75,
1721886401.547,0.21,
1721886403.522,0.24,
1721886405.036,0.27,
1721886407.021,0.59,
1721886407.531,0.93,
1721886408.522,0.87,
1721886410.546,1.55,
1721886411.539,1.3,
1721886412.55,0.34,
1721886413.55,0.28,
1721886415.049,0.21,
1721886415.555,0.18,
1721886417.051,0.18,
1721886418.052,0.17,
1721886419.068,0.2,
1721886419.568,0.23,
1721886420.546,0.16,
1721886422.028,0.19,
1721886422.528,0.16,
1721886423.509,0.15,
1721886424.502,0.15,
1721886425.503,0.21,
1721886426.488,0.21,
1721886427.51,0.56,
1721886429.019,0.32,
1721886430.037,0.72,
1721886430.544,0.38,
1721886431.554,0.2,
1721886433.568,0.38,
1721886435.045,0.35,
1721886436.547,0.29,
1721886437.55,0.29,
1721886438.535,0.4,
1721886440.025,0.48,
1721886440.537,1.24,
1721886441.532,0.52,
1721886442.544,0.28,
1721886443.55,0.84,
1721886444.545,1.02,
1721886445.545,0.12,
1721886446.537,1.56,
1721886448.036,1.51,
1721886448.532,0.42,
1721886449.535,0.28,
1721886450.544,1.18,
1721886452.02,0.21,
1721886453.526,0.54,
1721886454.528,0.21,
1721886455.561,0.17,
1721886456.579,0.27,
1721886457.563,0.27,
1721886459.057,0.22,
1721886459.546,0.25,
1721886460.544,0.21,
1721886462.046,0.22,
1721886462.549,0.29,
1721886464.026,0.24,
1721886464.523,0.22,
1721886465.501,0.2,
1721886466.51,0.21,
1721886468.021,0.62,
1721886469.009,0.75,
1721886469.496,0.22,
1721886470.532,1.0,
1721886471.525,2.14,
1721886472.542,2.4,
1721886473.529,0.47,
1721886475.046,0.48,
1721886475.551,0.51,
1721886476.553,0.19,
1721886478.056,0.35,
1721886479.55,0.48,
1721886480.559,0.89,
1721886481.55,1.91,
1721886482.541,0.44,
1721886485.043,0.88,
1721886485.54,0.51,
1721886487.047,0.23,
1721886487.544,0.2,
1721886488.543,0.24,
1721886489.543,0.18,
1721886490.567,0.21,
1721886491.573,0.2,
1721886492.542,0.13,
1721886493.55,0.18,
1721886494.532,0.15,
1721886495.543,0.15,
1721886496.542,0.14,
1721886497.528,0.17,
1721886498.527,0.15,
1721886499.527,0.23,
1721886501.007,0.2,
1721886503.023,0.3,
1721886503.514,0.2,
1721886504.524,0.23,
1721886505.535,0.19,
1721886506.521,0.22,
1721886507.512,0.15,
1721886509.015,0.19,
1721886509.526,0.15,
1721886511.013,0.23,
1721886511.508,0.18,
1721886513.541,0.26,
1721886514.529,0.19,
1721886516.052,0.22,
1721886517.054,0.18,
1721886517.544,0.2,
1721886519.021,0.19,
1721886519.531,0.18,
1721886520.519,0.45,
1721886521.522,0.25,
1721886522.539,0.14,
1721886523.548,0.22,
1721886524.533,0.19,
1721886525.547,0.22,
1721886526.541,0.19,
1721886528.036,0.21,
1721886528.531,0.16,
1721886529.539,0.24,
1721886530.537,0.19,
1721886531.537,0.19,
1721886533.029,0.19,
1721886533.537,0.25,
1721886534.542,0.25,
1721886536.057,0.15,
1721886536.565,0.21,
1721886537.561,0.16,
1721886538.591,0.49,
1721886540.092,0.42,
1721886540.586,1.02,
1721886541.604,0.85,
1721886542.602,0.35,
1721886543.597,0.39,
1721886544.593,0.58,
1721886545.604,0.62,
1721886546.581,0.37,
1721886547.564,0.27,
1721886548.554,0.31,
1721886550.07,0.16,
1721886550.567,0.18,
1721886552.074,0.16,
1721886552.572,0.18,
1721886555.086,0.11,
1721886556.06,0.2,
1721886556.555,0.21,
1721886557.552,0.12,
1721886558.53,0.28,
1721886559.505,0.25,
1721886561.499,0.17,
1721886562.507,0.3,
1721886563.521,0.3,
1721886565.963,0.31,
1721886567.944,0.26,
1721886569.462,0.2,
1721886570.975,0.29,
1721886571.471,0.21,
1721886572.455,0.17,
1721886573.973,0.23,
1721886574.469,0.15,
1721886575.449,0.23,
1721886577.454,0.23,
1721886579.459,0.33,
1721886580.453,0.32,
1721886581.454,0.41,
1721886582.446,0.19,
1721886583.93,0.23,
1721886584.435,0.31,
1721886585.427,0.77,
1721886587.412,0.41,
1721886588.426,0.26,
1721886589.404,0.23,
1721886590.381,0.17,
1721886591.38,0.19,
1721886592.39,0.11,
1721886594.37,0.17,
1721886595.856,0.13,
1721886596.365,0.1,
1721886597.352,0.16,
1721886598.345,0.17,
1721886599.341,0.16,
1721886600.364,0.34,
1721886601.834,0.19,
1721886602.846,0.14,
1721886603.338,0.12,
1721886604.802,0.1,
1721886605.287,0.13,
1721886606.286,0.1,
1721886607.307,1.59,
1721886608.81,0.36,
1721886609.302,0.18,
1721886610.304,1.91,
1721886611.304,1.42,
1721886612.322,0.32,
1721886613.297,0.77,
1721886614.261,0.34,
1721886615.254,0.15,
1721886616.254,0.21,
1721886617.727,0.16,
1721886618.225,0.19,
1721886619.232,0.22,
1721886620.728,0.15,
1721886621.217,0.15,
1721886622.725,0.22,
1721886623.205,0.16,
1721886624.181,0.16,
1721886625.182,0.19,
1721886626.171,0.19,
1721886627.154,0.19,
1721886628.647,0.5,
1721886629.652,0.42,
1721886630.164,0.42,
1721886631.664,0.33,
1721886633.149,1.51,
1721886634.147,0.2,
1721886635.663,0.21,
1721886636.187,0.21,
1721886638.18,0.8,
1721886639.173,0.8,
1721886640.147,0.34,
1721886641.655,0.21,
1721886642.667,0.21,
1721886643.667,0.14,
1721886644.167,0.15,
1721886645.182,0.15,
1721886646.18,0.47,
1721886647.653,0.23,
1721886648.148,0.23,
1721886649.172,0.17,
1721886650.203,0.22,
1721886651.181,0.22,
1721886652.152,0.2,
1721886653.651,0.26,
1721886655.636,0.19,
1721886656.137,0.18,
1721886657.11,0.18,
1721886658.111,0.16,
1721886659.089,0.16,
1721886660.1,0.16,
1721886661.109,0.15,
1721886662.106,0.18,
1721886663.577,0.18,
1721886665.054,0.63,
1721886666.056,0.63,
1721886667.059,0.29,
1721886668.575,0.45,
1721886669.567,0.45,
1721886670.068,0.23,
1721886671.063,0.55,
1721886672.552,0.55,
1721886673.058,0.73,
1721886675.051,1.02,
1721886677.005,0.42,
1721886678.989,0.35,
1721886679.983,0.18,
1721886680.967,0.17,
1721886681.953,0.14,
1721886682.975,0.38,
1721886683.985,0.54,
1721886685.005,1.28,
1721886685.992,0.24,
1721886687.975,0.64,
1721886689.965,1.33,
1721886688.966,0.39,
1721886691.451,1.18,
1721886691.939,0.38,
1721886692.938,0.18,
1721886693.934,0.27,
1721886694.942,0.4,
1721886696.423,0.39,
1721886696.913,2.25,
1721886698.413,1.24,
1721886698.924,0.52,
1721886699.915,0.18,
1721886701.404,0.19,
1721886703.4,0.44,
1721886703.891,0.16,
1721886705.912,0.14,
1721886706.875,0.24,
1721886707.885,0.15,
1721886708.89,0.15,
1721886710.377,0.86,
1721886711.898,0.17,
1721886713.381,0.19,
1721886713.869,0.18,
1721886715.379,0.19,
1721886715.89,0.17,
1721886716.907,0.17,
1721886717.908,0.58,
1721886719.429,0.22,
1721886719.91,0.92,
1721886720.915,0.76,
1721886722.418,0.87,
1721886723.426,0.36,
1721886724.424,0.21,
1721886724.934,0.99,
1721886725.925,0.29,
1721886727.934,0.27,
1721886728.942,0.2,
1721886730.435,0.23,
1721886730.922,0.23,
1721886731.923,0.39,
1721886732.921,0.26,
1721886733.935,1.47,
1721886735.44,1.4,
1721886735.944,0.42,
1721886736.934,0.14,
1721886737.928,0.26,
1721886738.923,0.78,
1721886739.913,1.78,
1721886741.435,0.83,
1721886741.943,0.23,
1721886743.474,0.29,
1721886743.978,0.72,
1721886744.984,0.93,
1721886745.974,0.39,
1721886746.976,0.35,
1721886748.456,0.33,
1721886748.947,0.2,
1721886749.932,0.13,
1721886751.414,0.2,
1721886751.903,0.21,
1721886752.912,0.17,
1721886754.931,0.31,
1721886755.926,0.22,
1721886756.927,0.2,
1721886758.456,0.14,
1721886758.938,0.16,
1721886759.94,0.31,
1721886760.933,0.14,
1721886761.921,0.17,
1721886763.405,0.13,
1721886763.902,0.17,
1721886764.893,0.21,
1721886766.403,0.17,
1721886766.911,0.23,
1721886768.932,0.26,
1721886769.93,0.3,
1721886770.948,0.24,
1721886771.935,0.18,
1721886772.951,0.13,
1721886774.435,0.14,
1721886775.416,0.15,
1721886776.405,0.18,
1721886776.897,0.15,
1721886777.899,0.17,
1721886779.399,0.17,
1721886780.408,0.13,
1721886781.893,0.16,
1721886782.885,0.16,
1721886783.871,0.18,
1721886785.373,0.16,
1721886785.859,0.15,
1721886786.848,0.19,
1721886787.824,0.18,
1721886789.33,0.23,
1721886789.821,0.18,
1721886791.307,0.2,
1721886792.3,0.24,
1721886792.803,0.25,
1721886793.818,0.14,
1721886794.819,0.14,
1721886795.827,0.25,
1721886796.822,0.23,
1721886797.821,0.2,
1721886798.825,0.16,
1721886799.823,0.18,
1721886800.837,0.16,
1721886802.807,0.19,
1721886804.297,0.27,
1721886804.794,0.16,
1721886805.785,0.21,
1721886807.789,0.18,
1721886809.3,0.16,
1721886809.803,0.15,
1721886810.811,0.22,
1721886813.811,0.41,
1721886814.803,0.26,
1721886815.805,0.24,
1721886816.81,0.92,
1721886817.809,0.53,
1721886819.282,0.2,
1721886819.789,0.19,
1721886820.799,0.63,
1721886821.81,0.24,
1721886822.793,0.17,
1721886823.783,0.34,
1721886824.777,0.2,
1721886825.747,0.95,
1721886826.755,0.56,
1721886828.757,0.16,
1721886829.76,1.14,
1721886830.733,0.24,
1721886831.71,0.2,
1721886832.707,0.16,
1721886833.698,0.2,
1721886834.711,0.17,
1721886835.692,0.22,
1721886837.18,0.31,
1721886837.675,0.99,
1721886838.659,0.66,
1721886839.682,1.69,
1721886840.671,1.29,
1721886841.659,1.74,
1721886842.668,0.65,
1721886843.684,0.47,
1721886845.205,1.03,
1721886845.695,0.25,
1721886846.706,0.3,
1721886847.705,0.42,
1721886850.196,0.46,
1721886850.694,1.28,
1721886851.703,0.49,
1721886852.68,0.24,
1721886853.68,0.17,
1721886855.172,0.29,
1721886855.672,0.26,
1721886856.679,0.21,
1721886857.661,0.78,
1721886858.651,0.21,
1721886860.652,0.19,
1721886859.649,0.67,
1721886861.651,1.69,
1721886862.648,0.46,
1721886863.637,0.92,
1721886865.127,0.31,
1721886865.612,0.76,
1721886867.585,0.2,
1721886868.573,0.19,
1721886870.062,0.19,
1721886870.575,1.28,
1721886871.568,1.24,
1721886873.058,1.65,
1721886874.054,2.35,
1721886874.544,0.54,
1721886875.541,1.57,
1721886876.532,1.45,
1721886878.041,0.5,
1721886878.551,0.24,
1721886879.533,0.35,
1721886880.53,1.53,
1721886881.535,0.83,
1721886882.531,0.63,
1721886883.524,0.3,
1721886885.017,0.64,
1721886885.514,0.76,
1721886886.528,0.43,
1721886888.062,0.44,
1721886888.564,0.52,
1721886891.086,0.32,
1721886891.576,0.76,
1721886892.581,1.22,
1721886893.568,0.38,
1721886895.051,1.19,
1721886895.544,0.45,
1721886897.536,0.19,
1721886899.05,0.18,
1721886899.545,0.43,
1721886900.567,0.17,
1721886903.515,0.78,
1721886905.524,1.43,
1721886907.484,0.31,
1721886908.467,0.71,
1721886909.48,1.97,
1721886910.97,1.48,
1721886911.968,1.67,
1721886912.467,0.74,
1721886913.977,0.94,
1721886914.48,1.15,
1721886915.465,0.81,
1721886917.45,0.39,
1721886916.453,0.38,
1721886918.436,0.37,
1721886919.936,0.25,
1721886920.452,0.24,
1721886921.462,0.36,
1721886922.465,0.25,
1721886923.452,0.19,
1721886924.449,0.22,
1721886925.434,0.16,
1721886926.942,0.21,
1721886927.44,0.28,
1721886928.937,0.61,
1721886929.427,0.83,
1721886932.887,0.19,
1721886933.394,0.22,
1721886934.395,0.17,
1721886935.396,0.75,
1721886936.411,0.57,
1721886937.414,0.23,
1721886938.398,0.36,
1721886939.393,0.61,
1721886940.403,0.3,
1721886941.417,1.51,
1721886942.395,1.27,
1721886943.394,0.49,
1721886944.901,0.26,
1721886945.417,1.57,
1721886946.418,0.56,
1721886947.9,2.54,
1721886948.898,0.74,
1721886949.897,0.37,
1721886950.393,0.63,
1721886951.908,1.81,
1721886952.914,1.07,
1721886953.409,0.58,
1721886954.416,0.26,
1721886955.928,0.21,
1721886956.429,0.27,
1721886957.458,0.39,
1721886958.447,0.2,
1721886959.407,0.21,
1721886960.394,0.23,
1721886961.378,0.19,
1721886962.397,0.19,
1721886963.378,0.34,
1721886964.392,0.32,
1721886965.392,0.28,
1721886966.406,0.4,
1721886967.408,1.12,
1721886968.41,0.61,
1721886969.414,1.28,
1721886970.411,2.19,
1721886971.91,0.59,
1721886972.421,0.28,
1721886974.457,0.7,
1721886973.432,0.32,
1721886975.947,0.49,
1721886977.425,0.22,
1721886978.932,0.22,
1721886979.927,0.14,
1721886980.424,0.14,
1721886981.445,0.22,
1721886982.439,0.18,
1721886983.419,0.28,
1721886984.416,0.11,
1721886985.418,0.21,
1721886986.898,0.29,
1721886987.398,0.46,
1721886988.391,0.77,
1721886989.381,0.93,
1721886990.387,0.59,
1721886992.377,0.4,
1721886993.384,0.31,
1721886994.382,0.4,
1721886995.858,0.27,
1721886997.855,0.31,
1721886998.345,0.18,
1721886999.335,0.22,
1721887001.82,0.15,
1721887002.323,0.28,
1721887003.807,0.32,
1721887004.827,0.17,
1721887005.326,0.2,
1721887006.336,0.15,
1721887007.343,0.21,
1721887008.369,0.27,
1721887009.358,0.18,
1721887010.342,1.38,
1721887011.816,0.54,
1721887012.81,0.21,
1721887013.826,0.27,
1721887014.313,0.15,
1721887015.288,0.85,
1721887016.275,1.1,
1721887017.275,0.43,
1721887018.767,0.22,
1721887019.261,0.26,
1721887020.755,0.44,
1721887021.734,0.76,
1721887022.235,0.44,
1721887023.244,0.28,
1721887024.235,0.16,
1721887025.224,0.23,
1721887026.22,0.23,
1721887027.191,0.79,
1721887028.205,1.59,
1721887030.196,1.07,
1721887032.213,0.81,
1721887034.71,0.45,
1721887035.699,0.45,
1721887036.196,0.16,
1721887037.191,0.21,
1721887038.183,0.21,
1721887039.167,0.2,
1721887040.181,0.18,
1721887041.148,0.18,
1721887042.633,0.63,
1721887043.129,0.69,
1721887044.102,0.69,
1721887045.101,0.46,
1721887046.607,0.44,
1721887047.095,0.44,
1721887048.586,0.73,
1721887049.075,0.5,
1721887050.061,0.5,
1721887051.056,0.28,
1721887052.069,1.35,
1721887055.004,0.28,
1721887056.013,0.19,
1721887057.005,0.2,
1721887058.007,0.24,
1721887059.034,0.19,
1721887060.032,0.21,
1721887062.536,0.24,
1721887063.048,0.2,
1721887064.546,0.13,
1721887065.049,0.13,
1721887066.555,0.2,
1721887067.067,0.27,
1721887068.064,0.27,
1721887069.067,0.18,
1721887070.067,0.19,
1721887071.069,0.19,
1721887072.068,0.2,
1721887073.058,0.18,
1721887074.539,0.18,
1721887075.02,0.22,
1721887076.534,0.22,
1721887078.04,0.2,
1721887080.498,0.25,
1721887081.503,0.21,
1721887082.473,0.27,
1721887082.982,0.21,
1721887084.474,0.4,
1721887084.968,0.3,
1721887085.986,0.36,
1721887086.988,0.21,
1721887087.98,0.16,
1721887088.956,0.19,
1721887089.951,0.15,
1721887091.454,0.22,
1721887091.935,0.21,
1721887092.91,0.22,
1721887093.914,0.18,
1721887094.911,0.12,
1721887095.929,0.18,
1721887097.452,0.18,
1721887098.465,0.28,
1721887098.974,0.25,
1721887099.947,0.18,
1721887101.941,0.17,
1721887103.46,0.22,
1721887104.965,0.2,
1721887105.967,0.18,
1721887106.964,0.2,
1721887107.965,0.2,
1721887109.95,1.1,
1721887110.954,0.39,
1721887111.944,0.56,
1721887113.42,0.86,
1721887113.911,0.63,
1721887114.899,0.22,
1721887115.909,0.2,
1721887116.9,0.2,
1721887118.391,0.26,
1721887119.385,0.25,
1721887119.897,0.15,
1721887121.37,0.18,
1721887121.872,0.2,
1721887123.386,0.2,
1721887123.896,0.2,
1721887125.389,0.18,
1721887126.393,1.08,
1721887126.896,0.62,
1721887128.406,1.22,
1721887129.415,0.32,
1721887129.936,0.16,
1721887130.95,0.15,
1721887131.941,0.59,
1721887132.953,0.72,
1721887133.948,0.37,
1721887134.933,1.69,
1721887135.948,0.58,
1721887136.952,0.33,
1721887137.951,0.38,
1721887138.933,0.16,
1721887140.434,0.17,
1721887140.943,0.25,
1721887141.945,0.19,
1721887143.435,0.25,
1721887144.437,0.2,
1721887144.943,0.25,
1721887145.924,0.23,
1721887146.905,0.25,
1721887147.912,0.23,
1721887148.913,0.2,
1721887149.912,0.34,
1721887150.918,0.35,
1721887152.898,0.43,
1721887154.885,0.2,
1721887155.902,0.18,
1721887156.887,0.16,
1721887158.41,0.17,
1721887158.917,0.18,
1721887160.374,0.13,
1721887160.864,0.15,
1721887161.872,0.21,
1721887162.838,0.16,
1721887163.825,0.18,
1721887165.334,0.19,
1721887166.347,0.15,
1721887166.856,0.15,
1721887168.807,0.37,
1721887169.797,0.24,
1721887171.311,0.19,
1721887171.812,0.13,
1721887172.817,0.19,
1721887173.815,0.25,
1721887174.819,0.32,
1721887177.313,0.2,
1721887178.303,0.22,
1721887178.794,0.13,
1721887179.805,0.26,
1721887181.297,0.15,
1721887182.278,0.18,
1721887183.258,0.19,
1721887184.233,0.2,
1721887185.235,0.25,
1721887186.222,0.17,
1721887186.728,0.21,
1721887187.704,0.15,
1721887188.721,0.15,
1721887189.701,0.13,
1721887190.709,0.17,
1721887191.707,0.18,
1721887192.713,0.16,
1721887194.186,0.18,
1721887194.665,0.18,
1721887196.668,0.23,
1721887197.666,0.15,
1721887198.658,0.16,
1721887199.659,0.2,
1721887200.624,0.25,
1721887202.103,0.23,
1721887202.587,0.24,
1721887204.1,0.18,
1721887205.09,0.2,
1721887205.593,0.18,
1721887207.582,0.19,
1721887208.565,0.18,
1721887209.559,0.21,
1721887210.552,0.16,
1721887211.559,0.24,
1721887212.581,0.2,
1721887214.052,0.21,
1721887215.055,0.23,
1721887215.556,0.23,
1721887216.572,0.23,
1721887217.559,0.25,
1721887218.549,0.18,
1721887219.558,0.27,
1721887220.545,0.18,
1721887221.539,0.3,
1721887222.52,0.16,
1721887223.496,0.23,
1721887224.994,0.17,
1721887225.981,0.25,
1721887226.486,0.2,
1721887227.491,0.23,
1721887228.987,0.23,
1721887229.483,0.19,
1721887230.458,0.19,
1721887231.449,0.24,
1721887232.947,0.21,
1721887233.43,0.23,
1721887234.45,0.18,
1721887235.446,0.26,
1721887236.434,0.19,
1721887237.938,0.32,
1721887238.454,0.21,
1721887244.714,0.19,
1721887245.707,0.24,
1721887246.689,0.2,
1721887248.178,0.18,
1721887249.195,0.21,
1721887249.687,0.2,
1721887250.675,0.25,
1721887252.159,0.24,
1721887252.662,0.23,
1721887254.642,0.23,
1721887255.647,0.26,
1721887256.652,0.23,
1721887257.654,0.2,
1721887259.15,0.36,
1721887259.653,0.19,
1721887261.154,0.18,
1721887261.65,0.18,
1721887263.184,0.18,
1721887263.686,0.14,
1721887264.677,0.17,
1721887265.669,0.15,
1721887266.657,0.16,
1721887267.658,0.19,
1721887268.676,0.19,
1721887269.675,0.2,
1721887270.659,0.26,
1721887271.651,0.32,
1721887272.623,0.31,
1721887273.637,0.28,
1721887275.147,0.27,
1721887275.634,0.18,
1721887276.645,0.21,
1721887277.676,0.19,
1721887278.673,0.16,
1721887280.174,0.19,
1721887280.672,0.19,
1721887281.706,0.74,
1721887282.693,0.6,
1721887283.708,0.31,
1721887284.704,0.39,
1721887285.714,0.27,
1721887287.231,0.2,
1721887287.729,0.39,
1721887289.232,0.39,
1721887289.747,0.27,
1721887290.759,0.16,
1721887291.741,0.16,
1721887292.735,0.19,
1721887293.731,0.16,
1721887294.73,0.16,
1721887296.227,0.23,
1721887296.742,0.2,
1721887298.736,0.16,
1721887300.209,0.24,
1721887300.688,0.19,
1721887302.656,0.23,
1721887305.139,0.21,
1721887305.635,0.25,
1721887307.132,0.32,
1721887308.129,0.18,
1721887309.13,0.18,
1721887309.631,0.17,
1721887310.629,0.25,
1721887311.647,0.24,
1721887313.142,0.32,
1721887315.151,0.23,
1721887315.638,0.23,
1721887316.615,0.13,
1721887317.611,0.16,
1721887318.626,0.23,
1721887320.573,0.21,
1721887321.556,0.26,
1721887322.541,0.32,
1721887323.538,0.2,
1721887325.06,0.19,
1721887325.559,0.2,
1721887327.537,0.14,
1721887328.563,0.14,
1721887330.074,0.19,
1721887330.57,0.23,
1721887332.089,0.23,
1721887332.607,0.17,
1721887334.09,0.16,
1721887334.593,0.17,
1721887336.093,0.17,
1721887336.593,0.23,
1721887337.585,0.16,
1721887339.539,0.19,
1721887340.56,0.24,
1721887341.552,0.16,
1721887342.542,0.17,
1721887344.016,0.25,
1721887344.527,0.25,
1721887345.529,0.28,
1721887347.011,0.16,
1721887347.99,0.17,
1721887348.48,0.23,
1721887349.494,0.2,
1721887350.475,0.21,
1721887352.463,0.14,
1721887353.487,0.22,
1721887354.486,0.2,
1721887355.482,0.15,
1721887356.466,0.19,
1721887357.46,0.17,
1721887358.449,0.16,
1721887359.445,0.16,
1721887360.424,0.25,
1721887361.901,0.17,
1721887362.912,0.18,
1721887363.408,0.21,
1721887364.41,0.32,
1721887365.377,0.16,
1721887366.856,0.18,
1721887367.348,0.12,
1721887368.873,0.14,
1721887369.374,0.19,
1721887370.854,0.22,
1721887371.349,0.23,
1721887372.366,0.24,
1721887373.374,0.23,
1721887374.381,0.16,
1721887377.898,0.19,
1721887379.399,0.26,
1721887380.383,0.19,
1721887381.379,0.19,
1721887382.385,0.23,
1721887383.395,0.18,
1721887384.391,0.2,
1721887385.373,0.18,
1721887386.382,0.15,
1721887387.412,0.17,
1721887388.409,0.21,
1721887389.419,0.18,
1721887390.392,0.21,
1721887391.383,0.21,
1721887392.895,0.19,
1721887393.383,0.14,
1721887394.371,0.22,
1721887395.38,0.23,
1721887396.383,0.67,
1721887397.369,1.17,
1721887398.376,0.66,
1721887399.373,0.25,
1721887400.371,0.25,
1721887401.875,0.28,
1721887402.364,0.35,
1721887403.85,0.32,
1721887404.355,0.18,
1721887405.358,1.89,
1721887406.368,0.62,
1721887407.373,0.75,
1721887408.368,0.52,
1721887409.345,0.37,
1721887410.333,0.23,
1721887411.313,0.23,
1721887412.296,0.98,
1721887413.287,0.41,
1721887414.286,0.83,
1721887415.288,1.71,
1721887417.28,2.1799999999999997,
1721887418.273,3.9299999999999997,
1721887419.258,2.24,
1721887421.224,3.16,
1721887422.737,1.46,
1721887423.215,3.26,
1721887424.221,2.58,
1721887425.227,2.24,
1721887426.708,0.68,
1721887428.19,1.74,
1721887429.169,2.3200000000000003,
1721887430.675,4.8,
1721887431.171,1.0,
1721887432.177,2.32,
1721887433.199,1.82,
1721887435.17,1.91,
1721887436.162,1.29,
1721887437.155,2.55,
1721887438.152,0.68,
1721887439.144,1.86,
1721887440.143,1.12,
1721887441.147,1.56,
1721887442.147,1.9100000000000001,
1721887443.143,1.8599999999999999,
1721887444.144,4.79,
1721887445.145,2.96,
1721887446.614,3.27,
1721887447.103,3.04,
1721887448.088,2.67,
1721887449.094,2.0,
1721887450.099,1.36,
1721887451.1,1.56,
1721887453.599,0.2,
1721887454.083,0.2,
1721887455.074,0.19,
1721887456.557,0.22,
1721887457.055,0.21,
1721887458.063,0.23,
1721887459.06,0.19,
1721887460.064,0.36,
1721887461.056,1.3,
1721887462.038,1.25,
1721887463.02,0.54,
1721887464.01,0.51,
1721887465.023,0.27,
1721887466.013,0.59,
1721887467.022,0.75,
1721887468.025,0.63,
1721887472.014,2.7800000000000002,
1721887473.011,1.44,
1721887474.007,0.63,
1721887474.999,0.27,
1721887475.993,0.44,
1721887477.982,0.29,
1721887479.46,0.28,
1721887479.955,0.99,
1721887480.967,0.7,
1721887481.957,0.32,
1721887482.961,0.28,
1721887483.959,0.19,
1721887484.943,0.23,
1721887485.94,0.22,
1721887486.932,0.55,
1721887488.43,0.2,
1721887489.433,0.18,
1721887489.934,0.25,
1721887492.39,0.3,
1721887492.888,0.3,
1721887494.39,0.47,
1721887495.877,0.37,
1721887496.864,0.22,
1721887498.377,0.16,
1721887499.387,0.16,
1721887500.87,0.16,
1721887502.4,0.16,
1721887502.882,0.19,
1721887504.38,1.49,
1721887504.871,1.49,
1721887506.388,0.33,
1721887506.889,0.28,
1721887508.367,0.28,
1721887508.872,2.16,
1721887509.87,1.04,
1721887510.865,1.04,
1721887512.348,1.91,
1721887512.853,2.12,
1721887513.831,2.12,
1721887515.331,2.0300000000000002,
1721887515.806,1.72,
1721887516.79,1.72,
1721887517.785,1.71,
1721887518.782,0.56,
1721887519.784,0.56,
1721887520.783,0.42,
1721887521.781,0.35,
1721887523.274,0.35,
1721887524.262,0.21,
1721887524.768,0.18,
1721887526.263,0.18,
1721887527.276,0.17,
1721887527.786,2.05,
1721887528.78,2.05,
1721887529.782,1.18,
1721887531.274,0.9,
1721887532.257,0.9,
1721887534.263,1.66,
1721887535.254,1.66,
1721887536.754,0.46,
1721887537.749,0.46,
1721887539.229,0.38,
1721887539.744,0.17,
1721887540.738,0.17,
1721887541.744,2.02,
1721887542.736,1.98,
1721887544.208,1.98,
1721887545.216,1.69,
1721887546.19,0.75,
1721887546.691,1.2,
1721887547.67,1.6,
1721887548.677,1.51,
1721887549.653,1.41,
1721887551.636,0.48,
1721887553.133,0.67,
1721887553.619,0.34,
1721887554.63,1.17,
1721887555.62,2.03,
1721887556.618,1.6,
1721887557.628,1.92,
1721887558.584,1.07,
1721887559.585,0.93,
1721887562.093,0.21,
1721887563.093,0.16,
1721887570.078,0.16,
1721887570.56,0.12,
1721887572.071,0.13,
1721887573.553,0.2,
1721887574.533,0.12,
1721887575.528,0.14,
1721887576.522,0.15,
1721887577.526,0.22,
1721887580.533,0.15,
1721887581.575,0.17,
1721887582.572,0.19,
1721887583.547,0.13,
1721887584.558,0.17,
1721887585.554,0.23,
1721887586.548,0.56,
1721887587.514,0.19,
1721887588.511,0.3,
1721887589.517,0.25,
1721887591.023,0.22,
1721887592.027,0.17,
1721887592.534,0.23,
1721887593.509,0.5,
1721887594.489,0.23,
1721887595.498,0.11,
1721887597.006,0.28,
1721887598.497,0.16,
1721887599.509,0.16,
1721887600.512,0.12,
1721887603.46,0.27,
1721887605.448,0.41,
1721887606.453,0.23,
1721887607.462,0.16,
1721887608.935,0.14,
1721887609.916,0.13,
1721887610.425,0.19,
1721887611.429,0.5,
1721887612.948,0.56,
1721887613.432,0.26,
1721887614.934,0.33,
1721887615.939,0.22,
1721887616.435,0.18,
1721887617.431,0.16,
1721887618.447,0.23,
1721887620.928,0.18,
1721887622.425,0.3,
1721887623.406,0.23,
1721887624.407,0.23,
1721887625.421,0.21,
1721887627.888,0.16,
1721887628.384,0.25,
1721887629.408,0.13,
1721887630.399,0.18,
1721887631.906,0.15,
1721887632.4,0.12,
1721887633.879,0.19,
1721887634.872,0.77,
1721887635.386,0.78,
1721887636.91,0.87,
1721887637.921,0.23,
1721887639.413,1.45,
1721887640.399,1.96,
1721887642.427,1.01,
1721887641.413,2.29,
1721887643.438,2.1,
1721887644.448,0.9,
1721887645.461,0.37,
1721887646.45,0.31,
1721887647.45,1.28,
1721887648.44,0.54,
1721887649.936,0.18,
1721887650.92,1.72,
1721887651.936,0.74,
1721887652.956,1.33,
1721887654.45,0.62,
1721887655.454,0.74,
1721887656.936,0.29,
1721887657.427,1.72,
1721887658.424,0.87,
1721887659.933,0.66,
1721887660.413,0.77,
1721887661.43,1.17,
1721887662.423,0.55,
1721887663.421,1.95,
1721887664.429,1.06,
1721887665.431,0.88,
1721887666.449,1.04,
1721887667.929,2.0,
1721887668.42,1.79,
1721887669.405,1.31,
1721887670.397,1.85,
1721887671.901,1.41,
1721887672.408,0.97,
1721887673.408,0.93,
1721887674.884,1.7,
1721887675.375,1.93,
1721887677.872,0.68,
1721887678.361,0.33,
1721887679.827,0.3,
1721887681.313,0.47,
1721887682.793,0.34,
1721887683.291,0.21,
1721887685.777,0.77,
1721887686.272,1.0,
1721887687.268,0.97,
1721887688.757,0.61,
1721887690.278,2.28,
1721887691.275,0.88,
1721887692.275,0.75,
1721887694.299,0.7,
1721887695.29,0.98,
1721887696.295,1.09,
1721887697.305,1.18,
1721887699.292,1.26,
1721887700.274,1.18,
1721887701.757,1.26,
1721887703.738,1.03,
1721887705.226,0.76,
1721887706.199,0.63,
1721887707.186,0.16,
1721887709.187,1.24,
1721887710.185,1.85,
1721887711.186,1.65,
1721887712.16,1.43,
1721887713.16,1.52,
1721887714.154,0.8,
1721887715.155,1.06,
1721887716.653,0.26,
1721887717.139,0.19,
1721887718.631,0.12,
1721887719.105,1.12,
1721887720.101,1.33,
1721887721.119,1.39,
1721887722.1,1.43,
1721887723.117,2.1,
1721887724.126,0.63,
1721887725.118,0.62,
1721887726.139,0.51,
1721887727.121,0.66,
1721887728.118,0.63,
1721887729.098,0.63,
1721887730.073,1.56,
1721887731.064,0.9,
1721887732.555,0.59,
1721887733.059,0.53,
1721887734.052,0.27,
1721887735.546,2.34,
1721887736.033,1.75,
1721887737.991,1.24,
1721887739.468,0.75,
1721887739.947,0.78,
1721887740.922,0.22,
1721887742.421,0.24,
1721887742.908,0.17,
1721887743.896,0.16,
1721887744.908,0.16,
1721887745.904,0.48,
1721887746.897,0.26,
1721887748.397,0.26,
1721887748.896,0.25,
1721887749.899,0.19,
1721887751.871,0.2,
1721887753.379,0.18,
1721887753.864,0.18,
1721887754.851,0.13,
1721887755.839,0.15,
1721887756.849,0.15,
1721887758.354,0.18,
1721887760.859,0.59,
1721887761.856,0.5,
1721887762.847,0.5,
1721887763.843,0.38,
1721887764.831,0.29,
1721887765.822,0.29,
1721887767.311,0.15,
1721887767.82,0.12,
1721887768.816,0.12,
1721887770.316,0.17,
1721887770.813,0.13,
1721887771.832,0.13,
1721887772.823,0.51,
1721887773.845,0.39,
1721887775.348,0.39,
1721887776.368,0.48,
1721887777.855,0.38,
1721887779.849,0.74,
1721887780.861,0.74,
1721887781.855,1.65,
1721887783.847,0.15,
1721887784.832,0.14,
1721887785.826,0.2,
1721887786.802,0.2,
1721887787.778,0.28,
1721887788.78,0.21,
1721887789.752,0.21,
1721887790.743,0.16,
1721887791.737,1.27,
1721887792.727,1.27,
1721887793.712,1.66,
1721887794.736,1.63,
1721887795.738,1.63,
1721887796.757,0.39,
1721887797.746,0.5,
1721887798.735,0.5,
1721887799.714,0.16,
1721887802.195,0.99,
1721887803.688,0.93,
1721887804.708,1.15,
1721887805.694,0.9,
1721887807.198,0.61,
1721887808.2,0.23,
1721887808.697,0.25,
1721887809.695,0.35,
1721887811.16,0.28,
1721887811.634,0.3,
1721887813.118,0.16,
1721887813.622,0.22,
1721887815.102,0.16,
1721887816.103,1.16,
1721887816.602,0.18,
1721887817.597,0.57,
1721887818.574,0.35,
1721887819.57,0.14,
1721887820.558,0.2,
1721887821.57,0.43,
1721887824.052,0.12,
1721887824.538,0.16,
1721887825.541,0.16,
1721887827.032,0.13,
1721887829.032,0.2,
1721887830.026,0.69,
1721887831.855,0.57,
1721887833.343,0.29,
1721887834.334,0.29,
1721887835.823,0.66,
1721887836.348,0.71,
1721887837.338,0.48,
1721887839.834,0.25,
1721887840.329,0.19,
1721887841.337,0.42,
1721887842.328,0.4,
1721887843.302,0.52,
1721887844.319,0.43,
1721887845.316,0.54,
1721887846.294,0.48,
1721887847.298,0.34,
1721887848.315,0.31,
1721887849.332,0.28,
1721887851.825,0.29,
1721887854.277,0.19,
1721887855.29,0.15,
1721887856.304,0.32,
1721887857.816,0.18,
1721887858.33,0.16,
1721887859.818,0.18,
1721887860.315,0.19,
1721887861.309,0.19,
1721887862.799,0.15,
1721887863.788,0.2,
1721887864.29,0.18,
1721887865.308,0.2,
1721887866.812,0.18,
1721887867.298,0.18,
1721887868.325,0.93,
1721887869.328,0.4,
1721887870.831,0.26,
1721887871.849,0.27,
1721887872.363,0.18,
1721887873.368,0.22,
1721887874.85,0.2,
1721887875.365,0.94,
1721887877.879,0.15,
1721887878.881,0.19,
1721887879.368,0.18,
1721887880.371,0.24,
1721887881.367,0.17,
1721887882.362,0.18,
1721887883.837,0.15,
1721887884.345,0.12,
1721887885.342,0.17,
1721887886.347,0.23,
1721887887.361,0.54,
1721887888.357,1.1,
1721887889.87,1.04,
1721887890.353,0.29,
1721887891.352,0.21,
1721887892.344,0.15,
1721887894.872,0.1,
1721887895.366,0.15,
1721887896.37,0.22,
1721887897.379,0.18,
1721887898.911,0.14,
1721887899.419,0.17,
1721887900.419,0.3,
1721887901.925,0.16,
1721887902.43,0.14,
1721887903.414,0.17,
1721887904.399,0.24,
1721887906.902,1.13,
1721887907.392,0.78,
1721887908.885,0.3,
1721887909.41,0.21,
1721887910.416,0.2,
1721887911.401,0.67,
1721887912.41,0.66,
1721887913.388,0.35,
1721887914.39,0.35,
1721887915.39,0.24,
1721887916.893,0.19,
1721887917.907,0.17,
1721887918.409,0.24,
1721887919.41,0.21,
1721887920.911,0.2,
1721887921.404,0.25,
1721887922.402,0.21,
1721887923.387,0.23,
1721887924.368,0.17,
1721887925.354,0.17,
1721887926.855,0.19,
1721887928.367,0.26,
1721887929.849,0.26,
1721887930.341,0.19,
