time,quality_max
1721884469.047,55,
1721884470.541,65,
1721884471.53,79,
1721884472.041,81,
1721884473.028,81,
1721884474.042,83,
1721884476.046,83,
1721884479.057,83,
1721884480.045,80,
1721884481.02,78,
1721884482.536,80,
1721884483.539,80,
1721884484.543,80,
1721884485.538,80,
1721884486.036,80,
1721884487.535,81,
1721884488.548,81,
1721884490.054,81,
1721884491.53,81,
1721884492.505,81,
1721884493.487,81,
1721884493.988,79,
1721884494.974,79,
1721884496.983,79,
1721884497.987,79,
1721884498.968,72,
1721884499.963,70,
1721884501.469,70,
1721884502.481,73,
1721884502.967,73,
1721884504.466,73,
1721884504.968,73,
1721884507.492,84,
1721884507.991,84,
1721884509.493,84,
1721884509.98,84,
1721884510.986,84,
1721884511.964,84,
1721884512.982,83,
1721884513.978,85,
1721884514.963,85,
1721884516.446,85,
1721884517.455,85,
1721884517.96,85,
1721884518.962,85,
1721884519.932,80,
1721884521.452,77,
1721884521.973,69,
1721884522.969,63,
1721884524.961,66,
1721884526.928,66,
1721884528.414,66,
1721884528.904,73,
1721884529.897,73,
1721884530.89,83,
1721884531.892,83,
1721884532.885,83,
1721884534.373,83,
1721884534.858,83,
1721884535.859,83,
1721884536.847,85,
1721884537.854,85,
1721884538.849,85,
1721884539.869,85,
1721884540.862,85,
1721884541.846,85,
1721884542.811,85,
1721884543.823,84,
1721884545.352,84,
1721884545.857,84,
1721884546.868,84,
1721884548.369,84,
1721884548.855,84,
1721884550.324,81,
1721884550.815,81,
1721884552.81,81,
1721884553.783,80,
1721884555.798,80,
1721884556.768,80,
1721884558.275,80,
1721884558.782,80,
1721884560.289,79,
1721884560.789,79,
1721884561.789,81,
1721884562.79,82,
1721884564.257,82,
1721884564.743,82,
1721884565.731,82,
1721884568.673,82,
1721884569.672,74,
1721884570.691,67,
1721884571.693,67,
1721884572.703,67,
1721884573.686,67,
1721884577.717,67,
1721884578.719,67,
1721884581.249,74,
1721884581.743,75,
1721884582.751,75,
1721884583.752,75,
1721884584.768,75,
1721884585.756,76,
1721884587.73,80,
1721884586.74,77,
1721884588.768,80,
1721884589.782,80,
1721884590.782,80,
1721884591.778,80,
1721884592.774,80,
1721884593.754,78,
1721884595.246,72,
1721884595.745,72,
1721884597.25,63,
1721884597.738,49,
1721884598.722,48,
1721884599.726,48,
1721884600.734,44,
1721884601.698,40,
1721884602.662,39,
1721884603.669,45,
1721884605.163,51,
1721884605.659,59,
1721884607.136,59,
1721884608.642,60,
1721884609.668,60,
1721884610.673,66,
1721884611.685,66,
1721884612.664,66,
1721884613.689,66,
1721884614.689,66,
1721884615.705,66,
1721884616.73,59,
1721884617.711,55,
1721884618.719,55,
1721884620.206,55,
1721884620.709,55,
1721884621.698,72,
1721884622.701,72,
1721884623.692,72,
1721884624.697,72,
1721884625.721,72,
1721884627.699,79,
1721884628.685,79,
1721884631.14,79,
1721884631.646,79,
1721884632.632,79,
1721884633.632,75,
1721884634.617,75,
1721884635.615,71,
1721884636.612,69,
1721884638.1,57,
1721884639.1,50,
1721884640.097,60,
1721884640.59,63,
1721884642.116,63,
1721884643.104,63,
1721884643.6,63,
1721884644.57,63,
1721884646.051,63,
1721884646.55,57,
1721884647.552,49,
1721884648.544,62,
1721884649.541,63,
1721884651.03,63,
1721884652.523,63,
1721884654.016,63,
1721884655.024,63,
1721884656.53,58,
1721884658.047,58,
1721884658.545,58,
1721884659.54,58,
1721884661.029,68,
1721884662.503,70,
1721884663.507,70,
1721884664.499,70,
1721884665.473,70,
1721884666.467,70,
1721884667.46,63,
1721884669.441,69,
1721884670.414,70,
1721884671.382,75,
1721884672.392,75,
1721884673.398,75,
1721884674.387,75,
1721884675.363,75,
1721884677.333,74,
1721884678.846,74,
1721884678.34,74,
1721884680.349,65,
1721884681.349,67,
1721884681.359,67,
1721884683.819,67,
1721884684.31,67,
1721884684.3,67,
1721884686.309,67,
1721884687.332,61,
1721884687.327,61,
1721884689.329,65,
1721884690.317,65,
1721884690.818,65,
1721884693.317,74,
1721884693.334,74,
1721884695.317,74,
1721884696.33,74,
1721884696.342,74,
1721884698.872,74,
1721884699.356,41,
1721884699.347,41,
1721884702.345,44,
1721884704.823,44,
1721884705.325,44,
1721884705.337,44,
1721884707.35,44,
1721884708.352,56,
1721884708.346,56,
1721884710.336,68,
1721884711.313,68,
1721884711.307,68,
1721884714.288,68,
1721884714.291,68,
1721884715.269,68,
1721884717.265,86,
1721884717.242,86,
1721884718.213,86,
1721884719.694,86,
1721884721.192,86,
1721884723.175,75,
1721884724.16,75,
1721884725.154,75,
1721884726.635,75,
1721884727.126,75,
1721884728.129,75,
1721884729.145,70,
1721884730.141,70,
1721884731.146,70,
1721884732.148,72,
1721884733.133,72,
1721884734.114,72,
1721884735.128,72,
1721884736.109,72,
1721884738.078,72,
1721884740.076,63,
1721884742.582,57,
1721884743.591,57,
1721884744.562,57,
1721884745.55,57,
1721884746.041,57,
1721884747.512,57,
1721884748.005,55,
1721884749.007,53,
1721884749.982,53,
1721884750.961,53,
1721884752.94,45,
1721884753.946,61,
1721884755.906,63,
1721884757.808,81,
1721884759.332,85,
1721884759.825,85,
1721884760.816,85,
1721884763.3,85,
1721884763.805,85,
1721884765.284,79,
1721884765.78,86,
1721884766.782,86,
1721884767.775,86,
1721884768.787,86,
1721884770.791,86,
1721884771.818,74,
1721884772.817,74,
1721884773.812,74,
1721884774.807,71,
1721884775.822,71,
1721884777.317,71,
1721884777.833,71,
1721884779.341,71,
1721884779.846,71,
1721884780.845,72,
1721884781.841,72,
1721884782.848,72,
1721884783.849,72,
1721884785.351,72,
1721884786.35,72,
1721884787.366,68,
1721884787.858,64,
1721884788.86,64,
1721884789.854,66,
1721884791.847,73,
1721884792.852,73,
1721884793.843,73,
1721884794.854,73,
1721884796.342,73,
1721884796.84,36,
1721884797.839,35,
1721884799.821,57,
1721884800.823,57,
1721884801.834,57,
1721884803.331,57,
1721884803.833,57,
1721884804.83,37,
1721884805.826,37,
1721884807.321,47,
1721884807.82,47,
1721884808.825,49,
1721884809.815,49,
1721884810.814,57,
1721884812.312,57,
1721884813.32,57,
1721884814.791,57,
1721884815.777,57,
1721884816.779,50,
1721884818.286,48,
1721884818.785,60,
1721884819.801,60,
1721884820.822,60,
1721884821.82,60,
1721884822.791,60,
1721884824.776,47,
1721884826.779,54,
1721884828.271,54,
1721884829.295,54,
1721884829.788,54,
1721884831.305,63,
1721884831.81,63,
1721884832.837,63,
1721884833.826,64,
1721884834.822,71,
1721884835.812,71,
1721884837.288,71,
1721884838.775,71,
1721884840.252,71,
1721884840.738,27,
1721884842.25,34,
1721884842.764,41,
1721884843.765,41,
1721884845.271,43,
1721884846.748,53,
1721884847.742,53,
1721884849.728,56,
1721884853.724,57,
1721884856.165,57,
1721884856.66,57,
1721884857.662,57,
1721884858.655,57,
1721884860.136,51,
1721884860.64,61,
1721884861.648,66,
1721884863.607,68,
1721884865.104,70,
1721884866.096,70,
1721884866.602,70,
1721884868.125,70,
1721884868.628,70,
1721884869.624,70,
1721884870.623,71,
1721884872.104,71,
1721884872.603,71,
1721884873.598,71,
1721884875.078,71,
1721884875.582,71,
1721884878.089,59,
1721884878.597,63,
1721884879.61,63,
1721884880.608,63,
1721884882.102,63,
1721884882.608,63,
1721884884.081,63,
1721884884.577,57,
1721884885.574,56,
1721884886.572,56,
1721884887.588,56,
1721884888.574,56,
1721884890.569,52,
1721884892.045,52,
1721884893.042,52,
1721884893.553,52,
1721884894.548,52,
1721884896.026,52,
1721884897.017,43,
1721884897.509,63,
1721884899.008,63,
1721884899.494,63,
1721884901.474,65,
1721884904.944,65,
1721884905.432,65,
1721884906.423,65,
1721884907.945,48,
1721884908.447,48,
1721884909.447,48,
1721884910.924,48,
1721884911.927,48,
1721884912.409,41,
1721884913.876,35,
1721884914.375,33,
1721884915.862,28,
1721884917.868,7,
1721884918.863,28,
1721884919.848,28,
1721884920.816,41,
1721884921.321,41,
1721884922.302,41,
1721884924.309,41,
1721884925.298,57,
1721884926.294,73,
1721884927.775,76,
1721884927.27,76,
1721884929.763,76,
1721884930.267,76,
1721884930.262,76,
1721884932.772,76,
1721884933.259,60,
1721884933.271,60,
1721884936.271,60,
1721884936.273,60,
1721884938.241,60,
1721884939.243,60,
1721884939.228,60,
1721884941.744,60,
1721884942.734,60,
1721884942.223,60,
1721884944.22,60,
1721884945.212,62,
1721884945.684,62,
1721884946.679,62,
1721884948.7,67,
1721884948.2,67,
1721884949.2,67,
1721884951.189,67,
1721884951.188,67,
1721884954.177,63,
1721884954.157,63,
1721884957.144,57,
1721884957.16,57,
1721884958.645,51,
1721884960.657,72,
1721884960.158,72,
1721884961.173,72,
1721884963.185,72,
1721884964.175,72,
1721884966.176,65,
1721884966.191,65,
1721884967.181,64,
1721884969.182,69,
1721884969.691,69,
1721884970.678,69,
1721884972.18,69,
1721884972.177,69,
1721884973.169,69,
1721884975.159,63,
1721884975.643,63,
1721884976.624,63,
1721884978.103,43,
1721884979.56,45,
1721884980.064,47,
1721884981.054,58,
1721884982.027,58,
1721884984.02,61,
1721884983.523,60,
1721884986.042,63,
1721884987.544,66,
1721884988.039,71,
1721884989.027,73,
1721884990.006,73,
1721884992.498,73,
1721884991.999,73,
1721884993.0,73,
1721884993.995,73,
1721884995.492,72,
1721884996.98,72,
1721884997.976,59,
1721884998.963,59,
1721885000.453,49,
1721885000.944,49,
1721885001.926,39,
1721885003.926,51,
1721885004.919,51,
1721885006.898,53,
1721885008.382,53,
1721885008.881,57,
1721885010.899,88,
1721885012.38,90,
1721885013.888,90,
1721885015.346,90,
1721885015.844,90,
1721885016.824,90,
1721885017.815,52,
1721885018.809,52,
1721885020.293,52,
1721885020.8,52,
1721885022.3,47,
1721885022.803,47,
1721885024.296,62,
1721885024.795,62,
1721885026.275,62,
1721885027.777,62,
1721885030.282,58,
1721885030.785,60,
1721885031.782,60,
1721885032.779,60,
1721885033.771,60,
1721885034.777,62,
1721885035.769,62,
1721885036.783,62,
1721885037.776,62,
1721885038.79,65,
1721885039.77,65,
1721885040.773,65,
1721885041.758,65,
1721885043.253,65,
1721885044.254,65,
1721885044.764,70,
1721885046.267,70,
1721885046.764,70,
1721885047.758,70,
1721885050.239,70,
1721885050.739,67,
1721885051.751,23,
1721885053.262,62,
1721885053.758,62,
1721885054.76,62,
1721885057.721,62,
1721885058.711,58,
1721885059.711,65,
1721885060.725,65,
1721885061.744,65,
1721885062.727,65,
1721885063.717,65,
1721885065.227,65,
1721885066.236,65,
1721885066.74,65,
1721885069.244,65,
1721885070.259,65,
1721885070.739,57,
1721885071.759,57,
1721885072.757,57,
1721885073.78,50,
1721885075.244,50,
1721885076.223,50,
1721885077.706,31,
1721885078.689,54,
1721885079.696,60,
1721885080.69,73,
1721885081.688,73,
1721885082.691,73,
1721885083.68,73,
1721885085.187,73,
1721885085.686,73,
1721885086.667,62,
1721885088.167,62,
1721885089.141,62,
1721885089.666,62,
1721885091.631,62,
1721885092.661,67,
1721885094.157,69,
1721885094.66,69,
1721885095.638,69,
1721885097.124,69,
1721885097.626,69,
1721885098.611,69,
1721885100.147,44,
1721885101.132,20,
1721885102.613,67,
1721885103.57,67,
1721885105.055,67,
1721885105.564,67,
1721885106.548,67,
1721885108.052,64,
1721885108.548,64,
1721885110.045,65,
1721885110.549,65,
1721885111.527,65,
1721885112.51,65,
1721885113.499,65,
1721885114.983,65,
1721885115.484,58,
1721885116.482,58,
1721885118.003,58,
1721885118.505,58,
1721885119.496,58,
1721885120.5,58,
1721885121.491,46,
1721885122.49,49,
1721885125.011,49,
1721885125.505,49,
1721885127.499,49,
1721885128.499,39,
1721885130.006,36,
1721885130.486,39,
1721885131.972,43,
1721885133.983,63,
1721885134.485,69,
1721885135.48,69,
1721885136.97,72,
1721885137.464,72,
1721885138.446,72,
1721885139.452,72,
1721885140.438,73,
1721885141.917,73,
1721885142.424,73,
1721885143.439,73,
1721885144.441,73,
1721885145.454,73,
1721885146.446,72,
1721885147.466,67,
1721885148.464,54,
1721885149.97,45,
1721885150.464,44,
1721885151.96,61,
1721885152.475,61,
1721885154.486,61,
1721885155.999,70,
1721885156.487,78,
1721885157.978,81,
1721885158.966,85,
1721885159.483,85,
1721885160.496,85,
1721885161.48,85,
1721885162.972,85,
1721885163.466,85,
1721885164.962,80,
1721885165.478,80,
1721885166.457,80,
1721885167.934,80,
1721885168.454,71,
1721885169.439,68,
1721885170.928,67,
1721885172.428,63,
1721885173.924,61,
1721885174.922,61,
1721885175.916,61,
1721885177.45,67,
1721885178.452,67,
1721885179.936,67,
1721885180.436,67,
1721885181.417,67,
1721885182.416,51,
1721885183.412,44,
1721885184.413,52,
1721885185.435,52,
1721885186.418,68,
1721885187.903,69,
1721885188.402,69,
1721885189.399,73,
1721885190.893,73,
1721885192.383,82,
1721885193.376,82,
1721885194.362,82,
1721885195.881,82,
1721885196.401,82,
1721885197.381,73,
1721885198.398,73,
1721885200.9,73,
1721885201.901,73,
1721885203.394,59,
1721885204.874,60,
1721885205.377,64,
1721885206.374,64,
1721885207.885,64,
1721885208.381,64,
1721885209.378,64,
1721885210.364,64,
1721885211.861,59,
1721885212.36,45,
1721885213.362,49,
1721885214.365,49,
1721885215.364,49,
1721885217.841,49,
1721885218.337,49,
1721885219.347,48,
1721885220.841,48,
1721885221.331,45,
1721885222.828,38,
1721885223.837,34,
1721885225.816,53,
1721885227.313,53,
1721885229.803,53,
1721885230.316,51,
1721885231.321,63,
1721885233.287,68,
1721885233.29,68,
1721885235.782,74,
1721885236.284,74,
1721885236.277,74,
1721885238.791,74,
1721885239.279,74,
1721885239.269,74,
1721885241.281,73,
1721885242.29,73,
1721885243.301,73,
1721885244.815,73,
1721885246.328,43,
1721885247.309,43,
1721885248.295,60,
1721885248.287,60,
1721885250.288,60,
1721885251.281,60,
1721885251.288,60,
1721885253.295,60,
1721885254.28,76,
1721885256.259,76,
1721885257.259,76,
1721885257.227,76,
1721885259.225,76,
1721885260.225,72,
1721885260.238,72,
1721885262.249,68,
1721885263.227,68,
1721885263.227,68,
1721885265.222,61,
1721885266.211,51,
1721885266.736,51,
1721885268.725,40,
1721885269.216,61,
1721885270.19,61,
1721885272.201,61,
1721885272.194,61,
1721885274.204,61,
1721885276.171,47,
1721885278.683,71,
1721885278.704,71,
1721885280.218,74,
1721885281.687,74,
1721885281.193,74,
1721885283.213,74,
1721885284.208,74,
1721885284.2,74,
1721885285.699,66,
1721885287.185,35,
1721885287.173,35,
1721885288.175,36,
1721885290.172,55,
1721885290.161,55,
1721885291.647,55,
1721885293.648,63,
1721885293.152,63,
1721885294.138,63,
1721885296.15,63,
1721885296.157,63,
1721885297.139,63,
1721885299.133,53,
1721885299.14,53,
1721885300.643,45,
1721885302.671,48,
1721885302.659,48,
1721885303.662,48,
1721885305.149,62,
1721885305.164,62,
1721885306.164,62,
1721885308.179,62,
1721885308.176,62,
1721885309.177,62,
1721885311.142,43,
1721885311.146,43,
1721885312.149,43,
1721885314.168,43,
1721885314.679,43,
1721885315.176,47,
1721885317.17,71,
1721885317.161,71,
1721885318.163,71,
1721885320.141,71,
1721885320.156,71,
1721885321.164,71,
1721885323.171,63,
1721885323.188,63,
1721885324.183,63,
1721885326.664,63,
1721885329.179,58,
1721885330.151,58,
1721885332.155,44,
1721885332.156,44,
1721885333.63,34,
1721885335.144,51,
1721885335.655,51,
1721885336.148,58,
1721885338.152,80,
1721885338.146,80,
1721885339.126,80,
1721885341.111,80,
1721885341.093,80,
1721885342.087,80,
1721885343.08,80,
1721885344.07,65,
1721885345.067,35,
1721885346.095,35,
1721885347.092,35,
1721885348.078,26,
1721885349.08,26,
1721885353.992,47,
1721885355.005,47,
1721885355.981,47,
1721885358.505,47,
1721885358.006,47,
1721885359.014,37,
1721885360.038,43,
1721885362.488,49,
1721885363.004,61,
1721885364.482,61,
1721885365.504,64,
1721885366.008,64,
1721885367.496,64,
1721885367.998,64,
1721885369.488,64,
1721885371.004,62,
1721885372.479,62,
1721885374.501,60,
1721885374.001,74,
1721885375.502,74,
1721885375.999,74,
1721885377.49,74,
1721885377.991,74,
1721885379.51,74,
1721885380.013,83,
1721885382.019,83,
1721885381.02,83,
1721885383.033,83,
1721885385.041,83,
1721885386.533,75,
1721885387.019,70,
1721885390.535,53,
1721885391.037,53,
1721885393.51,48,
1721885394.019,48,
1721885395.007,68,
1721885396.017,70,
1721885397.01,71,
1721885398.482,77,
1721885399.976,77,
1721885400.945,77,
1721885401.953,77,
1721885402.967,77,
1721885403.938,77,
1721885404.959,68,
1721885405.942,62,
1721885406.958,54,
1721885408.463,74,
1721885408.962,74,
1721885410.463,74,
1721885410.955,74,
1721885411.937,74,
1721885412.929,74,
1721885414.434,69,
1721885415.405,69,
1721885415.899,69,
1721885416.899,71,
1721885417.895,71,
1721885419.379,71,
1721885419.89,71,
1721885420.898,71,
1721885421.898,71,
1721885422.92,59,
1721885423.888,59,
1721885424.883,59,
1721885425.861,59,
1721885427.366,56,
1721885428.87,62,
1721885429.846,62,
1721885430.833,62,
1721885432.838,62,
1721885433.834,62,
1721885434.842,53,
1721885435.832,57,
1721885437.327,57,
1721885437.847,57,
1721885438.849,57,
1721885439.858,66,
1721885441.345,69,
1721885442.336,69,
1721885442.833,69,
1721885443.815,71,
1721885444.826,71,
1721885445.838,71,
1721885447.846,71,
1721885448.877,71,
1721885450.385,68,
1721885450.882,68,
1721885453.387,68,
1721885453.88,68,
1721885454.868,68,
1721885455.879,68,
1721885457.386,68,
1721885457.886,68,
1721885459.882,61,
1721885460.849,61,
1721885462.33,61,
1721885463.311,61,
1721885463.816,61,
1721885465.313,71,
1721885465.808,71,
1721885466.798,71,
1721885468.295,71,
1721885469.801,71,
1721885471.286,77,
1721885471.788,77,
1721885472.798,77,
1721885473.824,77,
1721885474.828,77,
1721885476.832,73,
1721885477.842,73,
1721885479.794,62,
1721885480.808,67,
1721885482.291,74,
1721885482.778,78,
1721885483.761,78,
1721885487.224,78,
1721885489.209,76,
1721885489.707,76,
1721885490.698,73,
1721885492.184,71,
1721885493.172,71,
1721885494.652,71,
1721885496.176,71,
1721885498.69,65,
1721885500.176,65,
1721885501.164,58,
1721885502.671,53,
1721885505.634,45,
1721885506.636,43,
1721885508.141,43,
1721885509.649,51,
1721885511.124,56,
1721885512.607,69,
1721885513.601,69,
1721885514.571,69,
1721885516.084,69,
1721885516.579,69,
1721885518.062,69,
1721885518.561,57,
1721885519.563,65,
1721885520.566,65,
1721885521.545,65,
1721885522.548,65,
1721885523.556,65,
1721885524.549,65,
1721885525.539,58,
1721885527.036,57,
1721885527.526,57,
1721885529.021,61,
1721885530.037,61,
1721885530.533,61,
1721885532.014,61,
1721885532.503,61,
1721885533.525,62,
1721885535.014,62,
1721885535.517,62,
1721885537.019,62,
1721885537.524,62,
1721885538.538,62,
1721885540.013,61,
1721885540.504,61,
1721885541.506,61,
1721885542.512,55,
1721885543.516,55,
1721885545.027,55,
1721885545.536,55,
1721885547.035,56,
1721885547.538,56,
1721885548.524,56,
1721885549.507,56,
1721885550.504,65,
1721885551.508,65,
1721885553.507,65,
1721885553.005,65,
1721885554.507,90,
1721885555.502,90,
1721885556.528,90,
1721885557.519,90,
1721885560.037,90,
1721885561.028,72,
1721885561.525,71,
1721885563.006,71,
1721885563.502,47,
1721885565.011,44,
1721885566.009,43,
1721885566.499,37,
1721885567.5,39,
1721885568.489,45,
1721885569.49,46,
1721885570.483,46,
1721885572.503,46,
1721885573.49,46,
1721885574.495,46,
1721885575.492,66,
1721885577.481,66,
1721885578.501,66,
1721885580.0,66,
1721885580.499,66,
1721885581.479,51,
1721885582.502,51,
1721885583.465,51,
1721885584.455,49,
1721885585.461,55,
1721885586.464,59,
1721885587.454,59,
1721885588.451,61,
1721885589.928,63,
1721885590.407,63,
1721885591.418,64,
1721885592.436,68,
1721885593.444,68,
1721885594.437,68,
1721885595.96,68,
1721885597.457,68,
1721885598.465,64,
1721885599.477,61,
1721885600.464,61,
1721885601.46,61,
1721885602.97,61,
1721885604.446,61,
1721885605.945,61,
1721885606.438,56,
1721885607.465,55,
1721885608.459,55,
1721885610.466,55,
1721885609.453,55,
1721885612.499,55,
1721885613.498,45,
1721885614.962,65,
1721885615.46,77,
1721885616.455,77,
1721885617.447,77,
1721885618.445,77,
1721885619.442,77,
1721885620.426,77,
1721885622.416,58,
1721885623.899,67,
1721885624.397,67,
1721885625.386,67,
1721885626.893,67,
1721885627.888,67,
1721885628.38,67,
1721885629.871,54,
1721885630.865,50,
1721885631.372,52,
1721885632.865,53,
1721885633.87,53,
1721885634.879,53,
1721885635.364,53,
1721885636.355,53,
1721885637.868,53,
1721885638.361,65,
1721885639.84,65,
1721885640.358,65,
1721885642.868,65,
1721885643.363,65,
1721885644.373,61,
1721885645.86,63,
1721885646.367,63,
1721885648.867,78,
1721885649.379,78,
1721885650.383,78,
1721885652.393,78,
1721885654.39,63,
1721885655.402,52,
1721885656.399,46,
1721885657.407,46,
1721885658.411,45,
1721885659.899,77,
1721885660.881,77,
1721885661.378,77,
1721885662.854,77,
1721885663.851,77,
1721885664.358,77,
1721885666.363,59,
1721885667.842,59,
1721885668.35,59,
1721885669.364,56,
1721885670.372,50,
1721885671.881,50,
1721885672.379,50,
1721885673.371,50,
1721885674.35,55,
1721885675.847,55,
1721885676.865,55,
1721885677.355,55,
1721885678.841,75,
1721885681.344,75,
1721885682.327,75,
1721885683.329,75,
1721885684.343,74,
1721885685.34,74,
1721885686.347,74,
1721885687.347,75,
1721885688.349,79,
1721885689.857,80,
1721885690.366,80,
1721885691.375,80,
1721885692.372,80,
1721885693.366,80,
1721885694.361,80,
1721885695.34,81,
1721885696.852,81,
1721885698.333,81,
1721885699.347,81,
1721885700.327,81,
1721885701.811,81,
1721885704.285,81,
1721885706.256,81,
1721885707.255,63,
1721885707.251,63,
1721885709.222,69,
1721885710.249,82,
1721885710.247,82,
1721885712.728,82,
1721885713.228,82,
1721885713.205,82,
1721885715.204,82,
1721885716.692,70,
1721885716.681,70,
1721885717.185,70,
1721885719.184,70,
1721885719.187,70,
1721885720.175,70,
1721885722.153,60,
1721885722.15,60,
1721885723.138,37,
1721885725.129,61,
1721885729.061,76,
1721885730.078,76,
1721885731.083,76,
1721885732.083,76,
1721885733.546,76,
1721885734.044,76,
1721885735.059,68,
1721885736.059,60,
1721885737.052,77,
1721885738.526,77,
1721885739.029,77,
1721885740.023,77,
1721885742.018,77,
1721885744.012,71,
1721885745.003,71,
1721885746.513,65,
1721885746.022,63,
1721885747.026,63,
1721885748.037,63,
1721885749.048,63,
1721885750.071,63,
1721885753.084,52,
1721885754.08,52,
1721885755.078,52,
1721885756.055,52,
1721885757.061,52,
1721885758.039,42,
1721885759.04,42,
1721885760.041,39,
1721885761.055,47,
1721885763.536,61,
1721885764.022,61,
1721885765.046,61,
1721885766.045,61,
1721885767.532,61,
1721885769.022,41,
1721885771.497,55,
1721885771.997,55,
1721885772.999,55,
1721885774.485,55,
1721885775.482,55,
1721885780.452,70,
1721885780.95,70,
1721885781.907,70,
1721885783.416,70,
1721885783.92,70,
1721885785.42,70,
1721885786.414,66,
1721885787.4,66,
1721885787.889,66,
1721885788.887,66,
1721885789.883,66,
1721885790.865,61,
1721885791.867,59,
1721885792.863,59,
1721885794.346,59,
1721885794.847,76,
1721885795.846,76,
1721885796.86,76,
1721885797.841,76,
1721885798.838,76,
1721885800.328,76,
1721885801.802,76,
1721885802.816,76,
1721885804.312,76,
1721885804.822,76,
1721885807.346,64,
1721885807.845,64,
1721885808.838,64,
1721885809.841,64,
1721885810.838,64,
1721885811.841,64,
1721885813.85,49,
1721885814.849,46,
1721885816.318,43,
1721885817.336,50,
1721885817.839,56,
1721885818.817,56,
1721885820.305,56,
1721885820.809,61,
1721885821.788,72,
1721885822.79,72,
1721885823.772,72,
1721885824.772,72,
1721885825.762,72,
1721885827.257,72,
1721885827.757,74,
1721885828.765,74,
1721885830.258,74,
1721885831.239,74,
1721885832.247,74,
1721885833.248,74,
1721885833.751,68,
1721885835.726,71,
1721885837.706,80,
1721885836.715,80,
1721885838.684,80,
1721885840.194,80,
1721885840.683,80,
1721885841.658,80,
1721885842.63,60,
1721885843.636,55,
1721885846.13,60,
1721885846.616,60,
1721885847.609,60,
1721885848.616,60,
1721885850.123,60,
1721885850.627,60,
1721885851.638,60,
1721885852.646,60,
1721885854.638,56,
1721885855.641,56,
1721885856.619,61,
1721885857.61,68,
1721885858.6,68,
1721885859.613,77,
1721885862.07,78,
1721885862.581,78,
1721885863.585,78,
1721885865.1,78,
1721885866.097,78,
1721885867.086,78,
1721885868.087,77,
1721885868.563,77,
1721885869.56,77,
1721885870.567,77,
1721885871.562,77,
1721885874.055,67,
1721885874.562,67,
1721885875.555,54,
1721885877.57,60,
1721885879.07,73,
1721885880.052,73,
1721885881.053,73,
1721885881.562,73,
1721885883.579,73,
1721885884.545,46,
1721885886.534,51,
1721885887.529,54,
1721885888.538,57,
1721885889.541,57,
1721885890.52,57,
1721885892.005,57,
1721885892.513,57,
1721885894.483,50,
1721885893.502,57,
1721885895.486,41,
1721885896.479,40,
1721885897.478,40,
1721885898.475,40,
1721885899.468,40,
1721885903.951,60,
1721885904.953,60,
1721885905.465,60,
1721885906.453,60,
1721885907.474,60,
1721885908.466,52,
1721885909.467,52,
1721885910.467,55,
1721885911.45,65,
1721885912.962,67,
1721885913.454,67,
1721885914.953,67,
1721885916.458,67,
1721885918.941,69,
1721885919.43,69,
1721885920.944,69,
1721885921.444,69,
1721885923.437,50,
1721885924.438,37,
1721885926.902,37,
1721885928.4,47,
1721885929.417,47,
1721885930.421,49,
1721885931.42,49,
1721885932.417,65,
1721885933.416,65,
1721885934.431,65,
1721885935.447,65,
1721885936.954,65,
1721885937.448,65,
1721885938.458,50,
1721885939.425,50,
1721885940.458,50,
1721885941.476,50,
1721885942.483,50,
1721885943.484,50,
1721885944.475,60,
1721885945.473,60,
1721885946.479,60,
1721885947.503,60,
1721885948.502,60,
1721885949.498,60,
1721885950.494,44,
1721885951.999,43,
1721885953.005,43,
1721885953.515,72,
1721885954.49,74,
1721885955.484,74,
1721885956.489,74,
1721885958.449,74,
1721885959.417,74,
1721885960.424,66,
1721885961.402,66,
1721885962.391,66,
1721885963.39,66,
1721885964.383,66,
1721885965.403,66,
1721885966.39,63,
1721885967.38,63,
1721885968.376,62,
1721885969.855,63,
1721885970.334,63,
1721885971.321,63,
1721885971.324,63,
1721885973.316,63,
1721885974.327,67,
1721885974.809,67,
1721885976.812,67,
1721885977.31,73,
1721885980.309,73,
1721885980.294,73,
1721885982.771,73,
1721885983.282,68,
1721885983.785,68,
1721885985.264,68,
1721885986.259,68,
1721885986.254,68,
1721885988.733,68,
1721885989.746,50,
1721885989.72,50,
1721885990.227,55,
1721885992.214,78,
1721885992.207,78,
1721885993.225,78,
1721885995.719,78,
1721885995.228,78,
1721885996.212,78,
1721885998.216,71,
1721885998.71,71,
1721885999.706,71,
1721886001.19,67,
1721886004.177,67,
1721886005.151,67,
1721886007.162,65,
1721886007.166,65,
1721886008.153,64,
1721886010.163,69,
1721886010.145,69,
1721886011.137,69,
1721886012.117,69,
1721886014.1,69,
1721886015.099,69,
1721886016.077,46,
1721886017.564,46,
1721886019.054,44,
1721886020.058,44,
1721886021.059,57,
1721886022.052,57,
1721886023.564,61,
1721886024.066,61,
1721886025.059,69,
1721886027.059,69,
1721886028.546,69,
1721886029.569,69,
1721886030.061,69,
1721886031.083,76,
1721886032.087,80,
1721886033.093,80,
1721886034.112,80,
1721886035.091,80,
1721886036.1,80,
1721886037.605,80,
1721886038.09,57,
1721886039.095,51,
1721886040.102,51,
1721886041.093,51,
1721886042.08,58,
1721886043.1,74,
1721886044.085,74,
1721886045.101,74,
1721886046.085,80,
1721886047.56,80,
1721886048.53,80,
1721886049.042,80,
1721886054.013,69,
1721886055.02,69,
1721886056.005,65,
1721886057.008,65,
1721886058.01,62,
1721886058.968,66,
1721886059.985,66,
1721886062.483,82,
1721886062.968,83,
1721886063.968,83,
1721886064.972,83,
1721886066.455,83,
1721886066.972,83,
1721886068.465,83,
1721886069.449,80,
1721886069.954,80,
1721886071.938,60,
1721886073.947,48,
1721886075.443,48,
1721886076.962,36,
1721886077.931,45,
1721886079.425,45,
1721886080.426,45,
1721886080.92,45,
1721886081.92,45,
1721886083.427,45,
1721886083.94,45,
1721886085.445,44,
1721886085.95,34,
1721886086.939,41,
1721886087.951,43,
1721886089.942,47,
1721886090.943,47,
1721886092.44,59,
1721886093.467,64,
1721886093.961,64,
1721886094.971,72,
1721886095.971,72,
1721886096.954,72,
1721886097.978,72,
1721886098.977,72,
1721886099.985,72,
1721886102.457,63,
1721886103.944,68,
1721886104.952,68,
1721886105.94,68,
1721886106.933,68,
1721886107.933,68,
1721886109.439,64,
1721886109.943,63,
1721886110.955,61,
1721886112.955,44,
1721886113.944,47,
1721886114.957,47,
1721886116.439,57,
1721886116.947,57,
1721886117.927,57,
1721886118.929,57,
1721886119.932,57,
1721886122.428,70,
1721886122.922,70,
1721886123.929,70,
1721886124.951,70,
1721886125.965,70,
1721886126.961,70,
1721886127.971,76,
1721886129.99,76,
1721886131.002,76,
1721886132.51,76,
1721886133.006,76,
1721886133.984,71,
1721886135.482,71,
1721886135.99,63,
1721886136.95,66,
1721886137.938,66,
1721886138.961,66,
1721886139.962,66,
1721886140.978,66,
1721886141.988,66,
1721886143.485,57,
1721886144.487,57,
1721886145.488,56,
1721886145.995,53,
1721886146.023,60,
1721886148.01,65,
1721886149.009,71,
1721886149.997,71,
1721886150.996,71,
1721886152.971,71,
1721886153.961,71,
1721886154.969,67,
1721886156.457,67,
1721886156.963,67,
1721886157.96,76,
1721886159.47,76,
1721886159.971,76,
1721886160.972,76,
1721886161.964,76,
1721886162.958,76,
1721886163.96,81,
1721886164.943,81,
1721886166.948,81,
1721886167.927,81,
1721886168.913,81,
1721886169.893,65,
1721886171.417,59,
1721886171.919,59,
1721886172.928,44,
1721886174.434,42,
1721886174.948,46,
1721886175.951,63,
1721886176.933,63,
1721886178.428,63,
1721886179.913,63,
1721886181.411,69,
1721886182.423,69,
1721886182.907,69,
1721886183.893,69,
1721886184.883,81,
1721886186.362,81,
1721886186.853,81,
1721886187.858,81,
1721886188.865,81,
1721886189.831,81,
1721886190.816,69,
1721886191.823,69,
1721886193.305,69,
1721886194.305,69,
1721886194.824,69,
1721886195.814,69,
1721886196.829,64,
1721886197.824,63,
1721886198.837,63,
1721886200.35,63,
1721886200.841,59,
1721886201.857,59,
1721886202.86,59,
1721886204.361,59,
1721886204.87,51,
1721886205.86,49,
1721886206.865,49,
1721886207.854,48,
1721886208.857,44,
1721886209.873,55,
1721886211.365,55,
1721886211.858,55,
1721886212.85,55,
1721886213.859,55,
1721886216.332,45,
1721886217.342,45,
1721886217.842,45,
1721886218.862,63,
1721886219.857,65,
1721886220.854,69,
1721886222.337,69,
1721886222.84,69,
1721886223.831,69,
1721886224.805,69,
1721886226.295,69,
1721886227.309,75,
1721886227.809,75,
1721886229.291,75,
1721886229.823,75,
1721886230.788,75,
1721886233.817,71,
1721886234.816,71,
1721886235.811,71,
1721886236.79,71,
1721886237.802,71,
1721886238.802,73,
1721886239.789,73,
1721886241.296,73,
1721886241.791,73,
1721886242.777,73,
1721886243.751,73,
1721886244.764,41,
1721886245.788,39,
1721886246.791,43,
1721886249.293,70,
1721886249.78,72,
1721886251.79,74,
1721886252.765,74,
1721886254.277,74,
1721886254.777,74,
1721886255.767,74,
1721886256.763,69,
1721886257.746,66,
1721886258.744,66,
1721886259.729,73,
1721886260.736,73,
1721886261.743,73,
1721886262.734,73,
1721886263.736,73,
1721886264.745,73,
1721886265.744,68,
1721886266.744,75,
1721886267.749,75,
1721886268.764,76,
1721886270.781,76,
1721886271.813,76,
1721886272.813,76,
1721886273.829,76,
1721886274.827,73,
1721886276.302,73,
1721886278.287,70,
1721886279.768,63,
1721886280.78,68,
1721886281.774,68,
1721886282.763,68,
1721886283.763,68,
1721886286.287,68,
1721886287.3,56,
1721886287.79,59,
1721886288.772,59,
1721886289.791,75,
1721886291.296,75,
1721886291.783,75,
1721886293.259,75,
1721886293.759,75,
1721886294.765,75,
1721886295.783,73,
1721886296.782,69,
1721886297.791,68,
1721886298.796,68,
1721886300.313,68,
1721886300.808,68,
1721886303.809,67,
1721886304.813,67,
1721886305.806,67,
1721886306.801,67,
1721886307.785,67,
1721886309.297,67,
1721886310.293,65,
1721886310.804,77,
1721886311.785,77,
1721886313.777,77,
1721886314.751,77,
1721886315.726,77,
1721886316.729,67,
1721886318.213,67,
1721886319.725,67,
1721886320.708,67,
1721886321.719,67,
1721886322.721,71,
1721886323.725,71,
1721886325.21,71,
1721886325.712,71,
1721886328.178,71,
1721886329.71,64,
1721886330.709,64,
1721886331.71,79,
1721886333.224,79,
1721886334.7,79,
1721886335.693,79,
1721886337.177,79,
1721886337.674,71,
1721886339.156,71,
1721886339.652,71,
1721886340.653,71,
1721886341.639,71,
1721886342.617,71,
1721886343.604,70,
1721886344.613,70,
1721886345.615,70,
1721886346.615,70,
1721886347.607,70,
1721886348.599,70,
1721886349.605,60,
1721886351.105,60,
1721886351.59,60,
1721886353.095,84,
1721886353.598,84,
1721886354.598,84,
1721886355.58,84,
1721886356.581,84,
1721886358.081,84,
1721886358.574,75,
1721886359.584,75,
1721886360.566,75,
1721886361.577,75,
1721886363.071,75,
1721886363.577,75,
1721886364.587,73,
1721886365.591,68,
1721886367.588,68,
1721886368.585,60,
1721886369.59,56,
1721886370.589,50,
1721886371.583,50,
1721886372.571,61,
1721886373.563,69,
1721886375.056,69,
1721886378.537,69,
1721886379.538,65,
1721886380.545,65,
1721886382.051,65,
1721886382.54,65,
1721886383.542,65,
1721886384.542,65,
1721886385.568,69,
1721886386.573,71,
1721886387.565,71,
1721886388.552,71,
1721886389.552,71,
1721886390.534,71,
1721886391.513,71,
1721886393.029,71,
1721886393.529,71,
1721886395.027,86,
1721886395.519,86,
1721886396.53,86,
1721886397.521,86,
1721886398.529,86,
1721886399.526,86,
1721886400.543,78,
1721886401.547,78,
1721886403.522,78,
1721886405.036,78,
1721886407.021,81,
1721886407.531,81,
1721886408.522,81,
1721886410.546,81,
1721886411.539,81,
1721886412.55,72,
1721886413.55,72,
1721886415.049,69,
1721886415.555,79,
1721886417.051,79,
1721886418.052,79,
1721886419.068,79,
1721886419.568,79,
1721886420.546,79,
1721886422.028,72,
1721886422.528,72,
1721886423.509,38,
1721886424.502,38,
1721886425.503,35,
1721886426.488,35,
1721886427.51,59,
1721886429.019,71,
1721886430.037,71,
1721886430.544,71,
1721886431.554,71,
1721886433.568,74,
1721886435.045,74,
1721886436.547,75,
1721886437.55,75,
1721886438.535,75,
1721886440.025,75,
1721886440.537,75,
1721886441.532,66,
1721886442.544,52,
1721886443.55,52,
1721886444.545,52,
1721886445.545,61,
1721886446.537,61,
1721886448.036,63,
1721886448.532,65,
1721886449.535,65,
1721886450.544,65,
1721886452.02,65,
1721886453.526,65,
1721886454.528,54,
1721886455.561,54,
1721886456.579,54,
1721886457.563,67,
1721886459.057,67,
1721886459.546,67,
1721886460.544,67,
1721886462.046,67,
1721886462.549,67,
1721886464.026,46,
1721886464.523,51,
1721886465.501,55,
1721886466.51,68,
1721886468.021,68,
1721886469.009,68,
1721886469.496,68,
1721886470.532,68,
1721886471.525,68,
1721886472.542,66,
1721886473.529,66,
1721886475.046,66,
1721886475.551,66,
1721886476.553,66,
1721886478.056,66,
1721886479.55,84,
1721886480.559,84,
1721886481.55,84,
1721886482.541,84,
1721886485.043,67,
1721886485.54,63,
1721886487.047,65,
1721886487.544,65,
1721886488.543,65,
1721886489.543,65,
1721886490.567,65,
1721886491.573,65,
1721886492.542,65,
1721886493.55,65,
1721886494.532,65,
1721886495.543,65,
1721886496.542,64,
1721886497.528,64,
1721886498.527,64,
1721886499.527,44,
1721886501.007,64,
1721886503.023,71,
1721886503.514,72,
1721886504.524,74,
1721886505.535,76,
1721886506.521,76,
1721886507.512,76,
1721886509.015,76,
1721886509.526,76,
1721886511.013,76,
1721886511.508,82,
1721886513.541,82,
1721886514.529,82,
1721886516.052,82,
1721886517.054,82,
1721886517.544,73,
1721886519.021,77,
1721886519.531,79,
1721886520.519,81,
1721886521.522,81,
1721886522.539,81,
1721886523.548,81,
1721886524.533,81,
1721886525.547,81,
1721886526.541,72,
1721886528.036,72,
1721886528.531,72,
1721886529.539,72,
1721886530.537,72,
1721886531.537,72,
1721886533.029,70,
1721886533.537,70,
1721886534.542,70,
1721886536.057,70,
1721886536.565,70,
1721886537.561,66,
1721886538.591,66,
1721886540.092,68,
1721886540.586,74,
1721886541.604,76,
1721886542.602,76,
1721886543.597,76,
1721886544.593,76,
1721886545.604,76,
1721886546.581,76,
1721886547.564,68,
1721886548.554,68,
1721886550.07,68,
1721886550.567,68,
1721886552.074,68,
1721886552.572,68,
1721886555.086,47,
1721886556.06,49,
1721886556.555,61,
1721886557.552,61,
1721886558.53,61,
1721886559.505,61,
1721886561.499,61,
1721886562.507,59,
1721886563.521,79,
1721886565.963,79,
1721886567.944,79,
1721886569.462,76,
1721886570.975,75,
1721886571.471,75,
1721886572.455,73,
1721886573.973,71,
1721886574.469,74,
1721886575.449,74,
1721886577.454,74,
1721886579.459,74,
1721886580.453,61,
1721886581.454,67,
1721886582.446,67,
1721886583.93,77,
1721886584.435,80,
1721886585.427,80,
1721886587.412,80,
1721886588.426,80,
1721886589.404,80,
1721886590.381,74,
1721886591.38,74,
1721886592.39,74,
1721886594.37,74,
1721886595.856,75,
1721886596.365,75,
1721886597.352,75,
1721886598.345,75,
1721886599.341,75,
1721886600.364,75,
1721886601.834,60,
1721886602.846,60,
1721886603.338,59,
1721886604.802,76,
1721886604.287,76,
1721886606.286,76,
1721886607.307,76,
1721886607.81,76,
1721886609.302,76,
1721886610.304,75,
1721886610.304,75,
1721886612.322,75,
1721886613.297,75,
1721886613.261,75,
1721886615.254,75,
1721886616.254,78,
1721886616.727,78,
1721886617.225,78,
1721886619.232,78,
1721886619.728,78,
1721886620.217,78,
1721886622.725,72,
1721886622.205,72,
1721886623.181,72,
1721886625.182,63,
1721886625.171,63,
1721886626.154,73,
1721886628.647,73,
1721886628.652,73,
1721886629.164,73,
1721886631.664,73,
1721886632.149,70,
1721886634.147,70,
1721886634.663,70,
1721886635.187,70,
1721886637.18,70,
1721886638.173,70,
1721886640.147,61,
1721886640.655,61,
1721886641.667,59,
1721886643.667,40,
1721886643.167,40,
1721886644.182,44,
1721886646.18,79,
1721886646.653,79,
1721886647.148,79,
1721886649.172,79,
1721886649.203,79,
1721886650.181,79,
1721886652.152,56,
1721886652.651,56,
1721886655.636,77,
1721886655.137,77,
1721886656.11,78,
1721886657.111,78,
1721886658.089,78,
1721886659.1,78,
1721886660.109,78,
1721886661.106,78,
1721886662.577,75,
1721886664.054,74,
1721886665.056,74,
1721886666.059,71,
1721886667.575,70,
1721886668.567,70,
1721886669.068,70,
1721886670.063,70,
1721886671.552,76,
1721886672.058,76,
1721886674.051,76,
1721886677.005,76,
1721886678.989,62,
1721886679.983,56,
1721886680.967,62,
1721886681.953,62,
1721886682.975,62,
1721886683.985,62,
1721886685.005,62,
1721886685.992,68,
1721886687.975,68,
1721886689.965,79,
1721886688.966,79,
1721886691.451,79,
1721886691.939,79,
1721886692.938,79,
1721886693.934,79,
1721886694.942,71,
1721886696.423,71,
1721886696.913,71,
1721886698.413,71,
1721886698.924,71,
1721886699.915,71,
1721886701.404,75,
1721886703.4,75,
1721886703.891,75,
1721886705.912,75,
1721886706.875,75,
1721886707.885,75,
1721886708.89,75,
1721886710.377,75,
1721886711.898,75,
1721886713.381,71,
1721886713.869,71,
1721886715.379,72,
1721886715.89,82,
1721886716.907,82,
1721886717.908,82,
1721886719.429,82,
1721886719.91,82,
1721886720.915,82,
1721886722.418,75,
1721886723.426,75,
1721886724.424,75,
1721886724.934,75,
1721886725.925,75,
1721886727.934,80,
1721886728.942,80,
1721886730.435,80,
1721886730.922,80,
1721886731.923,80,
1721886732.921,80,
1721886733.935,25,
1721886735.44,50,
1721886735.944,57,
1721886736.934,62,
1721886737.928,62,
1721886738.923,63,
1721886739.913,66,
1721886741.435,68,
1721886741.943,68,
1721886743.474,68,
1721886743.978,68,
1721886744.984,68,
1721886745.974,68,
1721886746.976,55,
1721886748.456,53,
1721886748.947,64,
1721886749.932,64,
1721886751.414,64,
1721886751.903,64,
1721886752.912,64,
1721886754.931,64,
1721886755.926,64,
1721886756.927,64,
1721886758.456,64,
1721886758.938,64,
1721886759.94,64,
1721886760.933,64,
1721886761.921,64,
1721886763.405,64,
1721886763.902,77,
1721886764.893,77,
1721886766.403,77,
1721886766.911,77,
1721886768.932,77,
1721886769.93,85,
1721886770.948,85,
1721886771.935,85,
1721886772.951,85,
1721886774.435,85,
1721886775.416,85,
1721886776.405,67,
1721886776.897,69,
1721886777.899,69,
1721886779.399,78,
1721886780.408,78,
1721886781.893,78,
1721886782.885,78,
1721886783.871,78,
1721886785.373,66,
1721886785.859,66,
1721886786.848,66,
1721886787.824,78,
1721886789.33,78,
1721886789.821,78,
1721886791.307,79,
1721886792.3,79,
1721886792.803,79,
1721886793.818,79,
1721886794.819,79,
1721886795.827,79,
1721886796.822,67,
1721886797.821,67,
1721886798.825,67,
1721886799.823,75,
1721886800.837,75,
1721886802.807,75,
1721886804.297,75,
1721886804.794,75,
1721886805.785,74,
1721886807.789,74,
1721886809.3,74,
1721886809.803,74,
1721886810.811,74,
1721886813.811,80,
1721886814.803,80,
1721886815.805,80,
1721886816.81,80,
1721886817.809,68,
1721886819.282,68,
1721886819.789,68,
1721886820.799,68,
1721886821.81,68,
1721886822.793,70,
1721886823.783,70,
1721886824.777,70,
1721886825.747,70,
1721886826.755,70,
1721886828.757,70,
1721886829.76,70,
1721886830.733,70,
1721886831.71,70,
1721886832.707,63,
1721886833.698,63,
1721886834.711,63,
1721886835.692,68,
1721886837.18,68,
1721886837.675,68,
1721886838.659,68,
1721886839.682,72,
1721886840.671,72,
1721886841.659,76,
1721886842.668,76,
1721886843.684,76,
1721886845.205,76,
1721886845.695,76,
1721886846.706,76,
1721886847.705,75,
1721886850.196,71,
1721886850.694,71,
1721886851.703,71,
1721886852.68,63,
1721886853.68,48,
1721886855.172,41,
1721886855.672,41,
1721886856.679,41,
1721886857.661,41,
1721886858.651,43,
1721886860.652,55,
1721886859.649,51,
1721886861.651,56,
1721886862.648,60,
1721886863.637,60,
1721886865.127,60,
1721886865.612,60,
1721886867.585,60,
1721886868.573,58,
1721886870.062,58,
1721886870.575,58,
1721886871.568,60,
1721886873.058,60,
1721886874.054,60,
1721886874.544,60,
1721886875.541,60,
1721886876.532,60,
1721886878.041,63,
1721886878.551,64,
1721886879.533,64,
1721886880.53,64,
1721886881.535,64,
1721886882.531,65,
1721886883.524,71,
1721886885.017,71,
1721886885.514,71,
1721886886.528,71,
1721886888.062,71,
1721886888.564,71,
1721886891.086,64,
1721886891.576,64,
1721886892.581,64,
1721886893.568,64,
1721886895.051,62,
1721886895.544,60,
1721886897.536,62,
1721886899.05,62,
1721886899.545,62,
1721886900.567,62,
1721886903.515,62,
1721886905.524,58,
1721886907.484,75,
1721886908.467,75,
1721886909.48,77,
1721886910.97,81,
1721886911.968,81,
1721886912.467,81,
1721886913.977,81,
1721886914.48,81,
1721886915.465,81,
1721886917.45,79,
1721886916.453,79,
1721886918.436,79,
1721886919.936,79,
1721886920.452,79,
1721886921.462,79,
1721886922.465,47,
1721886923.452,47,
1721886924.449,47,
1721886925.434,60,
1721886926.942,60,
1721886927.44,60,
1721886928.937,60,
1721886929.427,64,
1721886932.887,64,
1721886933.394,64,
1721886934.395,64,
1721886935.396,65,
1721886936.411,65,
1721886937.414,78,
1721886938.398,78,
1721886939.393,78,
1721886940.403,78,
1721886941.417,78,
1721886942.395,78,
1721886943.394,66,
1721886944.901,67,
1721886945.417,67,
1721886946.418,78,
1721886947.9,78,
1721886948.898,78,
1721886949.897,78,
1721886950.393,78,
1721886951.908,78,
1721886952.914,77,
1721886953.409,75,
1721886954.416,75,
1721886955.928,61,
1721886956.429,56,
1721886957.458,46,
1721886958.447,63,
1721886959.407,63,
1721886960.394,63,
1721886961.378,63,
1721886962.397,63,
1721886963.378,63,
1721886964.392,63,
1721886965.392,67,
1721886966.406,67,
1721886967.408,67,
1721886968.41,67,
1721886969.414,67,
1721886970.411,67,
1721886971.91,65,
1721886972.421,64,
1721886974.457,63,
1721886973.432,63,
1721886975.947,63,
1721886977.425,70,
1721886978.932,71,
1721886979.927,71,
1721886980.424,71,
1721886981.445,72,
1721886982.439,72,
1721886983.419,72,
1721886984.416,72,
1721886985.418,72,
1721886986.898,72,
1721886987.398,70,
1721886988.391,78,
1721886989.381,78,
1721886990.387,78,
1721886992.377,78,
1721886993.384,78,
1721886994.382,79,
1721886995.858,79,
1721886997.855,79,
1721886998.345,79,
1721886999.335,79,
1721887000.82,66,
1721887002.323,64,
1721887003.807,73,
1721887003.827,73,
1721887005.326,73,
1721887006.336,73,
1721887007.343,73,
1721887008.369,73,
1721887009.358,79,
1721887010.342,79,
1721887011.816,79,
1721887012.81,79,
1721887012.826,79,
1721887014.313,79,
1721887015.288,75,
1721887015.275,75,
1721887017.275,68,
1721887018.767,69,
1721887018.261,69,
1721887020.755,70,
1721887021.734,74,
1721887021.235,74,
1721887023.244,74,
1721887024.235,74,
1721887024.224,74,
1721887025.22,74,
1721887027.191,69,
1721887027.205,69,
1721887030.196,72,
1721887031.213,72,
1721887033.71,72,
1721887034.699,72,
1721887036.196,75,
1721887036.191,75,
1721887037.183,75,
1721887039.167,75,
1721887039.181,75,
1721887040.148,75,
1721887042.633,66,
1721887042.129,66,
1721887043.102,48,
1721887044.101,37,
1721887045.607,38,
1721887046.095,39,
1721887047.586,39,
1721887048.075,56,
1721887049.061,65,
1721887050.056,65,
1721887051.069,65,
1721887055.004,65,
1721887055.013,60,
1721887057.005,59,
1721887058.007,64,
1721887058.034,64,
1721887059.032,64,
1721887061.536,64,
1721887062.048,64,
1721887063.546,65,
1721887064.049,65,
1721887065.555,65,
1721887066.067,65,
1721887067.064,65,
1721887068.067,65,
1721887069.067,73,
1721887070.069,73,
1721887071.068,73,
1721887072.058,73,
1721887073.539,73,
1721887074.02,73,
1721887075.534,73,
1721887077.04,74,
1721887080.498,81,
1721887081.503,81,
1721887082.473,81,
1721887082.982,81,
1721887084.474,81,
1721887084.968,83,
1721887085.986,83,
1721887086.988,83,
1721887087.98,83,
1721887088.956,83,
1721887089.951,83,
1721887091.454,68,
1721887091.935,68,
1721887092.91,68,
1721887093.914,68,
1721887094.911,68,
1721887095.929,68,
1721887097.452,66,
1721887098.465,66,
1721887098.974,55,
1721887099.947,73,
1721887101.941,73,
1721887103.46,73,
1721887104.965,73,
1721887105.967,82,
1721887106.964,82,
1721887107.965,82,
1721887109.95,82,
1721887110.954,82,
1721887111.944,76,
1721887113.42,76,
1721887113.911,76,
1721887114.899,76,
1721887115.909,76,
1721887116.9,76,
1721887118.391,75,
1721887119.385,75,
1721887119.897,75,
1721887121.37,75,
1721887121.872,75,
1721887123.386,75,
1721887123.896,72,
1721887125.389,68,
1721887126.393,58,
1721887126.896,48,
1721887128.406,49,
1721887129.415,55,
1721887129.936,55,
1721887130.95,55,
1721887131.941,55,
1721887132.953,64,
1721887133.948,64,
1721887134.933,64,
1721887135.948,64,
1721887136.952,64,
1721887137.951,65,
1721887138.933,65,
1721887140.434,65,
1721887140.943,65,
1721887141.945,68,
1721887143.435,68,
1721887144.437,68,
1721887144.943,68,
1721887145.924,68,
1721887146.905,68,
1721887147.912,64,
1721887148.913,64,
1721887149.912,64,
1721887150.918,64,
1721887152.898,64,
1721887154.885,71,
1721887155.902,71,
1721887156.887,71,
1721887158.41,71,
1721887158.917,71,
1721887160.374,73,
1721887160.864,73,
1721887161.872,73,
1721887162.838,73,
1721887163.825,73,
1721887165.334,73,
1721887166.347,73,
1721887166.856,58,
1721887168.807,78,
1721887169.797,78,
1721887171.311,78,
1721887171.812,78,
1721887172.817,78,
1721887173.815,78,
1721887174.819,75,
1721887177.313,75,
1721887178.303,75,
1721887178.794,75,
1721887179.805,75,
1721887181.297,75,
1721887182.278,70,
1721887183.258,74,
1721887184.233,74,
1721887185.235,74,
1721887186.222,74,
1721887186.728,74,
1721887187.704,74,
1721887188.721,72,
1721887189.701,64,
1721887190.709,68,
1721887191.707,72,
1721887192.713,72,
1721887194.186,78,
1721887194.665,78,
1721887196.668,83,
1721887197.666,83,
1721887198.658,83,
1721887199.659,83,
1721887200.624,83,
1721887202.103,70,
1721887202.587,73,
1721887204.1,73,
1721887205.09,73,
1721887205.593,76,
1721887207.582,80,
1721887208.565,80,
1721887209.559,80,
1721887210.552,80,
1721887211.559,80,
1721887212.581,77,
1721887214.052,77,
1721887215.055,77,
1721887215.556,68,
1721887216.572,76,
1721887217.559,76,
1721887218.549,76,
1721887219.558,76,
1721887220.545,76,
1721887221.539,76,
1721887222.52,69,
1721887223.496,67,
1721887224.994,66,
1721887225.981,65,
1721887226.486,65,
1721887227.491,66,
1721887228.987,66,
1721887229.483,66,
1721887230.458,66,
1721887231.449,71,
1721887232.947,71,
1721887233.43,71,
1721887234.45,71,
1721887235.446,71,
1721887236.434,71,
1721887237.938,73,
1721887238.454,73,
1721887254.642,67,
1721887255.647,79,
1721887256.652,79,
1721887257.654,79,
1721887259.15,79,
1721887259.653,81,
1721887261.154,82,
1721887261.65,82,
1721887263.184,82,
1721887263.686,82,
1721887264.677,82,
1721887265.669,82,
1721887266.657,86,
1721887267.658,86,
1721887268.676,86,
1721887269.675,86,
1721887270.659,86,
1721887271.651,86,
1721887272.623,80,
1721887273.637,80,
1721887275.147,80,
1721887275.634,80,
1721887276.645,81,
1721887277.676,81,
1721887278.673,85,
1721887280.174,85,
1721887280.672,85,
1721887281.706,85,
1721887282.693,85,
1721887283.708,85,
1721887284.704,85,
1721887285.714,85,
1721887287.231,84,
1721887286.729,81,
1721887289.232,81,
1721887288.747,81,
1721887289.759,81,
1721887290.741,81,
1721887291.735,81,
1721887292.731,81,
1721887293.73,79,
1721887295.227,78,
1721887295.742,78,
1721887297.736,73,
1721887300.209,72,
1721887300.688,72,
1721887302.656,77,
1721887305.139,78,
1721887305.635,82,
1721887307.132,82,
1721887308.129,82,
1721887309.13,82,
1721887309.631,82,
1721887310.629,82,
1721887311.647,79,
1721887313.142,79,
1721887315.151,84,
1721887315.638,84,
1721887316.615,84,
1721887317.611,84,
1721887318.626,84,
1721887320.573,84,
1721887321.556,84,
1721887322.541,83,
1721887323.538,83,
1721887325.06,84,
1721887325.559,84,
1721887327.537,84,
1721887328.563,84,
1721887330.074,85,
1721887330.57,85,
1721887332.089,85,
1721887332.607,85,
1721887334.09,85,
1721887334.593,85,
1721887336.093,83,
1721887336.593,83,
1721887337.585,83,
1721887339.539,83,
1721887340.56,84,
1721887341.552,84,
1721887342.542,84,
1721887344.016,84,
1721887344.527,84,
1721887345.529,84,
1721887347.011,80,
1721887347.99,80,
1721887348.48,80,
1721887349.494,80,
1721887350.475,82,
1721887352.463,82,
1721887353.487,82,
1721887354.486,82,
1721887355.482,82,
1721887356.466,82,
1721887357.46,81,
1721887358.449,81,
1721887359.445,82,
1721887360.424,82,
1721887361.901,82,
1721887362.912,84,
1721887363.408,84,
1721887364.41,85,
1721887365.377,85,
1721887366.856,85,
1721887367.348,85,
1721887368.873,85,
1721887369.374,85,
1721887370.854,84,
1721887371.349,80,
1721887372.366,69,
1721887373.374,69,
1721887374.381,66,
1721887377.898,55,
1721887379.399,79,
1721887380.383,79,
1721887381.379,79,
1721887382.385,79,
1721887383.395,79,
1721887384.391,82,
1721887385.373,82,
1721887386.382,82,
1721887387.412,85,
1721887388.409,85,
1721887389.419,85,
1721887390.392,85,
1721887391.383,85,
1721887392.895,85,
1721887393.383,83,
1721887394.371,82,
1721887395.38,82,
1721887396.383,82,
1721887397.369,82,
1721887398.376,85,
1721887399.373,85,
1721887400.371,85,
1721887401.875,85,
1721887402.364,85,
1721887403.85,85,
1721887404.355,84,
1721887405.358,84,
1721887406.368,84,
1721887407.373,81,
1721887408.368,79,
1721887409.345,77,
1721887410.333,77,
1721887411.313,76,
1721887412.296,76,
1721887413.287,76,
1721887414.286,75,
1721887415.288,66,
1721887417.28,66,
1721887418.273,66,
1721887419.258,77,
1721887421.224,77,
1721887422.737,77,
1721887423.215,77,
1721887424.221,77,
1721887425.227,48,
1721887426.708,44,
1721887428.19,44,
1721887429.169,44,
1721887430.675,44,
1721887431.171,49,
1721887432.177,59,
1721887433.199,65,
1721887435.17,68,
1721887436.162,68,
1721887437.155,68,
1721887438.152,68,
1721887439.144,68,
1721887440.143,62,
1721887441.147,57,
1721887442.147,57,
1721887443.143,57,
1721887444.144,56,
1721887445.145,48,
1721887446.614,41,
1721887447.103,41,
1721887448.088,46,
1721887449.094,56,
1721887450.099,56,
1721887451.1,79,
1721887453.599,79,
1721887454.083,79,
1721887455.074,79,
1721887456.557,79,
1721887457.055,67,
1721887458.063,67,
1721887459.06,67,
1721887460.064,67,
1721887461.056,74,
1721887462.038,77,
1721887463.02,77,
1721887464.01,77,
1721887464.023,77,
1721887466.013,77,
1721887467.022,77,
1721887467.025,77,
1721887472.014,80,
1721887473.011,80,
1721887473.007,80,
1721887474.999,80,
1721887475.993,62,
1721887477.982,62,
1721887479.46,73,
1721887478.955,73,
1721887480.967,73,
1721887481.957,73,
1721887481.961,73,
1721887483.959,73,
1721887484.943,69,
1721887484.94,69,
1721887486.932,54,
1721887488.43,59,
1721887488.433,59,
1721887489.934,59,
1721887491.39,84,
1721887491.888,84,
1721887494.39,84,
1721887494.877,84,
1721887496.864,79,
1721887497.377,79,
1721887498.387,81,
1721887499.87,81,
1721887501.4,81,
1721887502.882,81,
1721887503.38,81,
1721887503.871,78,
1721887506.388,78,
1721887505.889,78,
1721887507.367,78,
1721887508.872,74,
1721887508.87,74,
1721887509.865,74,
1721887512.348,78,
1721887511.853,78,
1721887512.831,78,
1721887514.331,78,
1721887514.806,78,
1721887515.79,78,
1721887516.785,78,
1721887517.782,75,
1721887518.784,67,
1721887519.783,67,
1721887520.781,54,
1721887522.274,51,
1721887523.262,51,
1721887523.768,51,
1721887525.263,51,
1721887526.276,51,
1721887526.786,58,
1721887527.78,58,
1721887528.782,58,
1721887530.274,60,
1721887531.257,60,
1721887533.263,77,
1721887534.254,77,
1721887535.754,77,
1721887536.749,77,
1721887538.229,77,
1721887538.744,73,
1721887539.738,73,
1721887540.744,70,
1721887541.736,66,
1721887544.208,66,
1721887545.216,66,
1721887546.19,60,
1721887546.691,50,
1721887547.67,53,
1721887548.677,55,
1721887549.653,55,
1721887551.636,55,
1721887553.133,55,
1721887553.619,55,
1721887554.63,69,
1721887555.62,69,
1721887556.618,69,
1721887557.628,69,
1721887558.584,69,
1721887559.585,69,
1721887562.093,72,
1721887563.093,72,
1721887570.078,86,
1721887570.56,86,
1721887572.071,86,
1721887573.553,61,
1721887574.533,61,
1721887575.528,71,
1721887576.522,71,
1721887577.526,71,
1721887580.533,71,
1721887581.575,72,
1721887582.572,74,
1721887583.547,78,
1721887584.558,84,
1721887585.554,84,
1721887586.548,85,
1721887587.514,85,
1721887588.511,85,
1721887589.517,85,
1721887591.023,85,
1721887592.027,85,
1721887592.534,80,
1721887593.509,71,
1721887594.489,77,
1721887595.498,77,
1721887597.006,81,
1721887598.497,81,
1721887599.509,81,
1721887600.512,81,
1721887603.46,78,
1721887605.448,78,
1721887606.453,78,
1721887607.462,78,
1721887608.935,80,
1721887609.916,80,
1721887610.425,80,
1721887611.429,80,
1721887612.948,80,
1721887613.432,80,
1721887614.934,68,
1721887615.939,68,
1721887616.435,69,
1721887617.431,80,
1721887618.447,80,
1721887620.928,80,
1721887622.425,80,
1721887623.406,79,
1721887624.407,77,
1721887625.421,80,
1721887627.888,80,
1721887628.384,80,
1721887629.408,80,
1721887630.399,80,
1721887631.906,79,
1721887632.4,76,
1721887633.879,70,
1721887634.872,61,
1721887635.386,65,
1721887636.91,65,
1721887637.921,65,
1721887639.413,74,
1721887640.399,74,
1721887642.427,74,
1721887641.413,74,
1721887643.438,74,
1721887644.448,74,
1721887645.461,73,
1721887646.45,73,
1721887647.45,73,
1721887648.44,73,
1721887649.936,73,
1721887650.92,63,
1721887651.936,63,
1721887652.956,63,
1721887654.45,63,
1721887655.454,50,
1721887656.936,49,
1721887657.427,49,
1721887658.424,48,
1721887659.933,46,
1721887660.413,47,
1721887661.43,49,
1721887662.423,49,
1721887663.421,49,
1721887664.429,49,
1721887665.431,49,
1721887666.449,50,
1721887667.929,56,
1721887668.42,58,
1721887669.405,58,
1721887670.397,66,
1721887671.901,70,
1721887672.408,70,
1721887673.408,70,
1721887674.884,70,
1721887675.375,70,
1721887677.872,53,
1721887678.361,54,
1721887679.827,60,
1721887681.313,69,
1721887682.793,69,
1721887683.291,69,
1721887685.777,69,
1721887686.272,63,
1721887687.268,67,
1721887688.757,67,
1721887690.278,67,
1721887691.275,67,
1721887692.275,67,
1721887694.299,57,
1721887695.29,48,
1721887696.295,51,
1721887697.305,53,
1721887699.292,54,
1721887700.274,54,
1721887701.757,54,
1721887703.738,54,
1721887705.226,40,
1721887706.199,42,
1721887707.186,55,
1721887709.187,55,
1721887710.185,55,
1721887711.186,55,
1721887712.16,55,
1721887713.16,49,
1721887714.154,42,
1721887715.155,42,
1721887716.653,42,
1721887717.139,43,
1721887718.631,51,
1721887719.105,65,
1721887720.101,65,
1721887721.119,65,
1721887722.1,65,
1721887723.117,65,
1721887724.126,65,
1721887725.118,65,
1721887726.139,59,
1721887727.121,53,
1721887728.118,57,
1721887729.098,57,
1721887730.073,60,
1721887731.064,68,
1721887732.555,68,
1721887733.059,68,
1721887734.052,68,
1721887735.546,68,
1721887736.033,68,
1721887736.991,64,
1721887739.468,55,
1721887739.947,54,
1721887739.922,54,
1721887741.421,54,
1721887742.908,48,
1721887742.896,48,
1721887743.908,47,
1721887745.904,57,
1721887745.897,57,
1721887747.397,58,
1721887748.896,58,
1721887748.899,58,
1721887751.871,75,
1721887752.379,75,
1721887752.864,81,
1721887754.851,81,
1721887754.839,81,
1721887755.849,81,
1721887758.354,81,
1721887760.859,73,
1721887760.856,73,
1721887761.847,73,
1721887763.843,74,
1721887763.831,74,
1721887764.822,74,
1721887766.311,74,
1721887766.82,74,
1721887767.816,74,
1721887769.316,74,
1721887769.813,69,
1721887770.832,72,
1721887771.823,72,
1721887772.845,72,
1721887774.348,72,
1721887776.368,72,
1721887776.855,68,
1721887778.849,68,
1721887779.861,67,
1721887781.855,71,
1721887782.847,73,
1721887784.832,73,
1721887784.826,73,
1721887785.802,73,
1721887786.778,78,
1721887787.78,78,
1721887788.752,78,
1721887789.743,79,
1721887790.737,79,
1721887792.727,79,
1721887793.712,79,
1721887793.736,80,
1721887794.738,80,
1721887795.757,80,
1721887796.746,80,
1721887797.735,80,
1721887799.714,80,
1721887802.195,76,
1721887803.688,71,
1721887804.708,71,
1721887805.694,68,
1721887807.198,60,
1721887808.2,48,
1721887808.697,48,
1721887809.695,48,
1721887811.16,39,
1721887811.634,38,
1721887813.118,46,
1721887813.622,61,
1721887815.102,64,
1721887816.103,68,
1721887816.602,80,
1721887817.597,80,
1721887818.574,80,
1721887819.57,80,
1721887820.558,80,
1721887821.57,80,
1721887824.052,80,
1721887824.538,72,
1721887825.541,72,
1721887827.032,72,
1721887829.032,72,
1721887830.026,72,
1721887831.855,72,
1721887833.343,72,
1721887834.334,76,
1721887835.823,76,
1721887836.348,78,
1721887837.338,78,
1721887839.834,78,
1721887840.329,78,
1721887841.337,78,
1721887842.328,76,
1721887843.302,69,
1721887844.319,65,
1721887845.316,56,
1721887846.294,56,
1721887847.298,56,
1721887848.315,78,
1721887849.332,78,
1721887851.825,78,
1721887854.277,73,
1721887855.29,73,
1721887856.304,74,
1721887857.816,86,
1721887858.33,86,
1721887859.818,86,
1721887860.315,86,
1721887861.309,86,
1721887862.799,86,
1721887863.788,84,
1721887864.29,84,
1721887865.308,84,
1721887866.812,65,
1721887867.298,62,
1721887868.325,61,
1721887869.328,78,
1721887870.831,78,
1721887871.849,78,
1721887872.363,78,
1721887873.368,78,
1721887874.85,78,
1721887875.365,70,
1721887877.879,73,
1721887878.881,89,
1721887879.368,89,
1721887880.371,89,
1721887881.367,89,
1721887882.362,89,
1721887883.837,89,
1721887884.345,73,
1721887885.342,71,
1721887886.347,69,
1721887887.361,68,
1721887888.357,70,
1721887889.87,70,
1721887890.353,70,
1721887891.352,70,
1721887892.344,70,
1721887894.872,71,
1721887895.366,71,
1721887896.37,78,
1721887897.379,78,
1721887898.911,78,
1721887899.419,78,
1721887900.419,78,
1721887901.925,78,
1721887902.43,65,
1721887903.414,74,
1721887904.399,74,
1721887906.902,74,
1721887907.392,74,
1721887908.885,74,
1721887909.41,52,
1721887910.416,56,
1721887911.401,59,
1721887912.41,59,
1721887913.388,60,
1721887914.39,60,
1721887915.39,60,
1721887916.893,60,
1721887917.907,75,
1721887918.409,75,
1721887919.41,75,
1721887920.911,75,
1721887921.404,75,
1721887922.402,75,
1721887923.387,67,
1721887924.368,67,
1721887925.354,67,
1721887926.855,67,
1721887928.367,67,
1721887929.849,55,
1721887930.341,55,
